Subject	Session	Trial	ROI_Beta
subj03	session01	0	0.26120034173430157
subj03	session01	1	0.024721628933504197
subj03	session01	2	0.15033461483696423
subj03	session01	3	-0.21266695144525133
subj03	session01	4	0.12541933646589778
subj03	session01	5	-0.04563861597607859
subj03	session01	6	-0.10289050263420194
subj03	session01	7	0.017577958137548064
subj03	session01	8	0.38032179980065506
subj03	session01	9	0.5928136124163462
subj03	session01	10	0.9466310693435852
subj03	session01	11	0.28634344297308845
subj03	session01	12	0.1925402249750819
subj03	session01	13	0.4160871422469031
subj03	session01	14	0.0018467891214580864
subj03	session01	15	0.45449807774455364
subj03	session01	16	0.25002135839384876
subj03	session01	17	-0.04867150790260576
subj03	session01	18	-0.07285490531112061
subj03	session01	19	0.37826285063363235
subj03	session01	20	0.31432721059376334
subj03	session01	21	0.38860316104228965
subj03	session01	22	0.14355973230813046
subj03	session01	23	-0.013048554748682894
subj03	session01	24	0.5554221842517443
subj03	session01	25	0.5491727182115904
subj03	session01	26	0.40627652000569553
subj03	session01	27	-0.16424320091129146
subj03	session01	28	-0.07237647728890789
subj03	session01	29	0.06409369215435001
subj03	session01	30	-0.24680620817314536
subj03	session01	31	-0.08546632493236506
subj03	session01	32	0.059149935924818466
subj03	session01	33	-0.0034443969813470025
subj03	session01	34	0.14372775167307422
subj03	session01	35	-0.024999288053538373
subj03	session01	36	0.33068204471023777
subj03	session01	37	-0.16475010679196925
subj03	session01	38	0.2387726043001566
subj03	session01	39	0.40347714651858174
subj03	session01	40	0.3665627224832693
subj03	session01	41	0.552812188523423
subj03	session01	42	0.32788836679481703
subj03	session01	43	0.09304570696283636
subj03	session01	44	0.3137647728890787
subj03	session01	45	0.734432578670084
subj03	session01	46	0.2464459632635626
subj03	session01	47	0.1938615976078599
subj03	session01	48	0.04788551900897053
subj03	session01	49	0.13147372917556602
subj03	session01	50	-0.16578954862594333
subj03	session01	51	0.020559589918838127
subj03	session01	52	-0.1230400113911434
subj03	session01	53	-0.2605225687028336
subj03	session01	54	0.27901893777587927
subj03	session01	55	0.16509468887939627
subj03	session01	56	0.24525986045849352
subj03	session01	57	0.6230670653566851
subj03	session01	58	0.7941207461198919
subj03	session01	59	0.43701267264701693
subj03	session01	60	0.8100028477858465
subj03	session01	61	0.31900612273956996
subj03	session01	62	0.1229374911006692
subj03	session01	63	0.08739000427167877
subj03	session01	64	0.5527466894489534
subj03	session01	65	0.6958607432721059
subj03	session01	66	0.4461426740709099
subj03	session01	67	0.19733732023351847
subj03	session01	68	-0.34118610280506906
subj03	session01	69	-0.26730884237505337
subj03	session01	70	-0.05557881247330198
subj03	session01	71	0.34117328776875977
subj03	session01	72	0.44185106080022785
subj03	session01	73	0.09634344297308843
subj03	session01	74	0.490028477858465
subj03	session01	75	0.08894062366510036
subj03	session01	76	0.2653096967108073
subj03	session01	77	0.1931325644311548
subj03	session01	78	0.144906735013527
subj03	session01	79	0.026480136693720624
subj03	session01	80	-0.018094831268688612
subj03	session01	81	0.11637334472447672
subj03	session01	82	0.4924348568987612
subj03	session01	83	0.5131297166453083
subj03	session01	84	0.14283639470311832
subj03	session01	85	0.30372205610138114
subj03	session01	86	0.13909867577958135
subj03	session01	87	0.7613526982770896
subj03	session01	88	0.3719564288765485
subj03	session01	89	0.1777815748255731
subj03	session01	90	0.2943200911291471
subj03	session01	91	-0.09696568418054961
subj03	session01	92	-0.1390046988466467
subj03	session01	93	-0.10187811476576962
subj03	session01	94	-0.22415776733589635
subj03	session01	95	-0.29059945892068917
subj03	session01	96	0.07455788124733019
subj03	session01	97	0.4872903317670511
subj03	session01	98	0.4900484123593906
subj03	session01	99	0.4510551046561299
subj03	session01	100	0.005118895059091562
subj03	session01	101	0.32434429730884234
subj03	session01	102	-0.07143386017371496
subj03	session01	103	0.0012145806635341086
subj03	session01	104	0.11561013811761355
subj03	session01	105	0.20116616830414355
subj03	session01	106	0.35473302007689017
subj03	session01	107	0.011839669656841805
subj03	session01	108	0.14286772034742987
subj03	session01	109	0.38643457212017657
subj03	session01	110	-0.05715506193934217
subj03	session01	111	0.7036138402392139
subj03	session01	112	0.11548768332621387
subj03	session01	113	-0.13645023494233233
subj03	session01	114	-0.1368916417485405
subj03	session01	115	0.18896198205894912
subj03	session01	116	0.3065057667663392
subj03	session01	117	0.990028477858465
subj03	session01	118	0.5727509611277232
subj03	session01	119	0.2502078883667948
subj03	session01	120	0.3351402534529403
subj03	session01	121	0.36306848924960844
subj03	session01	122	0.28285632920404385
subj03	session01	123	0.4870454221842517
subj03	session01	124	0.43647159333618113
subj03	session01	125	0.3614181973515591
subj03	session01	126	-0.037553751957852786
subj03	session01	127	0.3274013954150648
subj03	session01	128	-0.16603018652997292
subj03	session01	129	-0.07779438986188242
subj03	session01	130	-0.19473871564858322
subj03	session01	131	0.4157966680905596
subj03	session01	132	0.053494233233660815
subj03	session01	133	0.6274127865584508
subj03	session01	134	0.035079026057240496
subj03	session01	135	0.3726726470169443
subj03	session01	136	0.08808913569699557
subj03	session01	137	0.18600740424320092
subj03	session01	138	0.506770610850064
subj03	session01	139	0.3040310408657269
subj03	session01	140	-0.02978356827566568
subj03	session01	141	0.10532820731880962
subj03	session01	142	0.3509055958991884
subj03	session01	143	0.7178926384735869
subj03	session01	144	0.49154349992880536
subj03	session01	145	-0.06484693151075037
subj03	session01	146	0.3995813754805639
subj03	session01	147	0.14364231809767905
subj03	session01	148	-0.19217286060088282
subj03	session01	149	0.3653965541791257
subj03	session01	150	0.3427153638046419
subj03	session01	151	0.4292011960700555
subj03	session01	152	0.01649152783710661
subj03	session01	153	0.4133518439413357
subj03	session01	154	0.11652570126726469
subj03	session01	155	-0.06837249038872276
subj03	session01	156	-0.1501366937206322
subj03	session01	157	-0.12062793677915423
subj03	session01	158	0.11616403246475865
subj03	session01	159	0.1169841947885519
subj03	session01	160	0.5834985049124307
subj03	session01	161	0.5953737718923537
subj03	session01	162	0.5230471308557597
subj03	session01	163	0.07869856186814753
subj03	session01	164	0.35351131994873985
subj03	session01	165	-0.03902605724049552
subj03	session01	166	0.1112629930229247
subj03	session01	167	-0.10743556884522283
subj03	session01	168	0.18337462622810763
subj03	session01	169	0.46398262850633637
subj03	session01	170	0.5520646447387156
subj03	session01	171	0.21386871707247612
subj03	session01	172	-0.23862594332906165
subj03	session01	173	-0.2827652000569557
subj03	session01	174	0.1419194076605439
subj03	session01	175	0.047550904172006254
subj03	session01	176	-0.1867521002420618
subj03	session01	177	-0.09137690445678484
subj03	session01	178	0.6929859034600598
subj03	session01	179	0.6029147088138972
subj03	session01	180	0.6205709810622241
subj03	session01	181	0.07850633632350847
subj03	session01	182	0.2365313968389577
subj03	session01	183	0.34469172718211594
subj03	session01	184	0.44652570126726476
subj03	session01	185	0.46920689164174856
subj03	session01	186	0.7092666951445252
subj03	session01	187	-0.03154065214295884
subj03	session01	188	0.9867435568845223
subj03	session01	189	0.28329488822440557
subj03	session01	190	0.17005980350277655
subj03	session01	191	0.4475736864587783
subj03	session01	192	0.3997394275950449
subj03	session01	193	0.14426028762637047
subj03	session01	194	-0.235567421329916
subj03	session01	195	-0.10169443257867006
subj03	session01	196	-0.11806350562437705
subj03	session01	197	-0.1857212017656272
subj03	session01	198	0.06580093976932938
subj03	session01	199	0.10740424320091128
subj03	session01	200	0.23332763776164034
subj03	session01	201	0.2772191371208885
subj03	session01	202	0.39848640182258294
subj03	session01	203	0.46597607859888934
subj03	session01	204	0.32235939057382884
subj03	session01	205	0.6573615264132137
subj03	session01	206	0.23309981489392
subj03	session01	207	0.2839683895771038
subj03	session01	208	0.17557596468745548
subj03	session01	209	0.14362238359675353
subj03	session01	210	0.5169970098248612
subj03	session01	211	0.544133561156201
subj03	session01	212	0.2859988608856614
subj03	session01	213	-0.29331482272533105
subj03	session01	214	0.1998148939199772
subj03	session01	215	0.3660558166025914
subj03	session01	216	-0.13767051117755943
subj03	session01	217	-0.1081574825573117
subj03	session01	218	-0.076233803217998
subj03	session01	219	0.15644169158479282
subj03	session01	220	-0.4403588210166596
subj03	session01	221	0.24918553324789972
subj03	session01	222	0.1455019222554464
subj03	session01	223	0.09884664673216575
subj03	session01	224	0.110637904029617
subj03	session01	225	0.21795386586928664
subj03	session01	226	0.3962380748967677
subj03	session01	227	0.30951018083440124
subj03	session01	228	0.8636807632066068
subj03	session01	229	0.854817029759362
subj03	session01	230	-0.14704257439840526
subj03	session01	231	-0.17485120318952013
subj03	session01	232	0.24286487256158334
subj03	session01	233	0.5390232094546491
subj03	session01	234	0.6932692581517869
subj03	session01	235	0.5155916275096113
subj03	session01	236	0.5037220561013812
subj03	session01	237	0.26820874270254874
subj03	session01	238	0.08131710095400826
subj03	session01	239	-0.12226256585504772
subj03	session01	240	-0.3059561440979638
subj03	session01	241	0.17108215862167164
subj03	session01	242	-0.13424604869713802
subj03	session01	243	0.07637761640324649
subj03	session01	244	-0.35023351843941336
subj03	session01	245	0.0029289477431297117
subj03	session01	246	-0.007714651858180254
subj03	session01	247	0.12013384593478571
subj03	session01	248	0.48099387726043
subj03	session01	249	0.3693706393279225
subj03	session01	250	0.15221415349565715
subj03	session01	251	0.02090417200626513
subj03	session01	252	-0.038529118610280494
subj03	session01	253	-0.29433005837960985
subj03	session01	254	-0.013239356400398711
subj03	session01	255	0.1989278086287911
subj03	session01	256	0.3888580378755518
subj03	session01	257	0.7555261284351416
subj03	session01	258	0.4551502207034031
subj03	session01	259	0.4726327780150933
subj03	session01	260	0.5655403673643742
subj03	session01	261	0.6927538089135697
subj03	session01	262	0.436058664388438
subj03	session01	263	0.28637904029616973
subj03	session01	264	-0.17799800654990744
subj03	session01	265	-0.014815605866438845
subj03	session01	266	-0.19344724476719352
subj03	session01	267	-0.04769898903602448
subj03	session01	268	0.07842659831980636
subj03	session01	269	-0.13072191371208886
subj03	session01	270	-0.11750961127723196
subj03	session01	271	-0.17538658692866294
subj03	session01	272	-0.3395728321230243
subj03	session01	273	-0.17909582799373486
subj03	session01	274	-0.0018966253737718853
subj03	session01	275	0.015960415776733596
subj03	session01	276	0.29090559589918835
subj03	session01	277	0.2853353267834259
subj03	session01	278	0.6607646304997865
subj03	session01	279	0.6847216289335042
subj03	session01	280	0.404087996582657
subj03	session01	281	0.6589491670226398
subj03	session01	282	0.29545208600313255
subj03	session01	283	0.37490531112060377
subj03	session01	284	0.6946632493236508
subj03	session01	285	0.3161170439982914
subj03	session01	286	0.06410223551188948
subj03	session01	287	-0.23457212017656276
subj03	session01	288	-0.0395799515876406
subj03	session01	289	-0.11882671223124022
subj03	session01	290	0.4143813185248469
subj03	session01	291	0.3316175423608145
subj03	session01	292	0.1839142816460202
subj03	session01	293	0.11463334757226257
subj03	session01	294	0.1635241349850491
subj03	session01	295	0.01848640182258294
subj03	session01	296	-0.10970383027196356
subj03	session01	297	-0.15526982770895625
subj03	session01	298	0.02814893919977218
subj03	session01	299	0.12414637619251032
subj03	session01	300	0.8555745407945323
subj03	session01	301	0.5186658123309127
subj03	session01	302	0.5924590630784565
subj03	session01	303	0.006482984479567129
subj03	session01	304	-0.17738858037875552
subj03	session01	305	0.08177986615406524
subj03	session01	306	0.26768047842802223
subj03	session01	307	0.001365513313398835
subj03	session01	308	0.288046418909298
subj03	session01	309	0.7531510750391571
subj03	session01	310	0.4517471166168304
subj03	session01	311	-0.049655417912572976
subj03	session01	312	-0.25699985761070765
subj03	session01	313	0.25566994162039014
subj03	session01	314	0.16331767051117754
subj03	session01	315	0.3297223408799659
subj03	session01	316	0.4743642318097679
subj03	session01	317	-0.3182941762779439
subj03	session01	318	-0.4653595329631212
subj03	session01	319	-0.06012957425601594
subj03	session01	320	0.003897194930941206
subj03	session01	321	0.2914153495657127
subj03	session01	322	0.08685462053253595
subj03	session01	323	0.14593763348996153
subj03	session01	324	-0.282602876263705
subj03	session01	325	-0.058439413356115626
subj03	session01	326	0.2988452228392425
subj03	session01	327	0.5150106791969243
subj03	session01	328	0.5855218567563718
subj03	session01	329	0.3558279937348711
subj03	session01	330	0.5258735583084152
subj03	session01	331	0.7100441406806208
subj03	session01	332	0.5437163605296882
subj03	session01	333	0.45540936921543496
subj03	session01	334	0.1544240353125445
subj03	session01	335	0.2976007404243201
subj03	session01	336	0.151298590346006
subj03	session01	337	0.20295173002990174
subj03	session01	338	0.5482158621671651
subj03	session01	339	0.4961540652142959
subj03	session01	340	0.3517456927239072
subj03	session01	341	0.610496938630215
subj03	session01	342	0.2117229104371351
subj03	session01	343	0.20937918268546205
subj03	session01	344	-0.20608144667521006
subj03	session01	345	-0.1346205325359533
subj03	session01	346	-0.12613555460629358
subj03	session01	347	0.04578242916132709
subj03	session01	348	0.1947273245051972
subj03	session01	349	0.24056670938345434
subj03	session01	350	-0.03513028620247759
subj03	session01	351	-0.2575238502064645
subj03	session01	352	-0.08879111490815893
subj03	session01	353	0.08503203759077316
subj03	session01	354	0.19553609568560448
subj03	session01	355	-0.06146660971094973
subj03	session01	356	0.5061953581090702
subj03	session01	357	0.33885803787555174
subj03	session01	358	0.22125444966538518
subj03	session01	359	0.10800654990744697
subj03	session01	360	0.3167179268119037
subj03	session01	361	0.08894489534387015
subj03	session01	362	0.2757169300868575
subj03	session01	363	0.32811049409084436
subj03	session01	364	0.6053595329631212
subj03	session01	365	0.31301010963975506
subj03	session01	366	-0.03483411647444113
subj03	session01	367	0.009310835825145955
subj03	session01	368	0.33887370069770756
subj03	session01	369	-0.15484408372490388
subj03	session01	370	-0.24416203901466613
subj03	session01	371	0.10896767763064218
subj03	session01	372	0.0247899757938203
subj03	session01	373	0.199198348284209
subj03	session01	374	0.17736864587783
subj03	session01	375	0.4655489107219137
subj03	session01	376	0.47105225687028335
subj03	session01	377	0.21421045137405667
subj03	session01	378	0.2722283924248896
subj03	session01	379	0.06282073188096257
subj03	session01	380	0.06776875978926383
subj03	session01	381	0.341964972234088
subj03	session01	382	0.4016673786131283
subj03	session01	383	-0.09569699558593195
subj03	session01	384	0.45028762637049696
subj03	session01	385	0.7819094404100811
subj03	session01	386	0.32237790118183113
subj03	session01	387	0.25872846361953583
subj03	session01	388	-0.046529972946034476
subj03	session01	389	-0.01948455076178273
subj03	session01	390	-0.3060899900327495
subj03	session01	391	-0.22140395842232666
subj03	session01	392	0.09906592624234656
subj03	session01	393	-0.2904143528406664
subj03	session01	394	0.4686700840096825
subj03	session01	395	0.7075523280649295
subj03	session01	396	0.22786131282927521
subj03	session01	397	0.43936067207745977
subj03	session01	398	1.0799202619962978
subj03	session01	399	0.7708344012530257
subj03	session01	400	0.12387583653709242
subj03	session01	401	0.17737861312829276
subj03	session01	402	0.1550234942332337
subj03	session01	403	-0.009970098248611699
subj03	session01	404	-0.17123878684322938
subj03	session01	405	-0.07557596468745549
subj03	session01	406	0.34099672504627654
subj03	session01	407	0.47562295315392283
subj03	session01	408	0.2313954150647871
subj03	session01	409	0.2401438131852485
subj03	session01	410	-0.04707959561440981
subj03	session01	411	0.055264132137263264
subj03	session01	412	0.0005724049551473926
subj03	session01	413	0.08621671650291896
subj03	session01	414	0.3298547629218283
subj03	session01	415	0.2706080022782287
subj03	session01	416	0.5037932507475438
subj03	session01	417	0.2831411077886943
subj03	session01	418	-0.06409226826142674
subj03	session01	419	-0.1376705111775595
subj03	session01	420	-0.35752812188523425
subj03	session01	421	0.4661127723195216
subj03	session01	422	0.5561569130001424
subj03	session01	423	0.6147785846504343
subj03	session01	424	-0.08802648440837248
subj03	session01	425	-0.24120318952014808
subj03	session01	426	0.04447102377901184
subj03	session01	427	-0.05877402819307987
subj03	session01	428	-0.2697337320233519
subj03	session01	429	0.35463192367933927
subj03	session01	430	0.973760501210309
subj03	session01	431	0.4554720205040581
subj03	session01	432	0.6836252313826
subj03	session01	433	0.479893208030756
subj03	session01	434	0.13894347145094688
subj03	session01	435	0.2595415064787128
subj03	session01	436	0.21417343015805212
subj03	session01	437	-0.033757653424462485
subj03	session01	438	0.11157909725188668
subj03	session01	439	-0.0018553324789975674
subj03	session01	440	0.2730129574256016
subj03	session01	441	0.45785561725758217
subj03	session01	442	0.4177089562864873
subj03	session01	443	0.24387868432293894
subj03	session01	444	0.539169870425744
subj03	session01	445	0.4907831411077887
subj03	session01	446	0.048160330343158184
subj03	session01	447	0.2548027908301296
subj03	session01	448	0.37182827851345573
subj03	session01	449	0.5336907304570696
subj03	session01	450	0.7481788409511605
subj03	session01	451	0.6211618966253738
subj03	session01	452	0.4214181973515592
subj03	session01	453	0.4906706535668517
subj03	session01	454	0.2659988608856614
subj03	session01	455	0.2855574540794532
subj03	session01	456	-0.2710793108358252
subj03	session01	457	-0.23049693863021503
subj03	session01	458	-0.08016374768617401
subj03	session01	459	-0.23483126868859464
subj03	session01	460	-0.0658265698419479
subj03	session01	461	-0.2083924248896483
subj03	session01	462	-0.28693008685746835
subj03	session01	463	-0.15905738288480706
subj03	session01	464	0.2786302150078314
subj03	session01	465	0.4087825715506194
subj03	session01	466	0.4241278655845081
subj03	session01	467	0.4983610992453368
subj03	session01	468	0.1269898903602449
subj03	session01	469	-0.32011818311262996
subj03	session01	470	0.026757795813754807
subj03	session01	471	0.2206934358536238
subj03	session01	472	0.31082728178840957
subj03	session01	473	-0.019691015235654273
subj03	session01	474	0.4546675210024206
subj03	session01	475	0.4592254022497508
subj03	session01	476	0.25479424747259005
subj03	session01	477	0.3159191228819593
subj03	session01	478	0.14520148084864018
subj03	session01	479	0.716962836394703
subj03	session01	480	0.08562580093976932
subj03	session01	481	-0.037602164317243336
subj03	session01	482	0.3925032037590773
subj03	session01	483	0.4407532393564004
subj03	session01	484	0.3009055958991884
subj03	session01	485	0.25535241349850496
subj03	session01	486	0.4321714367079596
subj03	session01	487	0.5494005410793108
subj03	session01	488	0.06338744126441692
subj03	session01	489	-0.005808059233945606
subj03	session01	490	-0.3064545066211021
subj03	session01	491	-0.24153922825003557
subj03	session01	492	0.22183824576391858
subj03	session01	493	-0.14723195215719778
subj03	session01	494	-0.11147657696141251
subj03	session01	495	-0.09208885091841092
subj03	session01	496	0.49465755375195786
subj03	session01	497	0.43918553324789983
subj03	session01	498	0.5493549765057667
subj03	session01	499	0.38746119891784137
subj03	session01	500	0.5207802933219421
subj03	session01	501	0.6185362380748968
subj03	session01	502	0.06661255873558311
subj03	session01	503	0.1494674640467037
subj03	session01	504	0.2477174996440268
subj03	session01	505	0.3314651858180265
subj03	session01	506	0.06817599316531398
subj03	session01	507	0.30539513028620247
subj03	session01	508	0.11501495087569415
subj03	session01	509	-0.3218966253737719
subj03	session01	510	-0.17729175565997438
subj03	session01	511	0.1708543357539513
subj03	session01	512	0.08206179695286915
subj03	session01	513	0.6622953153922825
subj03	session01	514	0.08830841520717642
subj03	session01	515	-0.001191798376762064
subj03	session01	516	0.08011106364801368
subj03	session01	517	0.2469813470027054
subj03	session01	518	0.3866709383454364
subj03	session01	519	0.43163035739712374
subj03	session01	520	0.19593478570411507
subj03	session01	521	0.16692581517869856
subj03	session01	522	0.16359960130998147
subj03	session01	523	-0.022236935782429162
subj03	session01	524	0.2838017941050833
subj03	session01	525	0.400005695571693
subj03	session01	526	0.32929659689591345
subj03	session01	527	0.15929374911006697
subj03	session01	528	0.14389577103801793
subj03	session01	529	-0.241586216716503
subj03	session01	530	-0.034547913996867456
subj03	session01	531	0.229164174854051
subj03	session01	532	0.4669642602876264
subj03	session01	533	0.3878129004698846
subj03	session01	534	0.2307859888936352
subj03	session01	535	0.5893108358251459
subj03	session01	536	0.34892780862879114
subj03	session01	537	0.35427310266267975
subj03	session01	538	-0.13887227680478428
subj03	session01	539	-0.28943044283069913
subj03	session01	540	-0.43603872988751247
subj03	session01	541	0.300660686316389
subj03	session01	542	0.5579168446532822
subj03	session01	543	0.4444596326356258
subj03	session01	544	0.2292054677488253
subj03	session01	545	0.11210451374056674
subj03	session01	546	-0.25663961270112484
subj03	session01	547	-0.134889648298448
subj03	session01	548	0.3396240922682614
subj03	session01	549	0.6530442830699131
subj03	session01	550	0.44363804641890925
subj03	session01	551	0.23521429588494944
subj03	session01	552	-0.07283354691727181
subj03	session01	553	-0.24751673074184818
subj03	session01	554	0.09142958849494519
subj03	session01	555	0.06968389577103802
subj03	session01	556	0.24641036594048124
subj03	session01	557	0.6919607005553183
subj03	session01	558	0.11371351274384169
subj03	session01	559	0.1538402392140111
subj03	session01	560	-0.16452086003132563
subj03	session01	561	0.43556172575822294
subj03	session01	562	0.061852484693151084
subj03	session01	563	0.25604157767335894
subj03	session01	564	0.37018795386586933
subj03	session01	565	0.17866438843798946
subj03	session01	566	0.10935212871992027
subj03	session01	567	-0.13840808771180407
subj03	session01	568	0.1565200056955717
subj03	session01	569	-0.05952014808486401
subj03	session01	570	0.001825430727609299
subj03	session01	571	0.0749565712658408
subj03	session01	572	0.7160202192795102
subj03	session01	573	0.6113000142389292
subj03	session01	574	0.5025402249750819
subj03	session01	575	0.2612800797380037
subj03	session01	576	0.06713227965257014
subj03	session01	577	0.3073273529830556
subj03	session01	578	0.003180976790545323
subj03	session01	579	0.533280649295173
subj03	session01	580	0.243585362380749
subj03	session01	581	0.321479424747259
subj03	session01	582	-0.04919834828420901
subj03	session01	583	0.5835996013099815
subj03	session01	584	-0.05087711804072336
subj03	session01	585	0.6294532251174713
subj03	session01	586	0.16176562722483268
subj03	session01	587	-0.20915420760358822
subj03	session01	588	0.11866581233091272
subj03	session01	589	0.15883810337462625
subj03	session01	590	-0.041030898476434575
subj03	session01	591	0.04331909440410081
subj03	session01	592	0.08812188523423038
subj03	session01	593	-0.20549907446959986
subj03	session01	594	0.3646433148227253
subj03	session01	595	0.5652256870283354
subj03	session01	596	0.12517585077602164
subj03	session01	597	0.2287412786558451
subj03	session01	598	0.42456215292609994
subj03	session01	599	0.4133959846219564
subj03	session01	600	0.09568845222839245
subj03	session01	601	-0.16247330200768903
subj03	session01	602	-0.18485974654705967
subj03	session01	603	0.29222269685319663
subj03	session01	604	0.4354848355403674
subj03	session01	605	0.3640481275808059
subj03	session01	606	0.5256101381176136
subj03	session01	607	0.5947857041150506
subj03	session01	608	0.026265128862309556
subj03	session01	609	0.15592481845365228
subj03	session01	610	-0.2791841093549765
subj03	session01	611	-0.3579809198348284
subj03	session01	612	-0.013581090701979213
subj03	session01	613	-0.1113569699558593
subj03	session01	614	0.2861241634629076
subj03	session01	615	0.5758094831268689
subj03	session01	616	0.35684607717499645
subj03	session01	617	0.25063363235084724
subj03	session01	618	0.12063078456500073
subj03	session01	619	-0.044012530257724586
subj03	session01	620	0.11161611846789124
subj03	session01	621	0.32979780720489815
subj03	session01	622	0.9441221700128151
subj03	session01	623	0.7642602876263704
subj03	session01	624	0.42081731453794674
subj03	session01	625	0.46228250035597324
subj03	session01	626	0.41152641321372635
subj03	session01	627	0.4989164174854051
subj03	session01	628	0.34862594332906166
subj03	session01	629	0.30978783995443543
subj03	session01	630	0.267035454933789
subj03	session01	631	0.21503630926954292
subj03	session01	632	0.4440196497223409
subj03	session01	633	0.06689021785561726
subj03	session01	634	0.17674925245621526
subj03	session01	635	0.2284166310693436
subj03	session01	636	-0.07125302577246191
subj03	session01	637	0.16957852769471737
subj03	session01	638	0.2046233803217998
subj03	session01	639	0.065415064787128
subj03	session01	640	-0.026279367791542073
subj03	session01	641	0.11198775452086002
subj03	session01	642	0.3141150505481988
subj03	session01	643	0.04696568418054962
subj03	session01	644	0.23858465043428734
subj03	session01	645	0.3667891214580664
subj03	session01	646	0.2951886658123309
subj03	session01	647	0.37047130855759647
subj03	session01	648	-0.05706393279225401
subj03	session01	649	0.3616104228961982
subj03	session01	650	0.3402833546917272
subj03	session01	651	-0.07240353125444968
subj03	session01	652	-0.13685319663961268
subj03	session01	653	-0.1328492097394276
subj03	session01	654	0.2805681332763776
subj03	session01	655	0.31459490246333477
subj03	session01	656	0.1910992453367507
subj03	session01	657	-0.07557169300868576
subj03	session01	658	0.22392994446817596
subj03	session01	659	0.5105083297736009
subj03	session01	660	0.13218140395842234
subj03	session01	661	0.591292894774313
subj03	session01	662	0.8071052256870282
subj03	session01	663	-0.19803217998006548
subj03	session01	664	0.06120461341307134
subj03	session01	665	0.21032891926527125
subj03	session01	666	0.4522426313541222
subj03	session01	667	-0.000116759219706669
subj03	session01	668	-0.07887797237647728
subj03	session01	669	0.09244482414922399
subj03	session01	670	-0.06538801082158621
subj03	session01	671	0.031537804357112315
subj03	session01	672	-0.14482272533105509
subj03	session01	673	0.16814181973515593
subj03	session01	674	0.5375067634913854
subj03	session01	675	0.8361996297878399
subj03	session01	676	0.6184778584650436
subj03	session01	677	-0.15479567136551334
subj03	session01	678	0.0669542930371636
subj03	session01	679	0.12462195642887655
subj03	session01	680	0.2836651003844511
subj03	session01	681	0.22632778015093266
subj03	session01	682	0.5578342588637334
subj03	session01	683	0.08186814751530681
subj03	session01	684	0.33239783568275666
subj03	session01	685	0.16768759789263846
subj03	session01	686	0.014295884949451785
subj03	session01	687	0.13367791542076035
subj03	session01	688	0.16089135696995588
subj03	session01	689	-0.5024804214723052
subj03	session01	690	-0.031402534529403385
subj03	session01	691	0.13339313683610993
subj03	session01	692	-0.15588494945180126
subj03	session01	693	-0.13742844938060655
subj03	session01	694	0.34663391712943187
subj03	session01	695	0.3479880392994447
subj03	session01	696	0.6227737434144953
subj03	session01	697	0.18774170582372204
subj03	session01	698	0.660548198775452
subj03	session01	699	0.2804670368788267
subj03	session01	700	0.09730741848213013
subj03	session01	701	-0.45196212444824146
subj03	session01	702	0.08903175281218852
subj03	session01	703	0.3326811903744838
subj03	session01	704	-0.09206037305994587
subj03	session01	705	-0.006733589634059535
subj03	session01	706	0.18242916132706818
subj03	session01	707	0.7950548198775452
subj03	session01	708	0.6547842802221272
subj03	session01	709	0.04814893919977215
subj03	session01	710	0.7995742560159476
subj03	session01	711	0.0054264559305140314
subj03	session01	712	-0.08810622241207465
subj03	session01	713	-0.28171151929374905
subj03	session01	714	-0.4037305994589207
subj03	session01	715	-0.4656984194788551
subj03	session01	716	-0.3337192083155347
subj03	session01	717	0.21109070197921118
subj03	session01	718	0.5173501352698278
subj03	session01	719	0.3946903032891927
subj03	session01	720	0.4968688594617685
subj03	session01	721	0.30975651431012385
subj03	session01	722	0.5820860031325644
subj03	session01	723	0.7470838672931795
subj03	session01	724	0.21789121458066352
subj03	session01	725	-0.08040296169728038
subj03	session01	726	-0.04429446105652854
subj03	session01	727	-0.07585362380748968
subj03	session01	728	0.46842802221272967
subj03	session01	729	0.14295600170867148
subj03	session01	730	0.15948170297593622
subj03	session01	731	-0.0699401964972234
subj03	session01	732	0.7206905880677773
subj03	session01	733	0.5696055816602592
subj03	session01	734	0.2706080022782287
subj03	session01	735	0.30702691157624945
subj03	session01	736	0.19806920119607002
subj03	session01	737	-0.1193208030756087
subj03	session01	738	-0.376883098391001
subj03	session01	739	-0.23585219991456643
subj03	session01	740	0.10835255588779717
subj03	session01	741	-0.27634771465185815
subj03	session01	742	0.16066068631638902
subj03	session01	743	0.5382785134557881
subj03	session01	744	0.21854620532535954
subj03	session01	745	0.8489292325217145
subj03	session01	746	0.6011433860173715
subj03	session01	747	0.6769614125017799
subj03	session01	748	1.1259362095970382
subj03	session01	749	0.07357824291613271
subj03	session02	0	0.8610394418339741
subj03	session02	1	0.5880250605154493
subj03	session02	2	-0.002890502634201926
subj03	session02	3	0.2774668944895344
subj03	session02	4	0.24350277659120032
subj03	session02	5	-0.3167577958137548
subj03	session02	6	-0.13671650291898052
subj03	session02	7	0.06300726185390859
subj03	session02	8	0.5116987042574398
subj03	session02	9	0.5398803929944469
subj03	session02	10	0.502010536807632
subj03	session02	11	0.3079410508329774
subj03	session02	12	0.20231097821443825
subj03	session02	13	-0.3902463334757227
subj03	session02	14	0.28967677630642175
subj03	session02	15	0.5700455645735442
subj03	session02	16	1.181167592197067
subj03	session02	17	1.0665071906592625
subj03	session02	18	0.7378015093264986
subj03	session02	19	0.3999615548910722
subj03	session02	20	-0.18249893208030757
subj03	session02	21	0.301208885091841
subj03	session02	22	-0.1349508756941478
subj03	session02	23	0.3409867577958138
subj03	session02	24	0.004977929659689593
subj03	session02	25	0.23085433575395134
subj03	session02	26	-0.1023252171436708
subj03	session02	27	0.02648725615833689
subj03	session02	28	0.28765484835540367
subj03	session02	29	0.3046034458208743
subj03	session02	30	0.01842802221272961
subj03	session02	31	-0.0426285063363235
subj03	session02	32	0.08401253025772461
subj03	session02	33	0.4201865299729461
subj03	session02	34	-0.004510892780862892
subj03	session02	35	0.5266267976648156
subj03	session02	36	0.06014096539940194
subj03	session02	37	0.14644738715648584
subj03	session02	38	0.09114053823152495
subj03	session02	39	-0.07498220133845933
subj03	session02	40	-0.013667948170297607
subj03	session02	41	0.52017513882956
subj03	session02	42	0.4932906165456358
subj03	session02	43	0.3332436280791685
subj03	session02	44	0.03682329488822438
subj03	session02	45	0.37088850918410937
subj03	session02	46	0.19465328207318813
subj03	session02	47	0.7562252598604584
subj03	session02	48	0.4775153068489249
subj03	session02	49	0.328560444254592
subj03	session02	50	0.3857539513028621
subj03	session02	51	0.14114908158906453
subj03	session02	52	0.23772461910864304
subj03	session02	53	0.2008514879681048
subj03	session02	54	0.5012558735583085
subj03	session02	55	0.6545308272817885
subj03	session02	56	0.7703872988751247
subj03	session02	57	0.03919122881959276
subj03	session02	58	0.08766908728463617
subj03	session02	59	0.22491812615691298
subj03	session02	60	0.1489092980207888
subj03	session02	61	0.8684849779296596
subj03	session02	62	-0.010051260145237079
subj03	session02	63	0.5770767478285632
subj03	session02	64	0.251959276662395
subj03	session02	65	0.08862024775736865
subj03	session02	66	0.49539513028620247
subj03	session02	67	0.21025487683326216
subj03	session02	68	0.16715506193934218
subj03	session02	69	0.36299729460344576
subj03	session02	70	0.4739726612558736
subj03	session02	71	0.38392424889648297
subj03	session02	72	-0.490474156343443
subj03	session02	73	0.23540082585789546
subj03	session02	74	0.40799943044283077
subj03	session02	75	0.46965968959134274
subj03	session02	76	0.5610522568702833
subj03	session02	77	0.10624519436138401
subj03	session02	78	0.2991385447814324
subj03	session02	79	0.3412786558450805
subj03	session02	80	0.5241449522995871
subj03	session02	81	0.5536223835967536
subj03	session02	82	-0.030666381888082038
subj03	session02	83	0.3747102377901182
subj03	session02	84	0.41723479994304424
subj03	session02	85	0.39602164317243344
subj03	session02	86	0.010368788267122316
subj03	session02	87	-0.18952299587071053
subj03	session02	88	-0.15590346005980352
subj03	session02	89	0.3557340168019365
subj03	session02	90	0.42596895913427313
subj03	session02	91	0.05464473871564859
subj03	session02	92	0.5865114623380323
subj03	session02	93	-0.060801651715790966
subj03	session02	94	-0.21447102377901178
subj03	session02	95	0.30186102805069054
subj03	session02	96	-0.27889648298447955
subj03	session02	97	0.38027908301295743
subj03	session02	98	0.46021216004556464
subj03	session02	99	0.48946746404670366
subj03	session02	100	0.16771892353695003
subj03	session02	101	0.29686458778299873
subj03	session02	102	0.17637761640324648
subj03	session02	103	0.27392852057525274
subj03	session02	104	0.12615548910721916
subj03	session02	105	0.1815506193934216
subj03	session02	106	0.4391570553894348
subj03	session02	107	0.6693848782571551
subj03	session02	108	0.7948312686885947
subj03	session02	109	0.6172931795528976
subj03	session02	110	-0.00722910437135128
subj03	session02	111	-0.07024490958279937
subj03	session02	112	0.5873188096255162
subj03	session02	113	0.27034173430158054
subj03	session02	114	0.5663121173287768
subj03	session02	115	0.08331767051117758
subj03	session02	116	0.28707817172148653
subj03	session02	117	-0.07340025630072618
subj03	session02	118	-0.18987612131567705
subj03	session02	119	0.009010394418339753
subj03	session02	120	0.19777160757511042
subj03	session02	121	0.0060643599601309705
subj03	session02	122	0.18958279937348713
subj03	session02	123	0.4749480279083014
subj03	session02	124	0.13095970383027195
subj03	session02	125	0.32109070197921113
subj03	session02	126	0.08308984764345721
subj03	session02	127	0.48751957852769473
subj03	session02	128	0.23066068631638903
subj03	session02	129	0.3411305709810622
subj03	session02	130	0.20593763348996155
subj03	session02	131	0.37756941478000855
subj03	session02	132	0.5054976505766767
subj03	session02	133	-0.01826854620532537
subj03	session02	134	-0.15552755232806495
subj03	session02	135	0.08687455503346146
subj03	session02	136	0.06259148512031894
subj03	session02	137	0.5039270966823296
subj03	session02	138	0.2916588352555888
subj03	session02	139	0.3473259290901324
subj03	session02	140	0.286250889933077
subj03	session02	141	0.020244909582799387
subj03	session02	142	0.44366510038445106
subj03	session02	143	0.18326213868717073
subj03	session02	144	0.6094005410793107
subj03	session02	145	0.18960842944610565
subj03	session02	146	0.8189747970952586
subj03	session02	147	0.534110778869429
subj03	session02	148	0.4969870425743984
subj03	session02	149	0.7296426028762638
subj03	session02	150	0.26103659404812757
subj03	session02	151	0.06998718496369073
subj03	session02	152	0.2970041292894774
subj03	session02	153	-0.022259718069201153
subj03	session02	154	0.018761213156770616
subj03	session02	155	0.04238929232521714
subj03	session02	156	-0.027673358963405965
subj03	session02	157	0.09251601879538661
subj03	session02	158	0.26351986330627936
subj03	session02	159	0.4192894774312972
subj03	session02	160	0.15390289050263423
subj03	session02	161	0.12607290331767051
subj03	session02	162	-0.4661384023921401
subj03	session02	163	-0.048637334472447655
subj03	session02	164	0.20560444254592056
subj03	session02	165	0.5971550619393422
subj03	session02	166	0.46515306848924953
subj03	session02	167	-0.0022910437135127545
subj03	session02	168	0.19922397835682756
subj03	session02	169	0.35603872988751245
subj03	session02	170	0.2271650291898049
subj03	session02	171	-0.06080165171579094
subj03	session02	172	0.5349380606578386
subj03	session02	173	-0.06831980635056245
subj03	session02	174	-0.09541933646589776
subj03	session02	175	0.23458778299871852
subj03	session02	176	0.40295600170867146
subj03	session02	177	0.4776804784280222
subj03	session02	178	0.4538644453937064
subj03	session02	179	0.11652854905311122
subj03	session02	180	0.20622953153922824
subj03	session02	181	0.6897565143101239
subj03	session02	182	0.1873999715221415
subj03	session02	183	0.4266296454506621
subj03	session02	184	0.003146803360387296
subj03	session02	185	0.013964117898334056
subj03	session02	186	0.12469030328919269
subj03	session02	187	0.5265370924106507
subj03	session02	188	0.8517043998291329
subj03	session02	189	0.7465641463761924
subj03	session02	190	0.2699174142104514
subj03	session02	191	-0.052256870283354656
subj03	session02	192	0.1852214153495657
subj03	session02	193	0.07357681902320944
subj03	session02	194	0.15526840381603302
subj03	session02	195	0.6265769614125017
subj03	session02	196	0.4128079168446533
subj03	session02	197	0.6690844368503489
subj03	session02	198	0.6707390004271679
subj03	session02	199	0.22819023209454647
subj03	session02	200	0.5100284778584651
subj03	session02	201	0.3938786843229389
subj03	session02	202	0.3143457212017656
subj03	session02	203	0.3882642745265556
subj03	session02	204	0.37407233376050125
subj03	session02	205	-0.06811761355546062
subj03	session02	206	0.10412074611989178
subj03	session02	207	-0.013128292752385015
subj03	session02	208	-0.09715648583226538
subj03	session02	209	0.015201480848640161
subj03	session02	210	-0.0007076747828563367
subj03	session02	211	-0.2575338174569272
subj03	session02	212	-0.05958279937348712
subj03	session02	213	0.13437419906023068
subj03	session02	214	0.43662252598604584
subj03	session02	215	0.21207176420333193
subj03	session02	216	0.26680336038729896
subj03	session02	217	0.2505111775594475
subj03	session02	218	0.13705966111348422
subj03	session02	219	0.35954720205040586
subj03	session02	220	0.35194503773316244
subj03	session02	221	0.38806635341022355
subj03	session02	222	0.8972618539085861
subj03	session02	223	0.4045493378897907
subj03	session02	224	0.36612273956998437
subj03	session02	225	0.7960316104228962
subj03	session02	226	0.8600526840381603
subj03	session02	227	0.47906450234942344
subj03	session02	228	0.5209383454364231
subj03	session02	229	-0.11883952726754947
subj03	session02	230	-0.34056670938345435
subj03	session02	231	0.5017684750106791
subj03	session02	232	0.07331767051117755
subj03	session02	233	-0.25181119179837674
subj03	session02	234	0.04124590630784563
subj03	session02	235	0.7215434999288053
subj03	session02	236	1.0645763918553324
subj03	session02	237	0.4597550904172006
subj03	session02	238	-0.13531539228250036
subj03	session02	239	0.1436679481702976
subj03	session02	240	-0.10502491812615691
subj03	session02	241	-0.08398547629218282
subj03	session02	242	-0.07066068631638901
subj03	session02	243	-0.11144525131710095
subj03	session02	244	-0.0616702263989748
subj03	session02	245	0.2297921116332052
subj03	session02	246	0.03394845507617826
subj03	session02	247	0.2748326925815178
subj03	session02	248	0.6307247614979353
subj03	session02	249	0.4257155061939342
subj03	session02	250	0.4068389577103802
subj03	session02	251	0.5579609853339029
subj03	session02	252	0.6147700412928947
subj03	session02	253	0.46066922967392854
subj03	session02	254	0.6287939626940054
subj03	session02	255	0.17604300156628222
subj03	session02	256	0.025128862309554315
subj03	session02	257	-0.1496283639470312
subj03	session02	258	0.08645593051402535
subj03	session02	259	0.1828264274526556
subj03	session02	260	0.2969073045706963
subj03	session02	261	-0.06159618396696568
subj03	session02	262	0.09283497081019507
subj03	session02	263	0.06807347287483982
subj03	session02	264	0.24167876975651426
subj03	session02	265	0.22292040438559016
subj03	session02	266	-0.004443969813470028
subj03	session02	267	0.4453495657126584
subj03	session02	268	0.5845208600313256
subj03	session02	269	0.18722198490673506
subj03	session02	270	0.9022668375338174
subj03	session02	271	0.5677943898618824
subj03	session02	272	0.14794959419051687
subj03	session02	273	0.4045493378897907
subj03	session02	274	0.31935924818453654
subj03	session02	275	0.4277573686458778
subj03	session02	276	0.3732564431154777
subj03	session02	277	0.4142204186245194
subj03	session02	278	0.06625231382600028
subj03	session02	279	-0.050971094973658
subj03	session02	280	0.5467008400968247
subj03	session02	281	0.40657980919834824
subj03	session02	282	0.3643642318097679
subj03	session02	283	0.5709312259718069
subj03	session02	284	0.5730827281788409
subj03	session02	285	0.5976505766766339
subj03	session02	286	0.48449665385163027
subj03	session02	287	0.3463206606863164
subj03	session02	288	0.11245621529260999
subj03	session02	289	0.059000427167876957
subj03	session02	290	-0.06581375480563861
subj03	session02	291	-0.20290616545635767
subj03	session02	292	-0.08223266410365938
subj03	session02	293	0.07376192510323223
subj03	session02	294	0.19187526697992308
subj03	session02	295	0.06718781147657693
subj03	session02	296	0.27195500498362524
subj03	session02	297	-0.0489221130570981
subj03	session02	298	-0.7073629503061369
subj03	session02	299	0.6942887654848355
subj03	session02	300	0.7203531254449665
subj03	session02	301	0.7414295884949452
subj03	session02	302	0.5245635768190232
subj03	session02	303	0.6452541648868005
subj03	session02	304	-0.13416488680051258
subj03	session02	305	-0.10254876833262136
subj03	session02	306	0.5005894916702265
subj03	session02	307	0.8185704115050548
subj03	session02	308	1.3283041435284066
subj03	session02	309	0.41820589491670224
subj03	session02	310	0.036484408372490375
subj03	session02	311	0.12156485832265418
subj03	session02	312	-0.31429161327068206
subj03	session02	313	0.04318382457639185
subj03	session02	314	0.10504485262708248
subj03	session02	315	0.08007973800370209
subj03	session02	316	0.32291186102805064
subj03	session02	317	0.3265926242346575
subj03	session02	318	0.26354264559305135
subj03	session02	319	0.47809340737576533
subj03	session02	320	0.4207105225687028
subj03	session02	321	0.17067492524562153
subj03	session02	322	0.24469742275380893
subj03	session02	323	0.0018168873700697785
subj03	session02	324	0.32028620247757367
subj03	session02	325	0.07788694290189377
subj03	session02	326	0.6549152783710666
subj03	session02	327	0.8440794532251175
subj03	session02	328	0.19676918695714085
subj03	session02	329	0.6990132422041863
subj03	session02	330	0.5940766054392709
subj03	session02	331	0.20806492951730032
subj03	session02	332	0.1338074896767763
subj03	session02	333	0.06218709953011535
subj03	session02	334	0.032389292325217166
subj03	session02	335	0.1231012387868432
subj03	session02	336	0.4363491385447814
subj03	session02	337	0.20317955289762213
subj03	session02	338	0.10150363092695429
subj03	session02	339	0.3973045706962836
subj03	session02	340	0.4493378897906878
subj03	session02	341	0.4441620390146661
subj03	session02	342	0.4115662822155774
subj03	session02	343	0.22617684750106787
subj03	session02	344	0.22743414495229958
subj03	session02	345	-0.1927310266267977
subj03	session02	346	0.07
subj03	session02	347	-0.09216004556457354
subj03	session02	348	0.04034742987327353
subj03	session02	349	0.22459490246333474
subj03	session02	350	0.35184821301438135
subj03	session02	351	0.41023067065356683
subj03	session02	352	0.13538658692866298
subj03	session02	353	0.04690872846361955
subj03	session02	354	0.2697992310978215
subj03	session02	355	-0.5299871849636907
subj03	session02	356	-0.2074042432009113
subj03	session02	357	0.05273814609141394
subj03	session02	358	0.8371280079738005
subj03	session02	359	0.7246091413925673
subj03	session02	360	0.47970952584365656
subj03	session02	361	0.4974654705966111
subj03	session02	362	0.7776178271393992
subj03	session02	363	0.767058237220561
subj03	session02	364	0.40713085575964686
subj03	session02	365	0.27647871280079744
subj03	session02	366	-0.10536665242773745
subj03	session02	367	0.14225829417627794
subj03	session02	368	0.6162309554321516
subj03	session02	369	0.12447814324362806
subj03	session02	370	0.42204755802363664
subj03	session02	371	0.4601993450092553
subj03	session02	372	0.770078314110779
subj03	session02	373	0.3513569699558593
subj03	session02	374	-0.05554891072191371
subj03	session02	375	0.6730670653566853
subj03	session02	376	0.6358963405951873
subj03	session02	377	0.9104698846646732
subj03	session02	378	0.6941606151217429
subj03	session02	379	0.7946675210024206
subj03	session02	380	0.24740851487968107
subj03	session02	381	0.5345578812473302
subj03	session02	382	0.5288437989463193
subj03	session02	383	0.3877288907874128
subj03	session02	384	0.354122170012815
subj03	session02	385	0.25340595187241916
subj03	session02	386	0.5830143813185248
subj03	session02	387	0.21932934643314825
subj03	session02	388	0.24649437562295315
subj03	session02	389	0.369853339028905
subj03	session02	390	0.3386102805069058
subj03	session02	391	0.11098818168873703
subj03	session02	392	-0.06123024348568985
subj03	session02	393	0.2649508756941478
subj03	session02	394	0.24347002705396556
subj03	session02	395	-0.1357567990887085
subj03	session02	396	0.09086999857610707
subj03	session02	397	-0.44709098675779574
subj03	session02	398	0.14174284493806066
subj03	session02	399	0.47816175423608137
subj03	session02	400	0.15045849352128718
subj03	session02	401	-0.09715079026057237
subj03	session02	402	0.1754905311120604
subj03	session02	403	0.19543072760928376
subj03	session02	404	0.435064787128008
subj03	session02	405	0.42846504342873415
subj03	session02	406	0.5776762067492525
subj03	session02	407	0.3039726612558735
subj03	session02	408	0.048940623665100394
subj03	session02	409	-0.15280222127296028
subj03	session02	410	0.16902748113341873
subj03	session02	411	0.381626085718354
subj03	session02	412	0.5510778869429018
subj03	session02	413	0.5697237647728891
subj03	session02	414	0.34454079453225117
subj03	session02	415	0.5844881104940909
subj03	session02	416	0.3205894916702264
subj03	session02	417	0.11986045849352125
subj03	session02	418	0.11595614409796386
subj03	session02	419	-0.04515449238217287
subj03	session02	420	-0.01975509041720064
subj03	session02	421	-0.31661113484265985
subj03	session02	422	0.12362095970383029
subj03	session02	423	0.3276277943898619
subj03	session02	424	0.6455631496511463
subj03	session02	425	0.3622412074611989
subj03	session02	426	0.722218425174427
subj03	session02	427	0.1778798234372775
subj03	session02	428	0.1459362095970383
subj03	session02	429	-0.045863591057952464
subj03	session02	430	-0.03327210593763348
subj03	session02	431	0.30748113341876687
subj03	session02	432	0.3498277089562865
subj03	session02	433	0.3674127865584508
subj03	session02	434	0.6869913142531683
subj03	session02	435	0.021987754520860023
subj03	session02	436	0.32664246048697143
subj03	session02	437	0.6799416203901467
subj03	session02	438	-0.08293891499359249
subj03	session02	439	-0.23032749537234798
subj03	session02	440	-0.0008101950733304892
subj03	session02	441	0.5830898476434572
subj03	session02	442	-0.060623665100384444
subj03	session02	443	0.16559162750961126
subj03	session02	444	0.24096112772319522
subj03	session02	445	-0.3076690872846362
subj03	session02	446	0.09332478997579381
subj03	session02	447	0.8343514167734585
subj03	session02	448	0.17388722768047843
subj03	session02	449	0.8800925530400113
subj03	session02	450	0.5119322226968532
subj03	session02	451	1.1026626797664816
subj03	session02	452	0.9691328492097393
subj03	session02	453	0.2962081731453795
subj03	session02	454	0.47646020219279517
subj03	session02	455	0.16612985903460065
subj03	session02	456	0.23757226256585504
subj03	session02	457	0.3287313114053823
subj03	session02	458	-0.18398120461341308
subj03	session02	459	0.0708699985761071
subj03	session02	460	0.1338074896767763
subj03	session02	461	0.11291043713512744
subj03	session02	462	0.10985191513598179
subj03	session02	463	0.37214865442118755
subj03	session02	464	-0.0495685604442546
subj03	session02	465	-0.05186814751530688
subj03	session02	466	-0.13975936209597042
subj03	session02	467	0.10534244624804215
subj03	session02	468	0.5203032891926526
subj03	session02	469	0.5528848070625089
subj03	session02	470	0.4310907019792111
subj03	session02	471	-0.5363121173287769
subj03	session02	472	-0.08010252029047416
subj03	session02	473	0.27899615548910717
subj03	session02	474	0.0983867293179553
subj03	session02	475	-0.02608999003274956
subj03	session02	476	0.6449779296596896
subj03	session02	477	0.17989178413783283
subj03	session02	478	0.03602591485120318
subj03	session02	479	0.6466381888082017
subj03	session02	480	0.7939427595044852
subj03	session02	481	0.03937348711376903
subj03	session02	482	0.011440979638331173
subj03	session02	483	0.09529118610280507
subj03	session02	484	0.7487697565143103
subj03	session02	485	0.27340452797949594
subj03	session02	486	0.14890929802078884
subj03	session02	487	0.36239071621814034
subj03	session02	488	0.3362608571835398
subj03	session02	489	0.15718353979780722
subj03	session02	490	0.2980763206606863
subj03	session02	491	0.38928520575252745
subj03	session02	492	0.1381033746262281
subj03	session02	493	-0.3037932507475438
subj03	session02	494	-0.24436992738146088
subj03	session02	495	0.14497081019507327
subj03	session02	496	0.6067150790260571
subj03	session02	497	1.2139555745407944
subj03	session02	498	1.0678783995443542
subj03	session02	499	0.10644169158479284
subj03	session02	500	0.42329631211732877
subj03	session02	501	0.6206179695286915
subj03	session02	502	0.31522995870710524
subj03	session02	503	0.04199487398547627
subj03	session02	504	0.08448383881532111
subj03	session02	505	0.30408657268973377
subj03	session02	506	0.48595756799088713
subj03	session02	507	0.17358536238074898
subj03	session02	508	0.506854620532536
subj03	session02	509	-0.17618254307276093
subj03	session02	510	-0.547448383881532
subj03	session02	511	-0.12322084579239641
subj03	session02	512	0.15824718781147656
subj03	session02	513	0.08429018937775877
subj03	session02	514	0.4454933788979069
subj03	session02	515	0.3952014808486401
subj03	session02	516	0.2890673501352698
subj03	session02	517	-0.025296881674498072
subj03	session02	518	0.25406236651003844
subj03	session02	519	0.6898746974227538
subj03	session02	520	0.6068218709953013
subj03	session02	521	0.4328520575252741
subj03	session02	522	0.8713925672789407
subj03	session02	523	0.318865157340168
subj03	session02	524	0.35673928520575254
subj03	session02	525	0.38935212871992025
subj03	session02	526	0.5799401964972234
subj03	session02	527	0.5226569841947886
subj03	session02	528	0.37852342303858744
subj03	session02	529	0.39715079026057243
subj03	session02	530	0.26533532678342586
subj03	session02	531	-0.2608258578954863
subj03	session02	532	-0.2097180692011961
subj03	session02	533	-0.02978926384735869
subj03	session02	534	0.42119607005553183
subj03	session02	535	0.40870710522568704
subj03	session02	536	0.32258436565570275
subj03	session02	537	-0.05644596326356258
subj03	session02	538	0.16875266979923112
subj03	session02	539	0.06238929232521716
subj03	session02	540	0.031543499928805334
subj03	session02	541	0.03833974085148794
subj03	session02	542	-0.11727039726612558
subj03	session02	543	0.36824149223978353
subj03	session02	544	-0.13866723622383598
subj03	session02	545	-0.04002278228677204
subj03	session02	546	0.46342731026626793
subj03	session02	547	0.0069243912857753255
subj03	session02	548	-0.017593620959703862
subj03	session02	549	0.4788964829844796
subj03	session02	550	-0.10412501779866154
subj03	session02	551	0.03759504485262709
subj03	session02	552	0.6027595044852627
subj03	session02	553	0.4813156770610851
subj03	session02	554	0.4560501210308984
subj03	session02	555	0.6083012957425602
subj03	session02	556	0.623111206037306
subj03	session02	557	-0.21191940766054393
subj03	session02	558	0.26445820874270254
subj03	session02	559	0.5119507333048555
subj03	session02	560	0.4114765769614125
subj03	session02	561	0.8022440552470455
subj03	session02	562	0.34813327637761643
subj03	session02	563	0.5655147372917556
subj03	session02	564	0.548796810479852
subj03	session02	565	0.4702534529403388
subj03	session02	566	0.2735298305567421
subj03	session02	567	0.5462266837533818
subj03	session02	568	0.18420760358821017
subj03	session02	569	-0.02788979068774028
subj03	session02	570	0.4473088423750534
subj03	session02	571	0.1815007831411078
subj03	session02	572	0.5887256158336892
subj03	session02	573	0.6351986330627937
subj03	session02	574	1.1292125872134415
subj03	session02	575	0.8887042574398405
subj03	session02	576	0.48201765627224824
subj03	session02	577	0.2975822298163178
subj03	session02	578	0.3552356542787982
subj03	session02	579	0.49482272533105504
subj03	session02	580	-0.07114480991029479
subj03	session02	581	0.20441976363377473
subj03	session02	582	0.44859176989890365
subj03	session02	583	0.18127580805923396
subj03	session02	584	0.1558080592339456
subj03	session02	585	0.2576804784280222
subj03	session02	586	-0.3768731311405382
subj03	session02	587	-0.5363192367933931
subj03	session02	588	-0.15884522283924252
subj03	session02	589	0.3958094831268688
subj03	session02	590	0.6539783568275667
subj03	session02	591	0.6505923394560729
subj03	session02	592	-0.2569485974654706
subj03	session02	593	0.49698561868147517
subj03	session02	594	0.43152214153495655
subj03	session02	595	-0.21817599316531394
subj03	session02	596	-0.08213583938487824
subj03	session02	597	0.0486928662964545
subj03	session02	598	-0.6768232948882243
subj03	session02	599	-0.0666595472020504
subj03	session02	600	0.17675067634913855
subj03	session02	601	0.05491670226398975
subj03	session02	602	0.44303289192652706
subj03	session02	603	0.9160842944610565
subj03	session02	604	0.0011747116616830293
subj03	session02	605	-0.2384337177844226
subj03	session02	606	0.028668660116759212
subj03	session02	607	-0.10918410935497651
subj03	session02	608	0.24658408087711803
subj03	session02	609	0.8997864160615122
subj03	session02	610	1.0608643030044143
subj03	session02	611	0.8723608144667521
subj03	session02	612	0.6901665954720204
subj03	session02	613	0.3711163320518297
subj03	session02	614	0.23510323223693583
subj03	session02	615	0.5845379467464046
subj03	session02	616	-0.21031183255019223
subj03	session02	617	0.0676363377474014
subj03	session02	618	0.2434315819450377
subj03	session02	619	0.09340737576534244
subj03	session02	620	0.44153922825003555
subj03	session02	621	0.8989377758792539
subj03	session02	622	0.19744411220276237
subj03	session02	623	0.511818311262993
subj03	session02	624	0.49970383027196363
subj03	session02	625	0.3597166453082728
subj03	session02	626	-0.2974911006692296
subj03	session02	627	0.02131994873985475
subj03	session02	628	-0.07000996725046281
subj03	session02	629	0.13872134415491955
subj03	session02	630	0.24041862451943616
subj03	session02	631	0.5699330770326072
subj03	session02	632	0.24419194076605444
subj03	session02	633	0.15857895486259435
subj03	session02	634	0.20259148512031894
subj03	session02	635	0.08220561013811761
subj03	session02	636	0.20402249750818735
subj03	session02	637	0.10719065926242347
subj03	session02	638	0.3948682899045992
subj03	session02	639	0.4530471308557596
subj03	session02	640	0.02644169158479284
subj03	session02	641	0.1038829560017087
subj03	session02	642	0.6792083155346718
subj03	session02	643	0.2372461910864303
subj03	session02	644	0.6190958279937349
subj03	session02	645	0.2313640894204756
subj03	session02	646	-0.3826883098391001
subj03	session02	647	0.026638188808201606
subj03	session02	648	0.0483981204613413
subj03	session02	649	-0.2365641463761925
subj03	session02	650	0.2135696995585932
subj03	session02	651	0.2659248184536523
subj03	session02	652	0.8422084579239639
subj03	session02	653	1.0551260145237078
subj03	session02	654	0.6215605866438844
subj03	session02	655	0.876228107646305
subj03	session02	656	0.5416132706820448
subj03	session02	657	0.542873415919123
subj03	session02	658	0.02622241207461196
subj03	session02	659	-0.15398832407802937
subj03	session02	660	-0.2350576676633917
subj03	session02	661	0.02192510323223692
subj03	session02	662	0.1855019222554464
subj03	session02	663	0.3718268546205325
subj03	session02	664	0.6084422611419621
subj03	session02	665	0.015023494233233643
subj03	session02	666	0.11566566994162038
subj03	session02	667	0.41651288623095545
subj03	session02	668	0.1552441976363378
subj03	session02	669	0.6584963690730457
subj03	session02	670	-0.10475580236366229
subj03	session02	671	0.5025715506193934
subj03	session02	672	0.778910721913712
subj03	session02	673	-0.06401680193649438
subj03	session02	674	-0.14554179125729746
subj03	session02	675	-0.42582941762779436
subj03	session02	676	-0.22113769044567846
subj03	session02	677	-0.05834116474441123
subj03	session02	678	-0.14634201908016517
subj03	session02	679	0.37185533247899755
subj03	session02	680	0.42762209881816887
subj03	session02	681	0.7681375480563861
subj03	session02	682	0.4164046703687883
subj03	session02	683	-0.1887142246903033
subj03	session02	684	0.38324362807916845
subj03	session02	685	0.3413398832407803
subj03	session02	686	0.9376334899615549
subj03	session02	687	0.7713299159903174
subj03	session02	688	0.3269457496796241
subj03	session02	689	0.28705396554179125
subj03	session02	690	0.5875167307418482
subj03	session02	691	0.15056101381176137
subj03	session02	692	0.5357126584080878
subj03	session02	693	0.3823992595756799
subj03	session02	694	0.32209454649010394
subj03	session02	695	0.07461626085718352
subj03	session02	696	-0.3122568702833547
subj03	session02	697	0.860683468603161
subj03	session02	698	0.3158749822013385
subj03	session02	699	0.27969813470027055
subj03	session02	700	-0.024829844795671366
subj03	session02	701	-0.485923394560729
subj03	session02	702	-0.43228677203474297
subj03	session02	703	0.17644596326356257
subj03	session02	704	0.20339456072903317
subj03	session02	705	0.9304499501637478
subj03	session02	706	0.8845137405667095
subj03	session02	707	0.3008799658265699
subj03	session02	708	0.6819322226968533
subj03	session02	709	0.28417485405097537
subj03	session02	710	0.35471308557596465
subj03	session02	711	-0.06336893065641462
subj03	session02	712	0.24032464758650152
subj03	session02	713	0.6449152783710665
subj03	session02	714	0.16213156770610848
subj03	session02	715	-0.1380677773031468
subj03	session02	716	0.14588210166595475
subj03	session02	717	0.11418339740851491
subj03	session02	718	0.3208813897194931
subj03	session02	719	0.5917015520432862
subj03	session02	720	0.7988722768047843
subj03	session02	721	0.639186957140823
subj03	session02	722	0.7267563719208315
subj03	session02	723	0.5861839669656842
subj03	session02	724	0.574997864160615
subj03	session02	725	0.4952783710664958
subj03	session02	726	0.514742987327353
subj03	session02	727	-0.3197095258436566
subj03	session02	728	-0.4151872419194077
subj03	session02	729	-0.19931083582514597
subj03	session02	730	-0.341982058949167
subj03	session02	731	-0.29853481418197353
subj03	session02	732	0.36571977787270393
subj03	session02	733	0.1980948312686886
subj03	session02	734	0.22804357112345153
subj03	session02	735	-0.0522412074611989
subj03	session02	736	0.29922967392852057
subj03	session02	737	0.2375195785276947
subj03	session02	738	0.40643884379894635
subj03	session02	739	-0.15468745550334614
subj03	session02	740	0.6490516873131141
subj03	session02	741	0.2349423323366083
subj03	session02	742	0.24647159333618113
subj03	session02	743	0.6270155204328635
subj03	session02	744	0.4921828278513456
subj03	session02	745	1.2516887370069771
subj03	session02	746	0.44164602021927957
subj03	session02	747	0.20841947885519013
subj03	session02	748	0.6319678200199346
subj03	session02	749	0.6815207176420334
subj03	session03	0	0.4764872561583369
subj03	session03	1	-0.05266695144525132
subj03	session03	2	0.19259718069201195
subj03	session03	3	0.12407518154634772
subj03	session03	4	0.3599131425316816
subj03	session03	5	0.025409369215435004
subj03	session03	6	0.16950021358393852
subj03	session03	7	0.6563605296881674
subj03	session03	8	0.054384166310693455
subj03	session03	9	0.5530243485689876
subj03	session03	10	0.3765983198063505
subj03	session03	11	0.16273529830556743
subj03	session03	12	0.504782856329204
subj03	session03	13	0.019756514310123877
subj03	session03	14	-0.005593051402534566
subj03	session03	15	-0.3203474298732736
subj03	session03	16	-0.3728136124163463
subj03	session03	17	0.0707418482130144
subj03	session03	18	0.513122597180692
subj03	session03	19	-0.03429303716360529
subj03	session03	20	0.39104940908443686
subj03	session03	21	0.5477089562864872
subj03	session03	22	0.2898618823864445
subj03	session03	23	-0.006800512601452377
subj03	session03	24	0.1310892780862879
subj03	session03	25	0.06407945322511746
subj03	session03	26	0.07449095827993735
subj03	session03	27	0.27345436423180974
subj03	session03	28	0.04523423038587499
subj03	session03	29	0.03794247472590063
subj03	session03	30	-0.26602306706535667
subj03	session03	31	0.25710237790118184
subj03	session03	32	0.5150719065926243
subj03	session03	33	0.6217428449380606
subj03	session03	34	0.7433831695856472
subj03	session03	35	0.5303915705538943
subj03	session03	36	0.2871337035454934
subj03	session03	37	0.38920689164174854
subj03	session03	38	0.23277659120034175
subj03	session03	39	0.040207888366794814
subj03	session03	40	0.36866438843798943
subj03	session03	41	1.0587370069770752
subj03	session03	42	0.1748910721913712
subj03	session03	43	-0.25306991314253163
subj03	session03	44	-0.36653994019649727
subj03	session03	45	0.08609853339028903
subj03	session03	46	0.20656557026911573
subj03	session03	47	-0.054838388153210876
subj03	session03	48	-0.20181688737006978
subj03	session03	49	0.4306051544923822
subj03	session03	50	0.6442232664103659
subj03	session03	51	0.5533475722625659
subj03	session03	52	0.5289021785561726
subj03	session03	53	-0.05824576391855334
subj03	session03	54	0.16808628791114907
subj03	session03	55	0.23876690872846365
subj03	session03	56	0.12292040438559022
subj03	session03	57	-0.26188808201623237
subj03	session03	58	-0.1174939484550762
subj03	session03	59	0.08453794674640468
subj03	session03	60	-0.16961270112487542
subj03	session03	61	0.12776591200341736
subj03	session03	62	0.37275808059233945
subj03	session03	63	0.6478527694717356
subj03	session03	64	0.21283069913142533
subj03	session03	65	0.2940737576534245
subj03	session03	66	0.3274569272390716
subj03	session03	67	0.30954293037163605
subj03	session03	68	0.5243129716645307
subj03	session03	69	0.4099117186387583
subj03	session03	70	0.4132493236508614
subj03	session03	71	0.3064943756229532
subj03	session03	72	0.46057952441976363
subj03	session03	73	0.258227253310551
subj03	session03	74	0.14481560586643885
subj03	session03	75	0.4816574113626655
subj03	session03	76	0.16175565997436994
subj03	session03	77	0.07500925530400115
subj03	session03	78	0.2101253025772462
subj03	session03	79	-0.08342161469457497
subj03	session03	80	-0.03466894489534389
subj03	session03	81	0.4700840096824719
subj03	session03	82	0.6129289477431298
subj03	session03	83	0.24869144240353122
subj03	session03	84	0.5678413783283497
subj03	session03	85	0.6441620390146662
subj03	session03	86	-0.03970240637904028
subj03	session03	87	-0.44004983625231386
subj03	session03	88	-0.5815634344297309
subj03	session03	89	-0.4740338886515734
subj03	session03	90	-0.1271878114765769
subj03	session03	91	-0.03454791399686742
subj03	session03	92	0.12372490388722768
subj03	session03	93	0.5040125302577246
subj03	session03	94	0.21221842517442688
subj03	session03	95	-0.15441691584792824
subj03	session03	96	-0.014069485974654673
subj03	session03	97	-0.10762494660401538
subj03	session03	98	0.2637576534244625
subj03	session03	99	0.22043571123451514
subj03	session03	100	0.3472205610138117
subj03	session03	101	0.20072760928378186
subj03	session03	102	-0.060058379609853337
subj03	session03	103	0.23691442403531254
subj03	session03	104	-0.2716944325786701
subj03	session03	105	-0.09623522711092125
subj03	session03	106	0.27738003702121594
subj03	session03	107	0.6142175708386729
subj03	session03	108	0.719028905026342
subj03	session03	109	0.5982713939911718
subj03	session03	110	0.8273088423750534
subj03	session03	111	0.5938801082158621
subj03	session03	112	-0.0371678769756514
subj03	session03	113	0.09846504342873416
subj03	session03	114	0.32906592624234654
subj03	session03	115	0.34525131710095397
subj03	session03	116	0.35718781147657697
subj03	session03	117	-0.026868859461768507
subj03	session03	118	-0.011193222269685317
subj03	session03	119	0.5304983625231382
subj03	session03	120	0.5246561298590346
subj03	session03	121	0.3648426598319807
subj03	session03	122	0.4492994446817599
subj03	session03	123	0.43180122454791403
subj03	session03	124	-0.15117043998291327
subj03	session03	125	0.6039683895771039
subj03	session03	126	0.3393734871137691
subj03	session03	127	0.5229545778157483
subj03	session03	128	0.45012672647016944
subj03	session03	129	0.5623209454649011
subj03	session03	130	0.24982343727751669
subj03	session03	131	0.1617755944752954
subj03	session03	132	0.18697707532393562
subj03	session03	133	0.5687441264416916
subj03	session03	134	0.19945180122454792
subj03	session03	135	0.3656984194788552
subj03	session03	136	0.31340025630072615
subj03	session03	137	0.448859461768475
subj03	session03	138	0.535860743272106
subj03	session03	139	0.21366937206322084
subj03	session03	140	-0.13271678769756515
subj03	session03	141	0.15494233233660826
subj03	session03	142	-0.19881247330200766
subj03	session03	143	0.13009682471878115
subj03	session03	144	0.013341876690872848
subj03	session03	145	-0.0016346290758934873
subj03	session03	146	0.28018937775879255
subj03	session03	147	0.24978499216858896
subj03	session03	148	-0.2421942189947316
subj03	session03	149	-0.014419763633774731
subj03	session03	150	0.09717499644026771
subj03	session03	151	0.31500783141107785
subj03	session03	152	0.01711661683041434
subj03	session03	153	-0.08062366510038445
subj03	session03	154	0.19625943329061654
subj03	session03	155	0.1325117471166168
subj03	session03	156	0.09396554179125731
subj03	session03	157	-0.12193507048269968
subj03	session03	158	0.3466239498789691
subj03	session03	159	0.49678342588637336
subj03	session03	160	0.104584935212872
subj03	session03	161	0.22487683326213867
subj03	session03	162	0.7896240922682615
subj03	session03	163	0.4872974512316674
subj03	session03	164	0.07220988181688737
subj03	session03	165	-0.019520148084864016
subj03	session03	166	0.3471109212587213
subj03	session03	167	0.05377616403246474
subj03	session03	168	-0.0960842944610565
subj03	session03	169	0.13082443400256302
subj03	session03	170	-0.1146860316104229
subj03	session03	171	0.1469970098248612
subj03	session03	172	0.23322654136408943
subj03	session03	173	0.2713612416346291
subj03	session03	174	0.3465114623380322
subj03	session03	175	0.24380748967677632
subj03	session03	176	0.24739000427167876
subj03	session03	177	0.2867848497792966
subj03	session03	178	0.42896055816602596
subj03	session03	179	0.5236608287056813
subj03	session03	180	0.1672262565855048
subj03	session03	181	0.29795671365513315
subj03	session03	182	0.36757795813754807
subj03	session03	183	0.17255446390431442
subj03	session03	184	0.3042332336608287
subj03	session03	185	0.22679339313683608
subj03	session03	186	0.17300441406806208
subj03	session03	187	0.22366652427737435
subj03	session03	188	0.22369642602876266
subj03	session03	189	0.26134415491955004
subj03	session03	190	0.2246974227538089
subj03	session03	191	-0.15429303716360532
subj03	session03	192	-0.03268119037448381
subj03	session03	193	0.2438559020361669
subj03	session03	194	0.35992310978214437
subj03	session03	195	0.356075751103517
subj03	session03	196	0.4310608002278229
subj03	session03	197	0.5776021643172434
subj03	session03	198	0.7237135127438418
subj03	session03	199	0.49993734871137685
subj03	session03	200	0.15089990032749537
subj03	session03	201	-0.055862167165029196
subj03	session03	202	0.18013669372063218
subj03	session03	203	0.1081389719493094
subj03	session03	204	-0.03789406236651008
subj03	session03	205	0.13752527409938775
subj03	session03	206	-0.2175822298163178
subj03	session03	207	-0.050820162323793265
subj03	session03	208	0.3241905168731311
subj03	session03	209	0.3816417485405098
subj03	session03	210	0.28538943471450945
subj03	session03	211	0.3823779011818311
subj03	session03	212	0.1662437704684608
subj03	session03	213	0.012679766481560582
subj03	session03	214	0.08706250889933075
subj03	session03	215	0.2508287056813328
subj03	session03	216	0.28035312544496654
subj03	session03	217	0.10278798234372777
subj03	session03	218	0.09789406236651003
subj03	session03	219	-0.03327068204471023
subj03	session03	220	0.13328207318809626
subj03	session03	221	0.1685476292182828
subj03	session03	222	0.24386871707247615
subj03	session03	223	0.6100954008258578
subj03	session03	224	0.2741392567278941
subj03	session03	225	0.3227808628791115
subj03	session03	226	0.5971493663676491
subj03	session03	227	-0.056054392709668256
subj03	session03	228	0.2802904741563435
subj03	session03	229	0.2737533817456927
subj03	session03	230	-0.03909298020788838
subj03	session03	231	-0.302315249893208
subj03	session03	232	-0.03180692011960702
subj03	session03	233	0.3349480279083013
subj03	session03	234	0.5171294318667236
subj03	session03	235	0.11811761355546062
subj03	session03	236	-0.0004898191655987689
subj03	session03	237	-0.07399544354264558
subj03	session03	238	-0.06686601167592197
subj03	session03	239	0.7557041150505482
subj03	session03	240	0.24963121173287764
subj03	session03	241	0.16690588067777304
subj03	session03	242	0.23878257155061935
subj03	session03	243	0.07265128862309553
subj03	session03	244	-0.157566566994162
subj03	session03	245	-0.12092837818596043
subj03	session03	246	0.42050121030898474
subj03	session03	247	0.34379752242631356
subj03	session03	248	0.37089847643457213
subj03	session03	249	0.0512330912715364
subj03	session03	250	0.3062736722198491
subj03	session03	251	0.364234657553752
subj03	session03	252	0.6434714509468888
subj03	session03	253	0.9157183539797807
subj03	session03	254	0.645194361384024
subj03	session03	255	0.1823195215719778
subj03	session03	256	0.28299587071052257
subj03	session03	257	0.376222412074612
subj03	session03	258	0.569807774455361
subj03	session03	259	0.3161241634629076
subj03	session03	260	0.5939712373629503
subj03	session03	261	0.1532393564003987
subj03	session03	262	0.09854193364658977
subj03	session03	263	-0.09400398690018508
subj03	session03	264	0.25380606578385306
subj03	session03	265	-0.19940054107931085
subj03	session03	266	-0.1749038872276805
subj03	session03	267	-0.29439555745407947
subj03	session03	268	-0.4538943471450947
subj03	session03	269	0.10745977502491816
subj03	session03	270	0.2678328349708102
subj03	session03	271	0.22634629075893498
subj03	session03	272	0.6200954008258579
subj03	session03	273	0.9832393564003987
subj03	session03	274	0.7761384023921402
subj03	session03	275	0.39531112060373064
subj03	session03	276	0.13959703830271963
subj03	session03	277	0.041090701979211164
subj03	session03	278	-0.054132137263277785
subj03	session03	279	-0.05349992880535383
subj03	session03	280	-0.3425359532963121
subj03	session03	281	0.37764915278371064
subj03	session03	282	0.24083724903887227
subj03	session03	283	0.4911077886942902
subj03	session03	284	-0.012480421472305252
subj03	session03	285	-0.035691300014238966
subj03	session03	286	0.2597921116332052
subj03	session03	287	0.3388082016232379
subj03	session03	288	0.30019792111633203
subj03	session03	289	-0.1936907304570696
subj03	session03	290	0.113749110066923
subj03	session03	291	0.5723679339313683
subj03	session03	292	1.1530101096397551
subj03	session03	293	0.1919165598746974
subj03	session03	294	-0.2656585504770041
subj03	session03	295	-0.5129631211732878
subj03	session03	296	-0.33025487683326216
subj03	session03	297	-0.16423750533959847
subj03	session03	298	0.6678214438274241
subj03	session03	299	0.6185405097536665
subj03	session03	300	0.22464616260857187
subj03	session03	301	0.5013227965257013
subj03	session03	302	0.15629787839954434
subj03	session03	303	0.2647016944325786
subj03	session03	304	0.582642745265556
subj03	session03	305	0.37796952869144235
subj03	session03	306	0.14474298732735297
subj03	session03	307	-0.003914281646020235
subj03	session03	308	-0.029456072903317688
subj03	session03	309	0.5776861739997152
subj03	session03	310	0.4291499359248185
subj03	session03	311	0.586233803217998
subj03	session03	312	0.12993165313968394
subj03	session03	313	0.1739840523992596
subj03	session03	314	0.7016303573971236
subj03	session03	315	0.40771892353695
subj03	session03	316	0.10286772034742986
subj03	session03	317	0.2646589776448811
subj03	session03	318	0.19206179695286912
subj03	session03	319	0.23018368218709953
subj03	session03	320	0.19108073472874837
subj03	session03	321	0.32458066353410225
subj03	session03	322	0.1283411647444112
subj03	session03	323	0.36196639612701126
subj03	session03	324	0.4272832123024348
subj03	session03	325	0.762862024775737
subj03	session03	326	0.09453367506763492
subj03	session03	327	-0.08787128007973802
subj03	session03	328	-0.08946034458208743
subj03	session03	329	0.18672077459775027
subj03	session03	330	0.45002278228677206
subj03	session03	331	-0.3921700128150363
subj03	session03	332	-0.3125302577246192
subj03	session03	333	-0.010763206606863154
subj03	session03	334	-0.07891784137832837
subj03	session03	335	0.332292467606436
subj03	session03	336	-0.008932080307560882
subj03	session03	337	0.0690915563149651
subj03	session03	338	0.4848910721913712
subj03	session03	339	0.6649323650861456
subj03	session03	340	0.8039797807204899
subj03	session03	341	0.4302164317243343
subj03	session03	342	0.33465612985903465
subj03	session03	343	0.18395272675494803
subj03	session03	344	0.15075181546347718
subj03	session03	345	0.2736622525986046
subj03	session03	346	0.6294418339740852
subj03	session03	347	-0.022228392424889633
subj03	session03	348	0.21023494233233658
subj03	session03	349	0.0459860458493521
subj03	session03	350	0.1417770183682187
subj03	session03	351	0.29657553751957855
subj03	session03	352	0.0034287341591912428
subj03	session03	353	0.0038203047130855616
subj03	session03	354	0.2201537804357113
subj03	session03	355	-0.10753951302862025
subj03	session03	356	0.143263562580094
subj03	session03	357	0.2887498220133846
subj03	session03	358	-0.07942474725900608
subj03	session03	359	0.08946034458208747
subj03	session03	360	0.38103659404812756
subj03	session03	361	0.15704399829132853
subj03	session03	362	0.2149779296596896
subj03	session03	363	0.3365983198063506
subj03	session03	364	0.6182429161327068
subj03	session03	365	-0.08241349850491243
subj03	session03	366	0.07585504770041294
subj03	session03	367	-0.27906023067065355
subj03	session03	368	0.10776448811049406
subj03	session03	369	0.06263420190801651
subj03	session03	370	0.5913740566709383
subj03	session03	371	0.43774740139541507
subj03	session03	372	0.264127865584508
subj03	session03	373	0.44427879823437283
subj03	session03	374	0.4009910294745835
subj03	session03	375	0.39571265840808767
subj03	session03	376	0.6926028762637049
subj03	session03	377	-0.10378185960415778
subj03	session03	378	0.06123166737861313
subj03	session03	379	0.3768204471023779
subj03	session03	380	0.6910109639755091
subj03	session03	381	0.5428890787412787
subj03	session03	382	0.23007831411077884
subj03	session03	383	0.03892068916417487
subj03	session03	384	0.014710237790118196
subj03	session03	385	0.07810907019792113
subj03	session03	386	0.10075323935640039
subj03	session03	387	-0.23509753666524277
subj03	session03	388	0.18013811761355544
subj03	session03	389	0.14656557026911576
subj03	session03	390	0.46047415634344296
subj03	session03	391	0.3343912857753097
subj03	session03	392	0.36744553609568564
subj03	session03	393	0.3105368076320661
subj03	session03	394	0.4587626370496938
subj03	session03	395	0.24851772746689452
subj03	session03	396	-0.058900754663249316
subj03	session03	397	0.40266410365940486
subj03	session03	398	0.4639171294318667
subj03	session03	399	0.059505909155631524
subj03	session03	400	-0.35157340168019363
subj03	session03	401	0.16028762637049696
subj03	session03	402	0.5833190944041009
subj03	session03	403	0.6959974369927381
subj03	session03	404	0.31783283497081016
subj03	session03	405	-0.2196155489107219
subj03	session03	406	0.10303573971237362
subj03	session03	407	0.12302577246191086
subj03	session03	408	0.05564858322654136
subj03	session03	409	0.08882101665954721
subj03	session03	410	0.2166922967392852
subj03	session03	411	0.34683468603161044
subj03	session03	412	0.4326740709098676
subj03	session03	413	0.1300014238929233
subj03	session03	414	0.358232948882244
subj03	session03	415	0.4085390858607432
subj03	session03	416	0.5614566424604869
subj03	session03	417	0.532422041862452
subj03	session03	418	0.09914281646020219
subj03	session03	419	0.34127438416631073
subj03	session03	420	0.14795671365513313
subj03	session03	421	-0.026652427737434148
subj03	session03	422	0.4318681475153068
subj03	session03	423	0.36768617399971515
subj03	session03	424	-0.07770326071479423
subj03	session03	425	-0.2166780578100527
subj03	session03	426	-0.1834372775167308
subj03	session03	427	-0.13083724903887226
subj03	session03	428	0.08528691442403534
subj03	session03	429	0.20297878399544353
subj03	session03	430	0.2953994019649722
subj03	session03	431	0.4451730029901752
subj03	session03	432	0.5872148654421188
subj03	session03	433	0.33553324789975797
subj03	session03	434	0.3691399686743556
subj03	session03	435	0.5415449238217287
subj03	session03	436	0.49101523565427874
subj03	session03	437	0.3735682756656699
subj03	session03	438	-0.06295742560159476
subj03	session03	439	-0.06251032322369357
subj03	session03	440	-0.0674854050975367
subj03	session03	441	0.8403289192652713
subj03	session03	442	0.6070838672931795
subj03	session03	443	0.09614552185675637
subj03	session03	444	0.2118610280506906
subj03	session03	445	0.14209169870425745
subj03	session03	446	-0.26015378043571125
subj03	session03	447	0.39748967677630637
subj03	session03	448	0.579864730172291
subj03	session03	449	0.654754378470739
subj03	session03	450	0.04947458351131994
subj03	session03	451	-0.10818880820162326
subj03	session03	452	0.04186672362238359
subj03	session03	453	-0.08233233660828705
subj03	session03	454	0.2264715933361811
subj03	session03	455	0.17459490246333476
subj03	session03	456	0.1663932792254022
subj03	session03	457	-0.12137405667093834
subj03	session03	458	0.3839555745407945
subj03	session03	459	0.2431240210736153
subj03	session03	460	0.5596340595187242
subj03	session03	461	0.22115050548198778
subj03	session03	462	0.7243400256300727
subj03	session03	463	0.5960672077459775
subj03	session03	464	0.46374199060230664
subj03	session03	465	0.23465612985903456
subj03	session03	466	0.07140965399401963
subj03	session03	467	0.01541364089420474
subj03	session03	468	0.3336893065641464
subj03	session03	469	0.009962978783995415
subj03	session03	470	0.10274668944895343
subj03	session03	471	0.3978399544354264
subj03	session03	472	0.7431937918268546
subj03	session03	473	-0.03076747828563291
subj03	session03	474	0.025624377046846083
subj03	session03	475	0.11328634486686603
subj03	session03	476	0.4558650149508756
subj03	session03	477	-0.03554179125729746
subj03	session03	478	0.2568460771749964
subj03	session03	479	0.00479139968674354
subj03	session03	480	0.036962836394703116
subj03	session03	481	0.5343699273814609
subj03	session03	482	0.3052698277089563
subj03	session03	483	-0.3182699700982486
subj03	session03	484	0.10866154065214297
subj03	session03	485	0.07797664815605865
subj03	session03	486	0.4430727609283783
subj03	session03	487	0.19924676064359959
subj03	session03	488	-0.08757795813754805
subj03	session03	489	-0.012896198205894915
subj03	session03	490	0.2096468745550335
subj03	session03	491	0.36143813185248475
subj03	session03	492	0.8087726043001566
subj03	session03	493	0.4943286344866866
subj03	session03	494	0.31827424177701835
subj03	session03	495	0.33922967392852055
subj03	session03	496	0.30502064644738713
subj03	session03	497	0.14865869286629643
subj03	session03	498	0.4164189092980208
subj03	session03	499	0.8044852627082443
subj03	session03	500	0.3962708244340025
subj03	session03	501	0.5003488537661968
subj03	session03	502	0.7834842659831981
subj03	session03	503	0.6634885376619678
subj03	session03	504	0.49904456784849777
subj03	session03	505	0.25734301580521146
subj03	session03	506	-0.2279766481560587
subj03	session03	507	-0.1932678342588637
subj03	session03	508	-0.14513740566709382
subj03	session03	509	-0.27732877687597896
subj03	session03	510	-0.34715079026057244
subj03	session03	511	-0.4213939911718639
subj03	session03	512	-0.13317812900469883
subj03	session03	513	0.5319720916987042
subj03	session03	514	0.8750676349138544
subj03	session03	515	0.6877716075751104
subj03	session03	516	0.2878783995443543
subj03	session03	517	0.17029901751388296
subj03	session03	518	0.058326925815178704
subj03	session03	519	0.3140011391143386
subj03	session03	520	0.4786159760785989
subj03	session03	521	0.6326057240495515
subj03	session03	522	-0.06382315249893208
subj03	session03	523	0.3470724761497936
subj03	session03	524	0.0026968531966396246
subj03	session03	525	-0.2509198348284209
subj03	session03	526	0.18144809910294749
subj03	session03	527	0.04819735155916278
subj03	session03	528	0.05398405239925956
subj03	session03	529	0.30357112345151643
subj03	session03	530	0.5035155916275096
subj03	session03	531	0.23331482272533108
subj03	session03	532	0.030811618966253753
subj03	session03	533	0.7099985761070768
subj03	session03	534	0.4620233518439413
subj03	session03	535	0.7110949736579808
subj03	session03	536	0.17297878399544356
subj03	session03	537	0.43585504770041295
subj03	session03	538	0.05215150220703404
subj03	session03	539	0.34797807204898196
subj03	session03	540	-0.05432578670084012
subj03	session03	541	-0.21091698704257436
subj03	session03	542	-0.16466894489534387
subj03	session03	543	0.38263847358678627
subj03	session03	544	0.019333618111918
subj03	session03	545	-0.06804926669514452
subj03	session03	546	-0.022439128577530977
subj03	session03	547	0.10722768047842804
subj03	session03	548	0.5294204755802364
subj03	session03	549	0.7397109497365798
subj03	session03	550	0.47519008970525417
subj03	session03	551	0.6418140395842232
subj03	session03	552	-0.05079880392994447
subj03	session03	553	-0.4327979495941905
subj03	session03	554	-0.7932834970810195
subj03	session03	555	0.3204542218425175
subj03	session03	556	0.22519436138402396
subj03	session03	557	0.03163462907589348
subj03	session03	558	0.2552726754948028
subj03	session03	559	0.6960729033176705
subj03	session03	560	0.5327039726612558
subj03	session03	561	0.3624234657553752
subj03	session03	562	0.21687455503346148
subj03	session03	563	0.2593193791826855
subj03	session03	564	0.1429802078883668
subj03	session03	565	0.4223978356827567
subj03	session03	566	0.1512217001281503
subj03	session03	567	0.13926242346575538
subj03	session03	568	0.7707347287483981
subj03	session03	569	0.3997721771322796
subj03	session03	570	-0.08678200199345011
subj03	session03	571	-0.06935070482699703
subj03	session03	572	0.586589776448811
subj03	session03	573	0.9582372205610139
subj03	session03	574	1.0067392852057526
subj03	session03	575	0.2624362807916844
subj03	session03	576	-0.2819550049836252
subj03	session03	577	-0.129695286914424
subj03	session03	578	-0.04616545635768188
subj03	session03	579	0.00048269970098249027
subj03	session03	580	-0.22233803217998008
subj03	session03	581	0.2392254022497508
subj03	session03	582	0.13559874697422755
subj03	session03	583	0.7052598604584935
subj03	session03	584	0.025003559732308143
subj03	session03	585	0.4602591485120319
subj03	session03	586	0.3303460059803503
subj03	session03	587	0.1927125160187954
subj03	session03	588	0.08520717642033321
subj03	session03	589	0.15744126441691583
subj03	session03	590	-0.10341876690872846
subj03	session03	591	0.12421329915990316
subj03	session03	592	0.22482699700982484
subj03	session03	593	0.22430158052114477
subj03	session03	594	0.5199387726043002
subj03	session03	595	0.08552470454221843
subj03	session03	596	-0.43167165029189797
subj03	session03	597	-0.18704257439840524
subj03	session03	598	0.20011106364801365
subj03	session03	599	0.1040780293321942
subj03	session03	600	0.4746831838245764
subj03	session03	601	0.8019749394845508
subj03	session03	602	0.3664388437989463
subj03	session03	603	0.17183112629930228
subj03	session03	604	0.2938487825715506
subj03	session03	605	0.45746262281076466
subj03	session03	606	0.1888751245906308
subj03	session03	607	0.29886800512601447
subj03	session03	608	0.2379325074754378
subj03	session03	609	0.20501352698277092
subj03	session03	610	0.1237747401395415
subj03	session03	611	0.003971237362950328
subj03	session03	612	0.2265826569841948
subj03	session03	613	0.5524006834686032
subj03	session03	614	0.3252114480991029
subj03	session03	615	-0.029638331197493935
subj03	session03	616	0.1922483269258152
subj03	session03	617	0.3605396554179126
subj03	session03	618	0.3181788409511605
subj03	session03	619	0.43089847643457213
subj03	session03	620	0.3679752242631354
subj03	session03	621	-0.17871992026199623
subj03	session03	622	-0.474263135412217
subj03	session03	623	-0.31843798946319235
subj03	session03	624	0.44563149651146233
subj03	session03	625	0.4320475580236366
subj03	session03	626	0.5063277801509326
subj03	session03	627	0.4304001139114339
subj03	session03	628	0.2084365655702691
subj03	session03	629	0.38067919692439134
subj03	session03	630	0.08197778727039726
subj03	session03	631	-0.3889149935924819
subj03	session03	632	-0.2501722910437135
subj03	session03	633	-0.21592339456072898
subj03	session03	634	-0.3074583511319949
subj03	session03	635	0.6998561868147515
subj03	session03	636	0.5937733162466182
subj03	session03	637	0.28509611277231955
subj03	session03	638	0.5569243912857753
subj03	session03	639	0.3922611419621244
subj03	session03	640	0.07090701979211164
subj03	session03	641	0.09395130286202477
subj03	session03	642	0.5357169300868575
subj03	session03	643	0.5573558308415207
subj03	session03	644	0.03410081161896626
subj03	session03	645	0.677679054535099
subj03	session03	646	0.316544211875267
subj03	session03	647	0.5619450377331625
subj03	session03	648	0.059830556742132994
subj03	session03	649	0.0936295030613698
subj03	session03	650	-0.1230044140680621
subj03	session03	651	-0.05584935212871992
subj03	session03	652	0.36589206891641746
subj03	session03	653	0.6474184821301437
subj03	session03	654	0.7898020788836679
subj03	session03	655	0.36190659262423464
subj03	session03	656	-0.007733162466182515
subj03	session03	657	-0.054123593905738294
subj03	session03	658	0.23795528976220992
subj03	session03	659	0.2136921543499929
subj03	session03	660	0.2184308699985761
subj03	session03	661	0.23195500498362523
subj03	session03	662	-0.1072604300156628
subj03	session03	663	-0.31095543215150223
subj03	session03	664	0.0917328776875979
subj03	session03	665	0.008386729317955286
subj03	session03	666	-0.13825288338316957
subj03	session03	667	0.003099814893919999
subj03	session03	668	-0.18363377474013953
subj03	session03	669	-0.13991599031752813
subj03	session03	670	0.010758934928093426
subj03	session03	671	0.37730314680336036
subj03	session03	672	0.5561056528549053
subj03	session03	673	0.8351075039157054
subj03	session03	674	0.5035782429161326
subj03	session03	675	0.13579097251886657
subj03	session03	676	0.24286202477573685
subj03	session03	677	0.23274526555603023
subj03	session03	678	0.010753239356400403
subj03	session03	679	0.05313114053823151
subj03	session03	680	0.25691157624946603
subj03	session03	681	0.6760145237078171
subj03	session03	682	0.7396041577673359
subj03	session03	683	0.04655987469742276
subj03	session03	684	0.24482557311690162
subj03	session03	685	0.6680720489819165
subj03	session03	686	0.629407660543927
subj03	session03	687	0.15043571123451516
subj03	session03	688	0.8390018510608
subj03	session03	689	0.4583468603161041
subj03	session03	690	0.3918553324789976
subj03	session03	691	0.27624092268261424
subj03	session03	692	0.3785006407518155
subj03	session03	693	0.5182671223124021
subj03	session03	694	0.5244069485974654
subj03	session03	695	0.5206905880677772
subj03	session03	696	0.2947942474725901
subj03	session03	697	1.0227566566994164
subj03	session03	698	0.5644425459205469
subj03	session03	699	-0.29037021216004555
subj03	session03	700	-0.6749138544781432
subj03	session03	701	-0.5584394133561156
subj03	session03	702	-0.12099957283212302
subj03	session03	703	0.4539313683610992
subj03	session03	704	0.8177431297166454
subj03	session03	705	1.092913284920974
subj03	session03	706	1.107035454933789
subj03	session03	707	0.3071151929374911
subj03	session03	708	-0.2911376904456785
subj03	session03	709	0.3809397693293464
subj03	session03	710	-0.030932649864730176
subj03	session03	711	0.1873657980919835
subj03	session03	712	0.3686885946176848
subj03	session03	713	0.47899473159618394
subj03	session03	714	0.26209454649010394
subj03	session03	715	-0.026776306421757098
subj03	session03	716	0.08688309839100099
subj03	session03	717	-0.16272390716218144
subj03	session03	718	0.22812188523423038
subj03	session03	719	0.0660230670653567
subj03	session03	720	0.056897337320233506
subj03	session03	721	-0.31528549053111204
subj03	session03	722	-0.48657980919834837
subj03	session03	723	-0.12778442261141962
subj03	session03	724	-0.2830029901751388
subj03	session03	725	-0.24773031468033607
subj03	session03	726	-0.2511362665527552
subj03	session03	727	0.3973928520575252
subj03	session03	728	-0.2206920119607006
subj03	session03	729	-0.5994389861882387
subj03	session03	730	-0.19136408942047559
subj03	session03	731	0.11413071337035453
subj03	session03	732	-0.30375338174569266
subj03	session03	733	0.20471593336181118
subj03	session03	734	0.6789534387014097
subj03	session03	735	0.9445550334614837
subj03	session03	736	0.3080506905880678
subj03	session03	737	0.4727481133418767
subj03	session03	738	0.8278129004698846
subj03	session03	739	1.0732621386871706
subj03	session03	740	0.7980108215862167
subj03	session03	741	1.0126441691584795
subj03	session03	742	0.46264416915847933
subj03	session03	743	-0.13463477146518585
subj03	session03	744	-0.05730029901751388
subj03	session03	745	0.44884807062508897
subj03	session03	746	0.5179994304428307
subj03	session03	747	0.5002691157624947
subj03	session03	748	0.25166168304143527
subj03	session03	749	0.14829560017086713
subj03	session04	0	0.49089562864872566
subj03	session04	1	0.3320333190944041
subj03	session04	2	0.18897764488110494
subj03	session04	3	0.15565285490531114
subj03	session04	4	0.20275808059233943
subj03	session04	5	0.7115705538943471
subj03	session04	6	0.7971835397978072
subj03	session04	7	0.44671650291898046
subj03	session04	8	0.36231240210736154
subj03	session04	9	-0.16421329915990315
subj03	session04	10	0.4674953723479995
subj03	session04	11	0.6857567990887085
subj03	session04	12	0.25614836964260285
subj03	session04	13	-0.12045137405667095
subj03	session04	14	-0.5412530257724619
subj03	session04	15	-0.11408942047558022
subj03	session04	16	-0.38132422041862457
subj03	session04	17	-0.46156913000142386
subj03	session04	18	-0.3590659262423466
subj03	session04	19	0.034713085575964676
subj03	session04	20	0.3077046846077175
subj03	session04	21	0.21291613270682044
subj03	session04	22	-0.23595044852627078
subj03	session04	23	0.09677773031468032
subj03	session04	24	0.24850064075181547
subj03	session04	25	0.36573544069485975
subj03	session04	26	-0.09323935640039871
subj03	session04	27	0.3455930514025345
subj03	session04	28	0.45865869286629646
subj03	session04	29	0.7905524704542218
subj03	session04	30	0.09237362950306137
subj03	session04	31	0.3187498220133846
subj03	session04	32	0.029923109782144387
subj03	session04	33	0.49060230670653565
subj03	session04	34	0.31967108073472883
subj03	session04	35	0.2812217001281504
subj03	session04	36	0.15136266552755234
subj03	session04	37	0.10160899900327498
subj03	session04	38	0.1304955147372917
subj03	session04	39	-0.29896910152356543
subj03	session04	40	0.05537377189235368
subj03	session04	41	0.379057382884807
subj03	session04	42	-0.018110494090844365
subj03	session04	43	0.2634159191228819
subj03	session04	44	0.08535810907019792
subj03	session04	45	0.3829616972803645
subj03	session04	46	0.20745550334614835
subj03	session04	47	0.28726043001566276
subj03	session04	48	0.1648113341876691
subj03	session04	49	0.49605154492382175
subj03	session04	50	0.47914851203189524
subj03	session04	51	0.04408657268973374
subj03	session04	52	-0.559960130998149
subj03	session04	53	0.08906877402819308
subj03	session04	54	-0.09392424889648301
subj03	session04	55	0.15087854193364658
subj03	session04	56	-0.37264132137263273
subj03	session04	57	0.15145379467464046
subj03	session04	58	0.6262095970383026
subj03	session04	59	0.5004129289477431
subj03	session04	60	0.40664103659404816
subj03	session04	61	0.0577260430015663
subj03	session04	62	0.22648868005126016
subj03	session04	63	0.5291228819592767
subj03	session04	64	0.4817100954008259
subj03	session04	65	0.1580549622668375
subj03	session04	66	0.019221130570981064
subj03	session04	67	0.14799800654990744
subj03	session04	68	0.07398262850633631
subj03	session04	69	0.1888879396269401
subj03	session04	70	0.1390744695998861
subj03	session04	71	-0.10514452513171009
subj03	session04	72	0.12960985333902894
subj03	session04	73	0.38902036166880255
subj03	session04	74	0.33905453509896055
subj03	session04	75	0.2423423038587498
subj03	session04	76	0.06398547629218283
subj03	session04	77	0.183952726754948
subj03	session04	78	0.3273871564858323
subj03	session04	79	0.3074042432009113
subj03	session04	80	-0.18693008685746837
subj03	session04	81	-0.28616403246475863
subj03	session04	82	0.1110237790118183
subj03	session04	83	0.368848070625089
subj03	session04	84	-0.115403673643742
subj03	session04	85	-0.25677488252883385
subj03	session04	86	0.3947657696141251
subj03	session04	87	0.793528406663819
subj03	session04	88	0.13205467748825286
subj03	session04	89	-0.05774170582372206
subj03	session04	90	0.06302292467606437
subj03	session04	91	0.4213697849921686
subj03	session04	92	0.2224134985049124
subj03	session04	93	0.1888779723764773
subj03	session04	94	-0.0831083582514595
subj03	session04	95	0.2341421045137405
subj03	session04	96	0.2529118610280507
subj03	session04	97	-0.018698561868147504
subj03	session04	98	0.46793820304713085
subj03	session04	99	0.4322469030328919
subj03	session04	100	0.18860316104228964
subj03	session04	101	0.14688452228392426
subj03	session04	102	-0.16269400541079312
subj03	session04	103	0.3679723764772889
subj03	session04	104	0.19620532535953297
subj03	session04	105	0.4708942047558023
subj03	session04	106	0.10766339171294319
subj03	session04	107	0.32364516588352554
subj03	session04	108	0.447583653709241
subj03	session04	109	0.05907019792111632
subj03	session04	110	-0.3516246618254308
subj03	session04	111	-0.15997152214153496
subj03	session04	112	-0.184765769614125
subj03	session04	113	0.1345493378897907
subj03	session04	114	0.24461341307133702
subj03	session04	115	0.14493236508614554
subj03	session04	116	-0.02394560729033177
subj03	session04	117	0.12225117471166168
subj03	session04	118	0.3030428591769899
subj03	session04	119	0.49701267264701693
subj03	session04	120	0.45006834686031616
subj03	session04	121	0.42008543357539513
subj03	session04	122	0.15641036594048127
subj03	session04	123	0.17936494375622952
subj03	session04	124	0.07235084721628932
subj03	session04	125	0.11107219137120888
subj03	session04	126	-0.0733433005837961
subj03	session04	127	0.13139256727894064
subj03	session04	128	0.15540224975081873
subj03	session04	129	0.30316816175423605
subj03	session04	130	0.3645650007119465
subj03	session04	131	0.11278086287911149
subj03	session04	132	0.3062736722198491
subj03	session04	133	0.38176989890360247
subj03	session04	134	0.28128150363092697
subj03	session04	135	0.18872703972661256
subj03	session04	136	0.40812330912715367
subj03	session04	137	0.627538089135697
subj03	session04	138	0.4003146803360388
subj03	session04	139	0.2933874412644169
subj03	session04	140	0.2397849921685889
subj03	session04	141	0.11684038160330344
subj03	session04	142	0.3150462765200057
subj03	session04	143	0.35377046846077176
subj03	session04	144	0.13097821443827423
subj03	session04	145	0.02072191371208884
subj03	session04	146	0.01628933504200484
subj03	session04	147	0.2532336608287057
subj03	session04	148	-0.009589918838103393
subj03	session04	149	0.22863448668660116
subj03	session04	150	0.24853054250320375
subj03	session04	151	-0.1253339028905026
subj03	session04	152	-0.15246903032891923
subj03	session04	153	-0.09258009397693294
subj03	session04	154	0.11281503630926953
subj03	session04	155	-0.21370496938630215
subj03	session04	156	-0.017606435996013088
subj03	session04	157	-0.29228819592766625
subj03	session04	158	-0.6008030756087143
subj03	session04	159	0.02906023067065358
subj03	session04	160	0.2810664957995158
subj03	session04	161	0.36773743414495225
subj03	session04	162	0.39549907446959987
subj03	session04	163	0.26172291043713514
subj03	session04	164	0.17042716787697565
subj03	session04	165	0.22765342446248044
subj03	session04	166	0.19522283924248898
subj03	session04	167	0.02609426171151928
subj03	session04	168	0.06578385305425032
subj03	session04	169	0.09074327210593765
subj03	session04	170	0.17471878114765768
subj03	session04	171	0.2205054819877545
subj03	session04	172	0.18976220988181686
subj03	session04	173	0.5018396696568419
subj03	session04	174	0.3033262138687171
subj03	session04	175	0.16320233518439414
subj03	session04	176	0.4339270966823295
subj03	session04	177	0.8416189662537378
subj03	session04	178	0.747357254734444
subj03	session04	179	0.4550064075181547
subj03	session04	180	0.22771892353694997
subj03	session04	181	-0.5086772034742988
subj03	session04	182	-0.08659831980635058
subj03	session04	183	0.09361526413213726
subj03	session04	184	-0.19712943186672363
subj03	session04	185	0.09253595329631212
subj03	session04	186	0.34415491955004984
subj03	session04	187	0.25024348568987614
subj03	session04	188	0.23822298163178132
subj03	session04	189	0.11508329773601024
subj03	session04	190	-0.02512601452370779
subj03	session04	191	0.31836252313825997
subj03	session04	192	0.14419763633774743
subj03	session04	193	0.3121799800654991
subj03	session04	194	0.4419436138402393
subj03	session04	195	0.43298732735298306
subj03	session04	196	0.0755759646874555
subj03	session04	197	0.326894489534387
subj03	session04	198	0.20787555175850772
subj03	session04	199	0.7648754093692154
subj03	session04	200	0.46879681047985194
subj03	session04	201	0.5433062793677915
subj03	session04	202	0.06307133703545495
subj03	session04	203	-0.286193934216147
subj03	session04	204	-0.22911718638758366
subj03	session04	205	0.0479994304428307
subj03	session04	206	-0.1179040296169728
subj03	session04	207	-0.03150505481987751
subj03	session04	208	0.14844653282073186
subj03	session04	209	0.3225758222981631
subj03	session04	210	-0.0693635198633063
subj03	session04	211	-0.1351374056670938
subj03	session04	212	-0.03544781432436283
subj03	session04	213	-0.06706250889933077
subj03	session04	214	0.1376505766766339
subj03	session04	215	0.307402819307988
subj03	session04	216	0.46344439698134704
subj03	session04	217	0.25747401395415065
subj03	session04	218	0.20649864730172293
subj03	session04	219	0.600925530400114
subj03	session04	220	0.34444681759931656
subj03	session04	221	0.3426185390858607
subj03	session04	222	0.005037733162466178
subj03	session04	223	-0.19580663534102236
subj03	session04	224	-0.2931354122170013
subj03	session04	225	0.23850064075181543
subj03	session04	226	0.07243912857753096
subj03	session04	227	-0.07408799658265698
subj03	session04	228	-0.12258436565570267
subj03	session04	229	0.16398832407802932
subj03	session04	230	0.44144382742417776
subj03	session04	231	0.39603018652997296
subj03	session04	232	-0.04235084721628932
subj03	session04	233	0.15634201908016515
subj03	session04	234	0.672789406236651
subj03	session04	235	0.4390046988466467
subj03	session04	236	0.3140381603303432
subj03	session04	237	0.34612701124875406
subj03	session04	238	0.15133276377616403
subj03	session04	239	0.30735440694859745
subj03	session04	240	-0.21781717214865443
subj03	session04	241	0.09961697280364516
subj03	session04	242	0.30059803502776594
subj03	session04	243	0.0048326925815178725
subj03	session04	244	0.43332478997579377
subj03	session04	245	0.3825630072618539
subj03	session04	246	0.32094119322226966
subj03	session04	247	-0.049419051687313115
subj03	session04	248	0.23697137975224264
subj03	session04	249	0.2443898618823864
subj03	session04	250	0.5621272960273388
subj03	session04	251	-0.00999430442830699
subj03	session04	252	0.06778869429018938
subj03	session04	253	0.2363377474013954
subj03	session04	254	0.17274384166310694
subj03	session04	255	0.3866880250605155
subj03	session04	256	0.3967335896340595
subj03	session04	257	0.23983910009967252
subj03	session04	258	-0.010494090844368502
subj03	session04	259	0.06604157767335897
subj03	session04	260	-0.15905738288480706
subj03	session04	261	-0.06902463334757225
subj03	session04	262	-0.05554036736437419
subj03	session04	263	0.09957710380179412
subj03	session04	264	0.47676064359960135
subj03	session04	265	0.7877217713227965
subj03	session04	266	0.25657838530542504
subj03	session04	267	-0.045187241919407664
subj03	session04	268	-0.12949024633347572
subj03	session04	269	0.002399259575679912
subj03	session04	270	0.003434429730884251
subj03	session04	271	0.17765912003417345
subj03	session04	272	0.21916417485405096
subj03	session04	273	0.31244197636337745
subj03	session04	274	0.5611305709810622
subj03	session04	275	0.15853054250320373
subj03	session04	276	0.07658123309127154
subj03	session04	277	0.03192225544639046
subj03	session04	278	0.11435141677345863
subj03	session04	279	-0.28954435426455927
subj03	session04	280	0.09395557454079455
subj03	session04	281	0.31624519436138404
subj03	session04	282	0.6171550619393421
subj03	session04	283	0.579407660543927
subj03	session04	284	0.47735725473444396
subj03	session04	285	0.11164317243343301
subj03	session04	286	0.5417513882956003
subj03	session04	287	0.2051601879538659
subj03	session04	288	0.06199345009255304
subj03	session04	289	0.21866866011675923
subj03	session04	290	0.33924248896482984
subj03	session04	291	-0.0185889221130571
subj03	session04	292	-0.22659404812758083
subj03	session04	293	-0.1937918268546205
subj03	session04	294	0.1157838530542503
subj03	session04	295	-0.12312117328776874
subj03	session04	296	-0.02992880535383738
subj03	session04	297	0.04080307560871421
subj03	session04	298	0.24796525701267266
subj03	session04	299	0.31423608144667514
subj03	session04	300	0.24340025630072618
subj03	session04	301	0.07613555460629359
subj03	session04	302	-0.06876406094261715
subj03	session04	303	0.24232664103659404
subj03	session04	304	0.2514594902463335
subj03	session04	305	0.38714651858180266
subj03	session04	306	0.4841591912288195
subj03	session04	307	0.3851174711661683
subj03	session04	308	0.12199345009255302
subj03	session04	309	0.016653851630357402
subj03	session04	310	0.046003132564431164
subj03	session04	311	0.2586017371493664
subj03	session04	312	0.18968247187811474
subj03	session04	313	0.22156201053680766
subj03	session04	314	0.3352100242061797
subj03	session04	315	0.3976932934643315
subj03	session04	316	0.3225658550477004
subj03	session04	317	0.2887398547629218
subj03	session04	318	0.4645806635341023
subj03	session04	319	0.35253737718923533
subj03	session04	320	0.14818311262993022
subj03	session04	321	0.23049978641606153
subj03	session04	322	0.4129104371351275
subj03	session04	323	0.1851003844510893
subj03	session04	324	-0.002234087996582653
subj03	session04	325	0.20625800939769331
subj03	session04	326	0.10934643314822724
subj03	session04	327	0.22389719493094123
subj03	session04	328	0.3701153353267834
subj03	session04	329	0.4487726043001567
subj03	session04	330	0.17217570838672933
subj03	session04	331	0.0008087711804072141
subj03	session04	332	-0.17034031040865724
subj03	session04	333	0.230807347287484
subj03	session04	334	0.22996013099814896
subj03	session04	335	-0.09332194218994733
subj03	session04	336	0.2311490815890645
subj03	session04	337	0.34476719350704826
subj03	session04	338	0.08352698277089564
subj03	session04	339	0.2108315534671793
subj03	session04	340	-0.060569557169300854
subj03	session04	341	-0.053440125302577204
subj03	session04	342	0.335036309269543
subj03	session04	343	-0.117876975651431
subj03	session04	344	-0.12658408087711806
subj03	session04	345	0.2230385874982201
subj03	session04	346	0.41096397550904173
subj03	session04	347	-0.05521714367079598
subj03	session04	348	0.25189520148084865
subj03	session04	349	0.016051544923821735
subj03	session04	350	0.06262423465755373
subj03	session04	351	0.3568232948882244
subj03	session04	352	0.018584650434287354
subj03	session04	353	0.12900469884664673
subj03	session04	354	0.25334330058379606
subj03	session04	355	0.4365541791257297
subj03	session04	356	-0.060236366225259866
subj03	session04	357	-0.2781418197351559
subj03	session04	358	0.034207603588210185
subj03	session04	359	0.07548198775452086
subj03	session04	360	0.17321515022070338
subj03	session04	361	0.1769642602876264
subj03	session04	362	0.24261853908586076
subj03	session04	363	0.30193079880393
subj03	session04	364	0.4032706820447102
subj03	session04	365	0.4008999003274954
subj03	session04	366	0.06352698277089563
subj03	session04	367	0.3025302577246191
subj03	session04	368	0.4798319806350562
subj03	session04	369	0.7900412928947743
subj03	session04	370	0.35152783710664953
subj03	session04	371	0.09729602733874414
subj03	session04	372	0.13880250605154493
subj03	session04	373	0.7852954577815748
subj03	session04	374	0.9181873843087
subj03	session04	375	0.41350562437704685
subj03	session04	376	0.196730741848213
subj03	session04	377	0.259350704826997
subj03	session04	378	0.46773316246618263
subj03	session04	379	0.3637818596041577
subj03	session04	380	0.3784493806065784
subj03	session04	381	0.2555859319379183
subj03	session04	382	0.18827424177701832
subj03	session04	383	0.19311120603730603
subj03	session04	384	0.18082585789548627
subj03	session04	385	-0.07908728463619535
subj03	session04	386	0.04829844795671364
subj03	session04	387	-0.03636195358109072
subj03	session04	388	-0.5150804499501638
subj03	session04	389	0.027626370496938637
subj03	session04	390	0.5687370069770754
subj03	session04	391	0.09914424035312545
subj03	session04	392	0.09178129004698847
subj03	session04	393	0.11131852484693153
subj03	session04	394	0.44204898191655995
subj03	session04	395	0.2089050263420191
subj03	session04	396	0.11153922825003561
subj03	session04	397	0.31491100669229677
subj03	session04	398	0.13193934216146946
subj03	session04	399	0.2777801509326499
subj03	session04	400	0.7270069770753239
subj03	session04	401	0.1843642318097679
subj03	session04	402	0.1917257582229816
subj03	session04	403	0.15731169016089988
subj03	session04	404	0.26257439840523994
subj03	session04	405	0.08899757938203048
subj03	session04	406	0.09823294888224404
subj03	session04	407	-0.022486117043998298
subj03	session04	408	0.28028905026342016
subj03	session04	409	0.034567848497792944
subj03	session04	410	-0.007446959988608873
subj03	session04	411	0.07428876548483553
subj03	session04	412	-0.05407945322511746
subj03	session04	413	0.035839384878257136
subj03	session04	414	0.2620916987042574
subj03	session04	415	-0.14454221842517442
subj03	session04	416	-0.3830855759646874
subj03	session04	417	0.046361953581090694
subj03	session04	418	0.3763348996155489
subj03	session04	419	0.4978100526840382
subj03	session04	420	0.986595472020504
subj03	session04	421	0.1610593763348996
subj03	session04	422	0.027230528264274526
subj03	session04	423	0.060669229673928536
subj03	session04	424	-0.04145094688879397
subj03	session04	425	-0.10126441691584791
subj03	session04	426	0.03947173572547343
subj03	session04	427	0.21112487540936925
subj03	session04	428	0.3067535241349851
subj03	session04	429	0.4090531112060373
subj03	session04	430	0.43064787128007975
subj03	session04	431	0.23699985761070766
subj03	session04	432	0.39513455788124735
subj03	session04	433	0.3536508614552185
subj03	session04	434	0.3187313114053823
subj03	session04	435	0.36734016801936487
subj03	session04	436	0.2892965968959134
subj03	session04	437	-0.042291043713512735
subj03	session04	438	0.3467791542076036
subj03	session04	439	0.5925444966538516
subj03	session04	440	0.6509426171151929
subj03	session04	441	0.16506478712800798
subj03	session04	442	0.0030656414637619416
subj03	session04	443	0.30861170439982905
subj03	session04	444	0.31631496511462337
subj03	session04	445	0.38655987469742276
subj03	session04	446	-0.047239071621814024
subj03	session04	447	0.04885661398262852
subj03	session04	448	0.27689306564146376
subj03	session04	449	0.3286031610422896
subj03	session04	450	0.18180264844083724
subj03	session04	451	0.26858607432721066
subj03	session04	452	0.46118752669799223
subj03	session04	453	0.19421045137405668
subj03	session04	454	0.08802078883667948
subj03	session04	455	0.22292467606435992
subj03	session04	456	-0.0044895343870140925
subj03	session04	457	0.27206891641748543
subj03	session04	458	0.10826000284778584
subj03	session04	459	0.33404955147372917
subj03	session04	460	0.1808984764345722
subj03	session04	461	-0.43850633632350844
subj03	session04	462	-0.4721657411362665
subj03	session04	463	-0.47044140680620816
subj03	session04	464	0.3188210166595472
subj03	session04	465	0.46550904172006263
subj03	session04	466	0.47301295742560157
subj03	session04	467	0.5442688309839101
subj03	session04	468	0.26467464046703687
subj03	session04	469	0.46328492097394275
subj03	session04	470	0.3858123309127154
subj03	session04	471	0.278825288338317
subj03	session04	472	-0.09720916987042576
subj03	session04	473	-0.19948312686885947
subj03	session04	474	-0.2498690018510608
subj03	session04	475	-0.015735440694859732
subj03	session04	476	-0.44034885376619676
subj03	session04	477	0.004946604015378055
subj03	session04	478	0.21422896198205896
subj03	session04	479	0.24382457639185537
subj03	session04	480	0.1457511035170155
subj03	session04	481	0.27810764630499785
subj03	session04	482	-0.07242488964829848
subj03	session04	483	-0.06688594617684751
subj03	session04	484	-0.07027908301295742
subj03	session04	485	0.12302434856898761
subj03	session04	486	0.1819635483411647
subj03	session04	487	0.11722625658550477
subj03	session04	488	-0.023339028905026343
subj03	session04	489	0.12902178556172578
subj03	session04	490	0.21417770183682186
subj03	session04	491	0.5460985333902891
subj03	session04	492	0.6822184251744269
subj03	session04	493	0.5108728463619536
subj03	session04	494	0.38458920689164183
subj03	session04	495	-0.046124163462907576
subj03	session04	496	0.10096112772319524
subj03	session04	497	0.5641150505481988
subj03	session04	498	0.13093407375765342
subj03	session04	499	0.7174939484550761
subj03	session04	500	0.10810764630499786
subj03	session04	501	0.33064359960130996
subj03	session04	502	0.4156585504770041
subj03	session04	503	0.19742987327352984
subj03	session04	504	0.37941762779438987
subj03	session04	505	0.4087483981204613
subj03	session04	506	0.21470454221842517
subj03	session04	507	0.033310551046561304
subj03	session04	508	-0.17118040723337602
subj03	session04	509	0.0759618396696568
subj03	session04	510	0.17331339883240782
subj03	session04	511	0.5173900042716788
subj03	session04	512	0.4740381603303432
subj03	session04	513	0.3134230385874982
subj03	session04	514	0.06962266837533816
subj03	session04	515	-0.4059718069201196
subj03	session04	516	-0.13551331339883244
subj03	session04	517	-0.04070625088993306
subj03	session04	518	0.19873273529830557
subj03	session04	519	0.08730029901751386
subj03	session04	520	-0.19516018795386586
subj03	session04	521	0.12326783425886376
subj03	session04	522	0.21317670511177558
subj03	session04	523	0.021429588494945206
subj03	session04	524	0.15982486117043998
subj03	session04	525	0.005617257582229855
subj03	session04	526	-0.132619962978784
subj03	session04	527	0.07815036309269542
subj03	session04	528	0.19637192083155347
subj03	session04	529	0.4683653709241065
subj03	session04	530	0.3964772889078741
subj03	session04	531	0.2129289477431297
subj03	session04	532	-0.002047558023636612
subj03	session04	533	0.14126726470169446
subj03	session04	534	0.39790402961697274
subj03	session04	535	0.07318097679054537
subj03	session04	536	0.022545920546774872
subj03	session04	537	0.1172789406236651
subj03	session04	538	0.3969955859319379
subj03	session04	539	0.22983340452797948
subj03	session04	540	0.11656414637619253
subj03	session04	541	-0.14048981916559874
subj03	session04	542	-0.0035796668090559694
subj03	session04	543	0.28462622810764626
subj03	session04	544	0.11457354406948596
subj03	session04	545	0.46011106364801363
subj03	session04	546	0.5165313968389578
subj03	session04	547	0.015966111348426574
subj03	session04	548	0.021792681190374485
subj03	session04	549	-0.17888366794817026
subj03	session04	550	-0.19039299444681762
subj03	session04	551	-0.049584223266410384
subj03	session04	552	0.16484693151075042
subj03	session04	553	-0.01757083867293178
subj03	session04	554	-0.08708244340025628
subj03	session04	555	0.45469884664673216
subj03	session04	556	0.5066595472020504
subj03	session04	557	0.2473700697707532
subj03	session04	558	0.3546774882528834
subj03	session04	559	0.5109340737576534
subj03	session04	560	0.3291413925672789
subj03	session04	561	0.3261298590346006
subj03	session04	562	0.07534814181973516
subj03	session04	563	0.10653994019649722
subj03	session04	564	0.2746233803217997
subj03	session04	565	0.2538573259290901
subj03	session04	566	-0.11260002847785848
subj03	session04	567	0.12301153353267835
subj03	session04	568	-0.04806350562437706
subj03	session04	569	0.1290260572404955
subj03	session04	570	0.33576391855332477
subj03	session04	571	0.2812501779866154
subj03	session04	572	0.45781005268403807
subj03	session04	573	0.03010536807632066
subj03	session04	574	0.04394275950448528
subj03	session04	575	0.22370212160045566
subj03	session04	576	0.05184394133561159
subj03	session04	577	0.4113783283497081
subj03	session04	578	0.14090132422041865
subj03	session04	579	0.32309269542930374
subj03	session04	580	0.3769400541079311
subj03	session04	581	0.13561298590346005
subj03	session04	582	-0.13087427025487683
subj03	session04	583	-0.1393321942189947
subj03	session04	584	-0.09052256870283353
subj03	session04	585	0.3169599886088566
subj03	session04	586	0.17987184963690736
subj03	session04	587	0.19437277516730744
subj03	session04	588	0.0959162750961128
subj03	session04	589	0.22596468745550335
subj03	session04	590	0.2763049978641606
subj03	session04	591	0.2812615691300014
subj03	session04	592	0.1287683326213869
subj03	session04	593	0.02269258151786987
subj03	session04	594	0.02500355973230815
subj03	session04	595	0.045577388580378755
subj03	session04	596	0.14548341164744413
subj03	session04	597	0.20671935070482697
subj03	session04	598	0.16538658692866298
subj03	session04	599	0.17658977644881105
subj03	session04	600	0.5052954577815748
subj03	session04	601	0.2398462195642888
subj03	session04	602	0.12480563861597611
subj03	session04	603	0.08984194788551901
subj03	session04	604	-0.0035668517727466932
subj03	session04	605	0.3168389577103802
subj03	session04	606	0.03473017229104371
subj03	session04	607	0.19970667805781006
subj03	session04	608	0.18022782286772032
subj03	session04	609	0.05712516018795386
subj03	session04	610	-0.10335896340595188
subj03	session04	611	0.23068916417485402
subj03	session04	612	-0.1232607147942475
subj03	session04	613	0.23645023494233233
subj03	session04	614	0.21161327068204472
subj03	session04	615	0.42650434287341593
subj03	session04	616	0.15853196639612702
subj03	session04	617	0.22163035739712375
subj03	session04	618	0.10757653424462478
subj03	session04	619	0.1759689591342731
subj03	session04	620	0.2290773173857326
subj03	session04	621	-0.17166880250605152
subj03	session04	622	0.11942189947315959
subj03	session04	623	0.4819265271251602
subj03	session04	624	0.20722768047842802
subj03	session04	625	-0.06917414210451374
subj03	session04	626	-0.24682899045991738
subj03	session04	627	0.3845094688879397
subj03	session04	628	0.21834401253025773
subj03	session04	629	0.5031653139683895
subj03	session04	630	0.7282315249893208
subj03	session04	631	1.0535483411647444
subj03	session04	632	0.578549053111206
subj03	session04	633	0.19520860031325646
subj03	session04	634	-0.021700128150363096
subj03	session04	635	-0.03610280506905881
subj03	session04	636	-0.07072048981916561
subj03	session04	637	0.1168802506051545
subj03	session04	638	-0.06340879965826568
subj03	session04	639	-0.14687313114053824
subj03	session04	640	-0.03882244055247046
subj03	session04	641	0.013386017371493654
subj03	session04	642	-0.2066866011675922
subj03	session04	643	0.2014210451374057
subj03	session04	644	0.5490260572404955
subj03	session04	645	0.23133276377616407
subj03	session04	646	0.38222839242488965
subj03	session04	647	0.542389292325217
subj03	session04	648	0.5503588210166594
subj03	session04	649	0.3757696141250178
subj03	session04	650	0.14429446105652857
subj03	session04	651	-0.0409739427595045
subj03	session04	652	-0.15800654990744695
subj03	session04	653	0.2064174854050976
subj03	session04	654	-0.2622739569984337
subj03	session04	655	0.17520432863448673
subj03	session04	656	0.443613840239214
subj03	session04	657	0.1855133133988324
subj03	session04	658	-0.1339569984337178
subj03	session04	659	-0.10550477004129287
subj03	session04	660	0.5577431297166453
subj03	session04	661	0.170982486117044
subj03	session04	662	0.4386601167592196
subj03	session04	663	0.3325046276520005
subj03	session04	664	0.473788979068774
subj03	session04	665	0.3337192083155347
subj03	session04	666	-0.17620105368076322
subj03	session04	667	0.0016502918980492469
subj03	session04	668	0.03810907019792114
subj03	session04	669	-0.12891356969955853
subj03	session04	670	-0.07492239783568275
subj03	session04	671	-0.09871564858322651
subj03	session04	672	0.08598889363519864
subj03	session04	673	-0.03670511177559447
subj03	session04	674	0.2909653994019649
subj03	session04	675	0.1723835967535241
subj03	session04	676	0.11797807204898195
subj03	session04	677	0.26355688452228393
subj03	session04	678	0.3876391855332479
subj03	session04	679	0.16011391143386014
subj03	session04	680	0.23762779438986187
subj03	session04	681	0.30442545920546776
subj03	session04	682	0.5376092837818596
subj03	session04	683	0.3428064929517301
subj03	session04	684	-0.07082585789548625
subj03	session04	685	0.17560444254592056
subj03	session04	686	0.22599886088566137
subj03	session04	687	0.16135696995585933
subj03	session04	688	0.6559162750961127
subj03	session04	689	0.38020219279510187
subj03	session04	690	-0.0022611419621244738
subj03	session04	691	-0.05226541364089422
subj03	session04	692	0.3248825288338317
subj03	session04	693	0.6305111775594475
subj03	session04	694	0.77643172433433
subj03	session04	695	1.1166495799515876
subj03	session04	696	0.3636579809198348
subj03	session04	697	0.28672789406236654
subj03	session04	698	0.627922540224975
subj03	session04	699	0.2705097536665243
subj03	session04	700	-0.12858465043428732
subj03	session04	701	-0.07334187669087283
subj03	session04	702	-0.031644596326356224
subj03	session04	703	-0.09444681759931652
subj03	session04	704	0.1210066922967393
subj03	session04	705	0.6210522568702833
subj03	session04	706	0.16124021073615266
subj03	session04	707	-0.2156770610850064
subj03	session04	708	-0.21728606008828136
subj03	session04	709	-0.20172006265128864
subj03	session04	710	0.23152641321372633
subj03	session04	711	0.01680905595899187
subj03	session04	712	-0.13682614267407092
subj03	session04	713	-0.345912003417343
subj03	session04	714	0.09180834401253025
subj03	session04	715	-0.16060373059945893
subj03	session04	716	-0.28681759931653145
subj03	session04	717	0.26631354122170015
subj03	session04	718	0.2601566282215577
subj03	session04	719	0.15083440125302577
subj03	session04	720	0.3383155346717927
subj03	session04	721	0.30697849921685894
subj03	session04	722	0.41291186102805066
subj03	session04	723	0.29789263847358677
subj03	session04	724	0.43733589634059516
subj03	session04	725	0.2483810337462623
subj03	session04	726	0.4907717499644026
subj03	session04	727	0.5845251317100953
subj03	session04	728	0.3378983340452798
subj03	session04	729	-0.02403246475865013
subj03	session04	730	-0.012938914993592461
subj03	session04	731	0.13957852769471735
subj03	session04	732	-0.27228819592766623
subj03	session04	733	0.029221130570981062
subj03	session04	734	0.10477431297166455
subj03	session04	735	0.11699416203901467
subj03	session04	736	0.06881532108785418
subj03	session04	737	0.006384735867862749
subj03	session04	738	0.20481275808059235
subj03	session04	739	0.31240068346860317
subj03	session04	740	0.21308130428591768
subj03	session04	741	0.24824718781147662
subj03	session04	742	0.19895059091556314
subj03	session04	743	0.04628506336323508
subj03	session04	744	0.016165456357681903
subj03	session04	745	0.20434714509468893
subj03	session04	746	0.7005268403816032
subj03	session04	747	0.6100868574683184
subj03	session04	748	0.23232379325074753
subj03	session04	749	0.3756927239071622
subj03	session05	0	0.5664189092980207
subj03	session05	1	-0.1984707390004272
subj03	session05	2	0.7426171151929375
subj03	session05	3	0.20292182827851346
subj03	session05	4	0.15450804499501636
subj03	session05	5	-0.05578954862594334
subj03	session05	6	0.39381888082016236
subj03	session05	7	0.5507859888936353
subj03	session05	8	0.47181973515591624
subj03	session05	9	0.4530798803929944
subj03	session05	10	0.18720489819165598
subj03	session05	11	0.6584308699985761
subj03	session05	12	0.2851473729175566
subj03	session05	13	0.4876463049978642
subj03	session05	14	0.46271109212587214
subj03	session05	15	0.6573786131282928
subj03	session05	16	0.47029332194219
subj03	session05	17	0.010273387441264421
subj03	session05	18	-0.06792254022497507
subj03	session05	19	0.05135412217001282
subj03	session05	20	0.09870852911861028
subj03	session05	21	-0.045818026484408365
subj03	session05	22	-0.12356827566566995
subj03	session05	23	0.5760842944610565
subj03	session05	24	0.4535739712373629
subj03	session05	25	0.14931653139683893
subj03	session05	26	-0.2116844653282073
subj03	session05	27	-0.21801509326498647
subj03	session05	28	-0.6697807204898191
subj03	session05	29	-0.4184764345721202
subj03	session05	30	-0.08503773316246616
subj03	session05	31	0.14010536807632065
subj03	session05	32	0.13128435141677341
subj03	session05	33	0.26201053680763203
subj03	session05	34	0.4199829132849209
subj03	session05	35	1.0816830414352843
subj03	session05	36	0.10369073045706963
subj03	session05	37	0.26155773885803785
subj03	session05	38	0.4445407945322512
subj03	session05	39	0.2331439555745408
subj03	session05	40	-0.017596468745550344
subj03	session05	41	0.356578385305425
subj03	session05	42	0.23589349280934074
subj03	session05	43	0.03857895486259433
subj03	session05	44	-0.41356258009397695
subj03	session05	45	-0.11098960558166023
subj03	session05	46	0.11565855047700413
subj03	session05	47	0.4224490958279937
subj03	session05	48	0.5653125444966538
subj03	session05	49	0.5111405382315249
subj03	session05	50	0.4194959419051687
subj03	session05	51	0.4364459632635626
subj03	session05	52	0.40923679339313684
subj03	session05	53	0.04573971237362948
subj03	session05	54	0.37477004129289476
subj03	session05	55	0.7062039014666097
subj03	session05	56	0.300304713085576
subj03	session05	57	0.325765342446248
subj03	session05	58	0.020979638331197512
subj03	session05	59	0.34593620959703836
subj03	session05	60	0.3873074184821302
subj03	session05	61	0.48611419621244484
subj03	session05	62	0.09041435284066639
subj03	session05	63	0.6735284066638189
subj03	session05	64	0.7065769614125018
subj03	session05	65	0.3222170012815036
subj03	session05	66	0.30664815605866436
subj03	session05	67	0.4384451089278087
subj03	session05	68	0.631473729175566
subj03	session05	69	0.19372490388722768
subj03	session05	70	0.21851060800227823
subj03	session05	71	0.31234230385874984
subj03	session05	72	0.5077331624661825
subj03	session05	73	0.6495286914424037
subj03	session05	74	0.2467734586359106
subj03	session05	75	0.2870226398974797
subj03	session05	76	0.3734999288053538
subj03	session05	77	0.44155061939342166
subj03	session05	78	0.38592909013242205
subj03	session05	79	0.24232806492951728
subj03	session05	80	0.0007646304997864066
subj03	session05	81	-0.15560017086715078
subj03	session05	82	0.37041577673358966
subj03	session05	83	0.4352712516018795
subj03	session05	84	0.085561725758223
subj03	session05	85	-0.16234942332336605
subj03	session05	86	0.10832123024348571
subj03	session05	87	0.013824576391855312
subj03	session05	88	0.09021785561725759
subj03	session05	89	0.31217855617257584
subj03	session05	90	-0.007476861739997163
subj03	session05	91	0.33990887085291194
subj03	session05	92	0.017791542076035897
subj03	session05	93	0.03287911149081591
subj03	session05	94	0.09700982486117045
subj03	session05	95	0.08742560159476005
subj03	session05	96	-0.09683326213868715
subj03	session05	97	0.030861455218567545
subj03	session05	98	0.1606165456357682
subj03	session05	99	0.6125174426883099
subj03	session05	100	0.5701537804357112
subj03	session05	101	-0.21269542930371635
subj03	session05	102	0.030139541506478733
subj03	session05	103	0.3003872988751246
subj03	session05	104	0.3552328064929517
subj03	session05	105	0.4914708813897195
subj03	session05	106	0.5478413783283497
subj03	session05	107	0.6382642745265555
subj03	session05	108	0.47947173572547336
subj03	session05	109	0.19365798091983483
subj03	session05	110	-0.12647301722910437
subj03	session05	111	-0.08678057810052683
subj03	session05	112	0.3907774455360957
subj03	session05	113	0.7019336465897763
subj03	session05	114	0.3299345009255304
subj03	session05	115	0.1711789833404528
subj03	session05	116	0.09983625231382601
subj03	session05	117	0.04933361811191799
subj03	session05	118	0.4234700270539656
subj03	session05	119	0.7022483269258152
subj03	session05	120	0.7496027338744126
subj03	session05	121	0.6935141677345864
subj03	session05	122	0.6061013811761355
subj03	session05	123	0.23214865442118754
subj03	session05	124	0.020860031325644315
subj03	session05	125	0.5620076890217856
subj03	session05	126	0.2194930941193222
subj03	session05	127	-0.12026199629787838
subj03	session05	128	-0.10165313968389578
subj03	session05	129	-0.10989605581660258
subj03	session05	130	0.02949167022639897
subj03	session05	131	0.4612871992026199
subj03	session05	132	0.7326441691584792
subj03	session05	133	0.13128435141677341
subj03	session05	134	0.35309269542930366
subj03	session05	135	0.3294674640467037
subj03	session05	136	0.053215150220703396
subj03	session05	137	-0.09683468603161041
subj03	session05	138	0.2619108643030044
subj03	session05	139	0.11167307418482128
subj03	session05	140	0.014483838815321094
subj03	session05	141	-0.2045222839242489
subj03	session05	142	-0.1298960558166026
subj03	session05	143	0.5229745123166738
subj03	session05	144	0.4705410793108359
subj03	session05	145	0.6290488395272676
subj03	session05	146	0.6528406663818881
subj03	session05	147	0.867345863591058
subj03	session05	148	0.8661170439982914
subj03	session05	149	0.18891784137832834
subj03	session05	150	0.1397650576676634
subj03	session05	151	0.015758222981631764
subj03	session05	152	0.15974227538089136
subj03	session05	153	-0.25020361668802504
subj03	session05	154	-0.40175993165313967
subj03	session05	155	0.3062936067207746
subj03	session05	156	0.168035027765912
subj03	session05	157	-0.08962978783995446
subj03	session05	158	-0.0515449238217286
subj03	session05	159	0.19949024633347576
subj03	session05	160	0.5130884237505339
subj03	session05	161	0.20567990887085288
subj03	session05	162	0.0859490246333476
subj03	session05	163	0.4625444966538516
subj03	session05	164	0.5808514879681048
subj03	session05	165	0.03438131852484694
subj03	session05	166	0.5317286060088281
subj03	session05	167	0.530299017513883
subj03	session05	168	0.4635241349850491
subj03	session05	169	0.3405339598462196
subj03	session05	170	0.20536665242773744
subj03	session05	171	0.15671223124021075
subj03	session05	172	0.046927239071621836
subj03	session05	173	-0.24241065071906592
subj03	session05	174	0.0772404955147373
subj03	session05	175	-0.028842375053395982
subj03	session05	176	0.1735098960558166
subj03	session05	177	0.08206322084579236
subj03	session05	178	0.10651288623095544
subj03	session05	179	0.09937633489961555
subj03	session05	180	0.38155489107219137
subj03	session05	181	0.2507390004271679
subj03	session05	182	0.566814751530685
subj03	session05	183	0.2255688452228392
subj03	session05	184	0.4439043143955575
subj03	session05	185	0.32923821728606006
subj03	session05	186	0.2531923679339314
subj03	session05	187	0.27308130428591776
subj03	session05	188	0.24237078171721485
subj03	session05	189	-0.07546205325359531
subj03	session05	190	0.09209881816887369
subj03	session05	191	0.9738274241777019
subj03	session05	192	1.1073302007689023
subj03	session05	193	0.6279040296169728
subj03	session05	194	0.5094375622953153
subj03	session05	195	0.23657268973373205
subj03	session05	196	0.10632778015093265
subj03	session05	197	0.31911291470881387
subj03	session05	198	-0.0448284209027481
subj03	session05	199	-0.0018596041577673473
subj03	session05	200	0.012598604584935192
subj03	session05	201	0.4758564715933362
subj03	session05	202	0.2789634059518724
subj03	session05	203	0.4132607147942475
subj03	session05	204	0.4306848924960843
subj03	session05	205	0.6628577530969672
subj03	session05	206	0.2599159903175281
subj03	session05	207	-0.2515150220703403
subj03	session05	208	-0.5835397978072049
subj03	session05	209	-0.07235084721628932
subj03	session05	210	0.36107219137120894
subj03	session05	211	0.04512459063078455
subj03	session05	212	0.25914566424604873
subj03	session05	213	0.011463761925103259
subj03	session05	214	0.1589790687740282
subj03	session05	215	0.24988751245906307
subj03	session05	216	0.15672504627651998
subj03	session05	217	0.2164160615121743
subj03	session05	218	0.19377046846077176
subj03	session05	219	0.488282785134558
subj03	session05	220	0.9092353695002136
subj03	session05	221	0.5561028050690588
subj03	session05	222	0.41837249038872276
subj03	session05	223	0.8832763776164032
subj03	session05	224	0.3120617969528691
subj03	session05	225	0.20890217855617257
subj03	session05	226	-0.04662394987896909
subj03	session05	227	-0.11890645023494234
subj03	session05	228	0.07896482984479568
subj03	session05	229	0.07806065783853053
subj03	session05	230	0.40193507048269966
subj03	session05	231	0.5354406948597465
subj03	session05	232	0.3241563434429731
subj03	session05	233	0.20610280506905884
subj03	session05	234	0.1542118752669799
subj03	session05	235	-0.18143386017371493
subj03	session05	236	0.1503545493378898
subj03	session05	237	-0.038231524989320836
subj03	session05	238	0.13524277374341448
subj03	session05	239	0.151151929374911
subj03	session05	240	0.249678200199345
subj03	session05	241	0.48247614979353554
subj03	session05	242	0.3671137690445679
subj03	session05	243	0.7635027765912002
subj03	session05	244	0.6030528264274526
subj03	session05	245	0.1604072333760501
subj03	session05	246	0.20423180976790548
subj03	session05	247	0.5810978214438274
subj03	session05	248	0.36947600740424325
subj03	session05	249	0.24824718781147662
subj03	session05	250	-0.022255446390431463
subj03	session05	251	0.15542930371636057
subj03	session05	252	0.1874042432009113
subj03	session05	253	0.10674925245621529
subj03	session05	254	0.1235996013099815
subj03	session05	255	0.4030029901751388
subj03	session05	256	0.3480492666951445
subj03	session05	257	0.5255289762209882
subj03	session05	258	0.3443884379894632
subj03	session05	259	0.42374341449523
subj03	session05	260	0.7763562580093977
subj03	session05	261	0.531953581090702
subj03	session05	262	0.10826427452655558
subj03	session05	263	0.5683966965684181
subj03	session05	264	0.24117328776875976
subj03	session05	265	-0.06085860743272107
subj03	session05	266	0.23533959846219563
subj03	session05	267	-0.27866011675921964
subj03	session05	268	0.09404243200911289
subj03	session05	269	-0.04577103801794104
subj03	session05	270	0.28206891641748544
subj03	session05	271	-0.0570909867577958
subj03	session05	272	0.12412644169158478
subj03	session05	273	0.006888793962694011
subj03	session05	274	0.49294888224405525
subj03	session05	275	0.34249181261569134
subj03	session05	276	0.6063619535810907
subj03	session05	277	0.41436280791684466
subj03	session05	278	-0.10235084721628931
subj03	session05	279	-0.032681190374483846
subj03	session05	280	0.5775252740993877
subj03	session05	281	0.5271180407233376
subj03	session05	282	0.3548298447956714
subj03	session05	283	0.554545066211021
subj03	session05	284	0.18446532820731878
subj03	session05	285	-0.2548597465470597
subj03	session05	286	-0.2951502207034031
subj03	session05	287	-0.6132365086145521
subj03	session05	288	0.0031425316816175402
subj03	session05	289	0.6004955147372918
subj03	session05	290	0.5086928662964545
subj03	session05	291	0.15422896198205896
subj03	session05	292	0.06226683753381745
subj03	session05	293	0.34024063790402964
subj03	session05	294	0.3710351701552043
subj03	session05	295	0.5477189235369501
subj03	session05	296	0.773088423750534
subj03	session05	297	1.028707105225687
subj03	session05	298	0.6370952584365656
subj03	session05	299	0.5756998433717785
subj03	session05	300	-0.21992026199629786
subj03	session05	301	-0.35826854620532533
subj03	session05	302	0.08871422469030327
subj03	session05	303	-0.05455076178271393
subj03	session05	304	0.12160187953865866
subj03	session05	305	0.5181603303431582
subj03	session05	306	0.7003260714794247
subj03	session05	307	0.0908870852911861
subj03	session05	308	-0.02167165029189803
subj03	session05	309	0.2229260999572832
subj03	session05	310	0.5726769186957141
subj03	session05	311	0.22959703830271963
subj03	session05	312	-0.07005410793108359
subj03	session05	313	0.04485974654705967
subj03	session05	314	0.1751473729175566
subj03	session05	315	-0.040173714936636754
subj03	session05	316	-0.2088950590915563
subj03	session05	317	-0.44114480991029476
subj03	session05	318	0.11007973800370212
subj03	session05	319	-0.27161327068204477
subj03	session05	320	-0.10999857610707675
subj03	session05	321	-0.1427053965541791
subj03	session05	322	0.04588494945180122
subj03	session05	323	0.23881532108785417
subj03	session05	324	0.7407233376050122
subj03	session05	325	0.7435825145949025
subj03	session05	326	0.8231638900754663
subj03	session05	327	0.2551644596326356
subj03	session05	328	0.6989349280934073
subj03	session05	329	0.8396767763064217
subj03	session05	330	0.14323081304285915
subj03	session05	331	0.05694290189377759
subj03	session05	332	0.003788979068774018
subj03	session05	333	-0.049335042004841255
subj03	session05	334	0.14402819307988038
subj03	session05	335	0.15949594190516872
subj03	session05	336	0.29127723195215727
subj03	session05	337	-0.2905467748825289
subj03	session05	338	-0.5243628079168446
subj03	session05	339	-0.5466709383454365
subj03	session05	340	-0.38410508329773596
subj03	session05	341	0.5709668232948881
subj03	session05	342	0.6471094973657981
subj03	session05	343	1.0394631923679338
subj03	session05	344	0.7750206464473871
subj03	session05	345	0.1622170012815036
subj03	session05	346	0.3994546490103944
subj03	session05	347	0.4209910294745835
subj03	session05	348	0.349147088138972
subj03	session05	349	0.4698120461341307
subj03	session05	350	0.5508699985761071
subj03	session05	351	0.25122027623522714
subj03	session05	352	0.29980492666951447
subj03	session05	353	0.20609568560444252
subj03	session05	354	0.31019080165171575
subj03	session05	355	0.33471023779011816
subj03	session05	356	0.4160330343158194
subj03	session05	357	-0.030150932649864723
subj03	session05	358	-0.5753595329631213
subj03	session05	359	-0.1223423038587498
subj03	session05	360	0.1257283212302435
subj03	session05	361	0.4294290189377759
subj03	session05	362	0.8545607290331767
subj03	session05	363	0.06531112060373061
subj03	session05	364	-0.019854762921828292
subj03	session05	365	0.09073757653424463
subj03	session05	366	-0.16457212017656273
subj03	session05	367	-0.4919037448383881
subj03	session05	368	-0.2084522283924249
subj03	session05	369	0.28102377901181835
subj03	session05	370	1.0600071194646161
subj03	session05	371	0.4639954435426455
subj03	session05	372	0.38900327495372344
subj03	session05	373	0.6200028477858466
subj03	session05	374	0.6291171863875836
subj03	session05	375	0.7642930371636053
subj03	session05	376	0.503665100384451
subj03	session05	377	0.289514452513171
subj03	session05	378	-0.08747543784707391
subj03	session05	379	-0.06147657696141251
subj03	session05	380	0.027791542076035895
subj03	session05	381	0.5123366082870568
subj03	session05	382	0.19865869286629648
subj03	session05	383	-0.06146518581802649
subj03	session05	384	0.3037391428164602
subj03	session05	385	0.06655845080449947
subj03	session05	386	-0.2111974939484551
subj03	session05	387	0.564607717499644
subj03	session05	388	0.2754762921828278
subj03	session05	389	0.22872276804784283
subj03	session05	390	0.5409397693293465
subj03	session05	391	0.6385988893635198
subj03	session05	392	0.4495956144097964
subj03	session05	393	0.5546276520005695
subj03	session05	394	0.3649494518012245
subj03	session05	395	0.6409070197921116
subj03	session05	396	0.4694290189377759
subj03	session05	397	0.3279681047985191
subj03	session05	398	0.27361099245336756
subj03	session05	399	0.19785134557881248
subj03	session05	400	0.1478057810052684
subj03	session05	401	0.0017143670795956214
subj03	session05	402	0.2129816317812901
subj03	session05	403	0.09265698419478856
subj03	session05	404	0.6109397693293465
subj03	session05	405	0.13455503346148373
subj03	session05	406	-0.4533390289050263
subj03	session05	407	-0.4966794817029758
subj03	session05	408	-0.46941335611562013
subj03	session05	409	0.06991029474583513
subj03	session05	410	0.7572376477288907
subj03	session05	411	0.9974170582372206
subj03	session05	412	0.5033646589776449
subj03	session05	413	0.1496312117328777
subj03	session05	414	-0.29867720347429877
subj03	session05	415	-0.12880108215862165
subj03	session05	416	0.07227395699843371
subj03	session05	417	0.06354834116474443
subj03	session05	418	-0.1338672931795529
subj03	session05	419	0.45346575537519584
subj03	session05	420	0.5105724049551473
subj03	session05	421	0.13335042004841233
subj03	session05	422	0.5483084152071764
subj03	session05	423	0.8878556172575823
subj03	session05	424	0.8519336465897764
subj03	session05	425	0.49384166310693445
subj03	session05	426	0.4572789406236651
subj03	session05	427	0.5379894631923678
subj03	session05	428	0.23177986615406518
subj03	session05	429	0.34218567563719204
subj03	session05	430	0.06278228677203475
subj03	session05	431	0.32225259860458494
subj03	session05	432	0.2554606293606721
subj03	session05	433	-0.09878541933646591
subj03	session05	434	0.03310266267976648
subj03	session05	435	-0.09957710380179412
subj03	session05	436	0.322789406236651
subj03	session05	437	0.09158479282357967
subj03	session05	438	0.32133276377616404
subj03	session05	439	0.40143813185248467
subj03	session05	440	0.45928947743129717
subj03	session05	441	0.0729018937775879
subj03	session05	442	0.30726612558735583
subj03	session05	443	0.5344482414922397
subj03	session05	444	0.28041292894774317
subj03	session05	445	0.2287355830841521
subj03	session05	446	0.4657753096967108
subj03	session05	447	0.5336295030613697
subj03	session05	448	0.06779011818311265
subj03	session05	449	-0.24302150078314108
subj03	session05	450	-0.22675494802790827
subj03	session05	451	-0.009859034600598029
subj03	session05	452	-0.07870710522568701
subj03	session05	453	0.12481560586643886
subj03	session05	454	0.14912003417343017
subj03	session05	455	0.13760216431724334
subj03	session05	456	0.6874683183824577
subj03	session05	457	0.2553652285348142
subj03	session05	458	0.30675067634913855
subj03	session05	459	0.21781859604157766
subj03	session05	460	0.5663818880820163
subj03	session05	461	0.6206806208173146
subj03	session05	462	0.13504912430585223
subj03	session05	463	0.5222426313541222
subj03	session05	464	0.1240310408657269
subj03	session05	465	0.3100797380037021
subj03	session05	466	0.5955958991883811
subj03	session05	467	0.36142389292325217
subj03	session05	468	-0.05353267834258866
subj03	session05	469	0.3822312402107361
subj03	session05	470	0.12943613840239213
subj03	session05	471	0.6749950163747686
subj03	session05	472	0.38892496084294464
subj03	session05	473	0.22306848924960845
subj03	session05	474	0.18912857753096965
subj03	session05	475	-0.3665897764488111
subj03	session05	476	-0.3123038587498221
subj03	session05	477	-0.2366353410223551
subj03	session05	478	0.03704826997009825
subj03	session05	479	0.10695998860885661
subj03	session05	480	0.22563434429730886
subj03	session05	481	0.10770183682187101
subj03	session05	482	0.41273102662679767
subj03	session05	483	0.12430442830699132
subj03	session05	484	-0.08167734586359104
subj03	session05	485	-0.2830741848213015
subj03	session05	486	-0.41066638188808197
subj03	session05	487	-0.18285775309696714
subj03	session05	488	0.2602748113341877
subj03	session05	489	0.46573828848070625
subj03	session05	490	0.31339740851487974
subj03	session05	491	1.1129218282785134
subj03	session05	492	0.4347102377901182
subj03	session05	493	0.210801651715791
subj03	session05	494	0.22067492524562154
subj03	session05	495	0.19704684607717501
subj03	session05	496	0.33392567278940627
subj03	session05	497	0.2569571408230101
subj03	session05	498	0.16410508329773602
subj03	session05	499	0.036283639470311824
subj03	session05	500	-0.05974369927381459
subj03	session05	501	0.12695429303716357
subj03	session05	502	0.2275622953153923
subj03	session05	503	0.05312971664530826
subj03	session05	504	-0.02389292325217144
subj03	session05	505	-0.1263206606863164
subj03	session05	506	0.021181831126299292
subj03	session05	507	0.04085148796810479
subj03	session05	508	0.5779823437277517
subj03	session05	509	0.42772034742987325
subj03	session05	510	0.5864901039441834
subj03	session05	511	0.36230670653566854
subj03	session05	512	-0.018072048981916573
subj03	session05	513	0.4987256158336893
subj03	session05	514	0.40134130713370353
subj03	session05	515	0.3660486971379752
subj03	session05	516	0.22002705396554176
subj03	session05	517	-0.21037163605296882
subj03	session05	518	-0.15226826142674071
subj03	session05	519	0.6955360956856045
subj03	session05	520	0.5950576676633917
subj03	session05	521	0.736149793535526
subj03	session05	522	0.741502207034031
subj03	session05	523	0.5185746831838246
subj03	session05	524	0.1102676918695714
subj03	session05	525	-0.15301438131852485
subj03	session05	526	0.8579581375480564
subj03	session05	527	-0.057724619108643
subj03	session05	528	-0.4720916987042574
subj03	session05	529	0.037787270397266134
subj03	session05	530	0.46776733589634056
subj03	session05	531	0.6777559447529546
subj03	session05	532	0.7123622383596753
subj03	session05	533	0.3621984906735014
subj03	session05	534	0.1373529830556742
subj03	session05	535	-0.2604670368788267
subj03	session05	536	-0.427380037021216
subj03	session05	537	0.1230001423892923
subj03	session05	538	0.5514537946746405
subj03	session05	539	0.7305097536665243
subj03	session05	540	0.1450847216289335
subj03	session05	541	0.1649935924818454
subj03	session05	542	0.16434002563007263
subj03	session05	543	0.15210451374056672
subj03	session05	544	0.059195500498362544
subj03	session05	545	-0.3702377901181831
subj03	session05	546	-0.11223266410365935
subj03	session05	547	-0.17608144667521003
subj03	session05	548	0.4740623665100384
subj03	session05	549	0.5272832123024348
subj03	session05	550	0.7070226398974797
subj03	session05	551	0.3663220845792396
subj03	session05	552	0.3645208600313256
subj03	session05	553	0.2855873558308415
subj03	session05	554	0.30271821159048845
subj03	session05	555	0.22439840523992594
subj03	session05	556	-0.0660017086715079
subj03	session05	557	0.35033034315819456
subj03	session05	558	0.32030471308557595
subj03	session05	559	0.29927808628791114
subj03	session05	560	0.12948597465470596
subj03	session05	561	0.22767193507048267
subj03	session05	562	0.04377616403246475
subj03	session05	563	0.8182115904883953
subj03	session05	564	0.6577331624661826
subj03	session05	565	0.6304883952726755
subj03	session05	566	0.555007831411078
subj03	session05	567	0.6963491385447814
subj03	session05	568	0.32193934216146947
subj03	session05	569	-0.03687740281930801
subj03	session05	570	-0.30965684180549624
subj03	session05	571	0.08409938772604299
subj03	session05	572	-0.04807774455360959
subj03	session05	573	0.008418054962266837
subj03	session05	574	0.23189804926669513
subj03	session05	575	0.5033276377616404
subj03	session05	576	0.19889790687740286
subj03	session05	577	-0.03267976648156058
subj03	session05	578	0.25986188238644453
subj03	session05	579	0.20660686316389007
subj03	session05	580	0.29596326356258007
subj03	session05	581	0.8777730314680336
subj03	session05	582	0.5477687597892639
subj03	session05	583	0.13106080022782285
subj03	session05	584	0.3191684465328207
subj03	session05	585	0.883596753524135
subj03	session05	586	-0.043730599458920674
subj03	session05	587	-0.2827580805923395
subj03	session05	588	-0.3118339740851488
subj03	session05	589	0.03241634629075894
subj03	session05	590	0.7107432721059376
subj03	session05	591	0.10012672647016943
subj03	session05	592	0.41899615548910724
subj03	session05	593	0.42545350989605585
subj03	session05	594	0.4464331482272534
subj03	session05	595	0.018208742702548793
subj03	session05	596	0.316250889933077
subj03	session05	597	0.021700128150363134
subj03	session05	598	0.005362380748967657
subj03	session05	599	0.0674526555603019
subj03	session05	600	0.11174854050975368
subj03	session05	601	-0.034342873415919115
subj03	session05	602	0.18094831268688594
subj03	session05	603	0.631536380464189
subj03	session05	604	0.0965043428734159
subj03	session05	605	-0.2275537519578528
subj03	session05	606	0.6456813327637762
subj03	session05	607	0.38202335184394137
subj03	session05	608	-0.19185533247899764
subj03	session05	609	0.2689306564146376
subj03	session05	610	0.2149266695144525
subj03	session05	611	0.23608002278228682
subj03	session05	612	0.9429246760643598
subj03	session05	613	0.4048497792965969
subj03	session05	614	0.21022924676064358
subj03	session05	615	-0.005810907019792102
subj03	session05	616	-0.04743699273814607
subj03	session05	617	-0.11930941193222272
subj03	session05	618	0.47476576961412503
subj03	session05	619	0.5535241349850492
subj03	session05	620	0.3554563576819023
subj03	session05	621	0.5425316816175423
subj03	session05	622	0.4662978783995444
subj03	session05	623	0.46782571550619395
subj03	session05	624	0.9943827424177701
subj03	session05	625	-0.19858892211305712
subj03	session05	626	-0.0007788694290189275
subj03	session05	627	0.41541791257297456
subj03	session05	628	0.5541421045137405
subj03	session05	629	0.2677217713227965
subj03	session05	630	0.22733447244767196
subj03	session05	631	0.09975936209597037
subj03	session05	632	0.30671792681190374
subj03	session05	633	0.530683468603161
subj03	session05	634	0.2095742560159476
subj03	session05	635	0.5274982201338458
subj03	session05	636	0.34011533532678345
subj03	session05	637	0.3692353695002136
subj03	session05	638	0.29009397693293465
subj03	session05	639	0.6643129716645308
subj03	session05	640	0.7985575964687455
subj03	session05	641	0.6952185675637192
subj03	session05	642	0.7631966396127011
subj03	session05	643	0.28950733304855475
subj03	session05	644	-0.15274384166310692
subj03	session05	645	-0.4621315677061086
subj03	session05	646	-0.4919678200199345
subj03	session05	647	-0.5983354691727182
subj03	session05	648	-0.33659120034173434
subj03	session05	649	-0.025086145521856743
subj03	session05	650	0.271665954720205
subj03	session05	651	0.14160187953865866
subj03	session05	652	0.31388295600170874
subj03	session05	653	0.5209013242204186
subj03	session05	654	0.10100811618966252
subj03	session05	655	0.20764488110494095
subj03	session05	656	0.38412928947743136
subj03	session05	657	0.15346860316104227
subj03	session05	658	0.04515022070340311
subj03	session05	659	-0.13605439270966824
subj03	session05	660	0.45692723907162186
subj03	session05	661	0.5205496226683753
subj03	session05	662	0.49500783141107796
subj03	session05	663	0.09480136693720632
subj03	session05	664	0.4261554891072192
subj03	session05	665	0.5234757226256586
subj03	session05	666	0.43022639897479714
subj03	session05	667	0.26546490103944187
subj03	session05	668	0.4552029047415635
subj03	session05	669	0.33619962978783996
subj03	session05	670	0.3200313256443115
subj03	session05	671	0.4480464189092981
subj03	session05	672	-0.04781290046988467
subj03	session05	673	-0.24738146091413926
subj03	session05	674	0.2963263562580094
subj03	session05	675	0.028917841378328372
subj03	session05	676	-0.07313398832407803
subj03	session05	677	-0.1627338744126442
subj03	session05	678	-0.03331624661825433
subj03	session05	679	0.34856186814751533
subj03	session05	680	0.18610280506905882
subj03	session05	681	0.21376477288907875
subj03	session05	682	0.5574768617399971
subj03	session05	683	0.4447643457212017
subj03	session05	684	0.4635269827708956
subj03	session05	685	0.26869429018937774
subj03	session05	686	0.29151359817741707
subj03	session05	687	0.36471308557596466
subj03	session05	688	0.23130286202477573
subj03	session05	689	0.0858507760216432
subj03	session05	690	0.2374426883098391
subj03	session05	691	0.18928093407375762
subj03	session05	692	0.023279225402249727
subj03	session05	693	0.16258009397693293
subj03	session05	694	0.10942189947315963
subj03	session05	695	0.20531824006834687
subj03	session05	696	0.045530400113911434
subj03	session05	697	0.33548198775452087
subj03	session05	698	0.27637476861739996
subj03	session05	699	0.48142246903032904
subj03	session05	700	0.1750548198775452
subj03	session05	701	0.7175765342446248
subj03	session05	702	0.38136408942047556
subj03	session05	703	0.09284351416773459
subj03	session05	704	0.19105795244197638
subj03	session05	705	-0.2980136693720632
subj03	session05	706	-0.1991513598177417
subj03	session05	707	-0.09561583368930654
subj03	session05	708	-0.17763491385447816
subj03	session05	709	0.028083440125302585
subj03	session05	710	0.3734458208742703
subj03	session05	711	0.4487583653709242
subj03	session05	712	0.5219208315534671
subj03	session05	713	0.487397123736295
subj03	session05	714	0.06100954008258581
subj03	session05	715	0.6552029047415634
subj03	session05	716	1.3281788409511606
subj03	session05	717	0.10953723479994307
subj03	session05	718	-0.08598035027765913
subj03	session05	719	0.47283924248896475
subj03	session05	720	0.8517784422611421
subj03	session05	721	0.4169272390716218
subj03	session05	722	0.5889463192367934
subj03	session05	723	0.49651715790972517
subj03	session05	724	0.05039014666097107
subj03	session05	725	-0.16597607859888935
subj03	session05	726	0.19232806492951735
subj03	session05	727	0.1711049409084437
subj03	session05	728	0.1654392709668233
subj03	session05	729	0.5366495799515876
subj03	session05	730	0.23211163320518302
subj03	session05	731	0.11633347572262567
subj03	session05	732	0.4663420190801652
subj03	session05	733	0.4654179125729746
subj03	session05	734	0.2184365655702691
subj03	session05	735	-0.06812473302007688
subj03	session05	736	-0.4972376477288908
subj03	session05	737	-0.3255019222554464
subj03	session05	738	-0.3670383027196355
subj03	session05	739	0.43049551473729175
subj03	session05	740	0.39681475153068485
subj03	session05	741	0.8517186387583654
subj03	session05	742	0.3765826569841948
subj03	session05	743	0.628250035597323
subj03	session05	744	0.5698490673501353
subj03	session05	745	0.04553751957852767
subj03	session05	746	-0.08366082870568134
subj03	session05	747	-0.3107988039299444
subj03	session05	748	-0.15614979353552613
subj03	session05	749	0.22538373914281642
subj03	session06	0	0.4706920119607005
subj03	session06	1	0.1294731596183967
subj03	session06	2	0.4038146091413926
subj03	session06	3	0.09929944468175987
subj03	session06	4	0.18981916559874704
subj03	session06	5	0.34144382742417767
subj03	session06	6	0.07751815463477149
subj03	session06	7	0.17603872988751243
subj03	session06	8	0.003844510892780875
subj03	session06	9	-0.03988751245906308
subj03	session06	10	0.5104072333760501
subj03	session06	11	0.5531880962551616
subj03	session06	12	0.10391285775309697
subj03	session06	13	0.272614267407091
subj03	session06	14	0.4006051544923822
subj03	session06	15	0.5326085718353979
subj03	session06	16	0.030504058094831255
subj03	session06	17	0.1672248326925815
subj03	session06	18	-0.009347857041150515
subj03	session06	19	0.29536238074896765
subj03	session06	20	0.16625373771892354
subj03	session06	21	0.2507304570696284
subj03	session06	22	0.34631923679339316
subj03	session06	23	0.3228363947031183
subj03	session06	24	0.5170895628648725
subj03	session06	25	0.32561440979638334
subj03	session06	26	0.5691428164602021
subj03	session06	27	0.21419194076605438
subj03	session06	28	0.33917414210451374
subj03	session06	29	0.5151730029901751
subj03	session06	30	0.08910579524419764
subj03	session06	31	-0.14894916702263988
subj03	session06	32	-0.29037021216004555
subj03	session06	33	0.6066566994162039
subj03	session06	34	0.11958422326641038
subj03	session06	35	0.18276520005695573
subj03	session06	36	0.283935640039869
subj03	session06	37	0.4459931653139684
subj03	session06	38	-0.10304997864160614
subj03	session06	39	0.3398035027765912
subj03	session06	40	0.4966866011675922
subj03	session06	41	0.3583027196354834
subj03	session06	42	0.2991442403531254
subj03	session06	43	0.5297736010252029
subj03	session06	44	0.5189135696995586
subj03	session06	45	0.26511889505909153
subj03	session06	46	0.13869856186814752
subj03	session06	47	-0.0576804784280222
subj03	session06	48	0.309175565997437
subj03	session06	49	0.38021927951018086
subj03	session06	50	-0.002281076463049968
subj03	session06	51	-0.02571550619393423
subj03	session06	52	-0.1486416061512174
subj03	session06	53	-0.011312829275238485
subj03	session06	54	0.13994162039014668
subj03	session06	55	-0.044244624804214726
subj03	session06	56	0.4866168304143529
subj03	session06	57	0.3460002847785847
subj03	session06	58	0.19186672362238358
subj03	session06	59	0.41450946888793966
subj03	session06	60	0.5916332051829704
subj03	session06	61	0.6897081019507334
subj03	session06	62	0.13516018795386586
subj03	session06	63	0.25387441264416916
subj03	session06	64	-0.16427310266267975
subj03	session06	65	-0.0999558593193792
subj03	session06	66	0.22525986045849353
subj03	session06	67	0.7597266125587355
subj03	session06	68	0.45481418197351553
subj03	session06	69	0.3050348853766197
subj03	session06	70	0.18941478000854337
subj03	session06	71	0.10497650576676634
subj03	session06	72	0.3065883525558878
subj03	session06	73	0.3974056670938345
subj03	session06	74	0.4083824576391855
subj03	session06	75	0.4071522141534957
subj03	session06	76	0.31357112345151644
subj03	session06	77	0.18192795101808346
subj03	session06	78	0.1405724049551474
subj03	session06	79	0.10113199487398547
subj03	session06	80	-0.030864303004414066
subj03	session06	81	0.3178783995443543
subj03	session06	82	0.10661540652142959
subj03	session06	83	-0.2909027481133419
subj03	session06	84	0.18799231097821442
subj03	session06	85	0.32900612273957003
subj03	session06	86	0.30191513598177416
subj03	session06	87	0.18094261711519297
subj03	session06	88	0.3125160187953866
subj03	session06	89	0.8779923109782145
subj03	session06	90	0.4721087854193365
subj03	session06	91	0.25001281503630923
subj03	session06	92	0.5439569984337177
subj03	session06	93	0.3521856756371921
subj03	session06	94	0.4098391000996725
subj03	session06	95	0.5045237078171723
subj03	session06	96	0.5955887797237648
subj03	session06	97	0.5013526982770895
subj03	session06	98	0.19025202904741564
subj03	session06	99	0.30839669656841806
subj03	session06	100	0.07470027053965539
subj03	session06	101	0.3796482984479567
subj03	session06	102	0.810552470454222
subj03	session06	103	0.4229730884237506
subj03	session06	104	-0.01875978926384739
subj03	session06	105	-0.3701779866154065
subj03	session06	106	-0.46701836821870996
subj03	session06	107	-0.035079026057240524
subj03	session06	108	-0.10377758792538799
subj03	session06	109	0.5037021216004557
subj03	session06	110	0.30212017656272255
subj03	session06	111	0.1938701409653994
subj03	session06	112	-0.03736152641321372
subj03	session06	113	0.2843101238786843
subj03	session06	114	-0.1348469315107504
subj03	session06	115	0.12965826569841946
subj03	session06	116	0.1781873843087
subj03	session06	117	0.37574113626655276
subj03	session06	118	0.5799458920689163
subj03	session06	119	0.6477488252883382
subj03	session06	120	0.5199914566424606
subj03	session06	121	0.42879253880108215
subj03	session06	122	0.4782956001708672
subj03	session06	123	0.4320874270254877
subj03	session06	124	0.24231097821443828
subj03	session06	125	0.10554321515022069
subj03	session06	126	0.3844368503488538
subj03	session06	127	0.1720603730599459
subj03	session06	128	0.27313256443115475
subj03	session06	129	0.15706250889933074
subj03	session06	130	0.3506777730314681
subj03	session06	131	0.5264046703687884
subj03	session06	132	0.428402392140111
subj03	session06	133	0.2331838245763919
subj03	session06	134	0.2526655275523281
subj03	session06	135	0.19293037163605298
subj03	session06	136	0.07791114908158907
subj03	session06	137	0.0928036451658835
subj03	session06	138	0.153292040438559
subj03	session06	139	0.32673643741990605
subj03	session06	140	0.44086430300441415
subj03	session06	141	0.5264473871564859
subj03	session06	142	0.11448099102947458
subj03	session06	143	0.19511747116616832
subj03	session06	144	0.5633077032607148
subj03	session06	145	0.3901238786843229
subj03	session06	146	0.40797380037021214
subj03	session06	147	0.3788381033746262
subj03	session06	148	0.6562879111490817
subj03	session06	149	-0.25631211732877685
subj03	session06	150	-0.0064075181546347565
subj03	session06	151	0.07767763064217573
subj03	session06	152	0.22751815463477146
subj03	session06	153	0.3434016801936494
subj03	session06	154	0.2529104371351274
subj03	session06	155	0.32033319094404106
subj03	session06	156	0.013690730457069639
subj03	session06	157	-0.0451801224547914
subj03	session06	158	0.1977758792538801
subj03	session06	159	0.3394048127580806
subj03	session06	160	0.5077160757511036
subj03	session06	161	0.57584935212872
subj03	session06	162	0.3682543072760928
subj03	session06	163	0.49780578100526834
subj03	session06	164	0.3496369073045707
subj03	session06	165	0.20994446817599316
subj03	session06	166	0.3490929802078883
subj03	session06	167	0.022726754948027877
subj03	session06	168	-0.4220276235227111
subj03	session06	169	-0.31340168019364945
subj03	session06	170	0.20484123593905737
subj03	session06	171	0.32815890645023493
subj03	session06	172	0.1656343442973088
subj03	session06	173	0.11290758934928095
subj03	session06	174	0.05662679766481563
subj03	session06	175	0.3189819165598747
subj03	session06	176	0.18545778157482556
subj03	session06	177	0.1903744838388153
subj03	session06	178	0.4577146518581803
subj03	session06	179	0.35415919122881956
subj03	session06	180	0.19055674213299162
subj03	session06	181	0.03282785134557881
subj03	session06	182	0.21511604727324504
subj03	session06	183	0.33568275665669944
subj03	session06	184	0.7835768190232094
subj03	session06	185	1.060693435853624
subj03	session06	186	0.8817456927239072
subj03	session06	187	0.1370739000427168
subj03	session06	188	-0.20620105368076316
subj03	session06	189	0.11685177274668943
subj03	session06	190	0.32434572120176564
subj03	session06	191	0.4189221130570981
subj03	session06	192	0.16219706678057813
subj03	session06	193	-0.09586216716502918
subj03	session06	194	-0.15260857183539794
subj03	session06	195	0.3747572262565855
subj03	session06	196	0.3467990887085291
subj03	session06	197	0.47914851203189524
subj03	session06	198	0.6892410650719066
subj03	session06	199	0.6666709383454364
subj03	session06	200	0.22359390573828847
subj03	session06	201	0.0743556884522284
subj03	session06	202	0.3690730457069628
subj03	session06	203	0.18829560017086713
subj03	session06	204	-0.15412501779866153
subj03	session06	205	0.23229531539228254
subj03	session06	206	-0.05442403531254447
subj03	session06	207	0.3227281788409512
subj03	session06	208	0.5747230528264274
subj03	session06	209	0.2514694574967963
subj03	session06	210	-0.07644169158479283
subj03	session06	211	0.10151786985618681
subj03	session06	212	0.4148369642602876
subj03	session06	213	0.4547031183255019
subj03	session06	214	0.05493094119322232
subj03	session06	215	0.15227538089135692
subj03	session06	216	-0.30168873700697707
subj03	session06	217	0.41206891641748533
subj03	session06	218	0.6377488252883382
subj03	session06	219	0.17754663249323652
subj03	session06	220	0.18625800939769327
subj03	session06	221	0.18488964829844798
subj03	session06	222	0.22624661825430728
subj03	session06	223	0.4656229531539228
subj03	session06	224	0.7118994731596184
subj03	session06	225	0.44438416631069344
subj03	session06	226	0.1099501637476862
subj03	session06	227	0.10913854478143242
subj03	session06	228	0.32417058237220564
subj03	session06	229	-0.16654705966111347
subj03	session06	230	0.19399259575679909
subj03	session06	231	0.7226470169443258
subj03	session06	232	0.7001267264701694
subj03	session06	233	0.6811875266979922
subj03	session06	234	0.2707546632493236
subj03	session06	235	0.060340310408657255
subj03	session06	236	0.11845365228534813
subj03	session06	237	-0.10985476292182829
subj03	session06	238	-0.07459775024918128
subj03	session06	239	-0.060173714936636744
subj03	session06	240	0.09464758650149512
subj03	session06	241	0.11980492666951442
subj03	session06	242	0.17169443257867006
subj03	session06	243	0.5499003274953723
subj03	session06	244	0.5150605154492383
subj03	session06	245	0.6463078456500072
subj03	session06	246	-0.036413213726327796
subj03	session06	247	-0.07790402961697278
subj03	session06	248	0.21645877829987187
subj03	session06	249	0.5078143243628079
subj03	session06	250	0.23115477716075755
subj03	session06	251	0.3077758792538801
subj03	session06	252	0.5452698277089563
subj03	session06	253	0.3386216716502919
subj03	session06	254	0.5209668232948882
subj03	session06	255	0.32298305567421326
subj03	session06	256	0.22904029616972807
subj03	session06	257	0.39860458493521284
subj03	session06	258	0.23373202335184393
subj03	session06	259	-0.08545635768190228
subj03	session06	260	0.3387313114053823
subj03	session06	261	0.23830983910009967
subj03	session06	262	0.43503203759077314
subj03	session06	263	0.2760316104228962
subj03	session06	264	0.06650719065926242
subj03	session06	265	0.047455503346148384
subj03	session06	266	-0.09071479424747256
subj03	session06	267	0.3445621529261
subj03	session06	268	0.055276947173572545
subj03	session06	269	0.5017613555460629
subj03	session06	270	0.8067093834543643
subj03	session06	271	0.5609896055816602
subj03	session06	272	0.571123451516446
subj03	session06	273	0.2813185248469315
subj03	session06	274	0.13559732308130432
subj03	session06	275	0.2056913000142389
subj03	session06	276	0.21215150220703405
subj03	session06	277	0.024691727182115895
subj03	session06	278	0.43386729317955286
subj03	session06	279	0.3066552755232806
subj03	session06	280	0.08156913000142389
subj03	session06	281	0.06075608714224689
subj03	session06	282	-0.21352271109212587
subj03	session06	283	-0.004693151075039174
subj03	session06	284	0.0592467606435996
subj03	session06	285	-0.04977217713227966
subj03	session06	286	0.2220361668802506
subj03	session06	287	0.3154107931083583
subj03	session06	288	0.2570496938630215
subj03	session06	289	0.5040452797949594
subj03	session06	290	0.48385447814324367
subj03	session06	291	0.02754805638615975
subj03	session06	292	0.05179695286914423
subj03	session06	293	-0.2226014523707817
subj03	session06	294	-0.19914139256727897
subj03	session06	295	0.11275665669941622
subj03	session06	296	0.04181261569129999
subj03	session06	297	0.1274668944895344
subj03	session06	298	0.7056286487256158
subj03	session06	299	0.5947159333618112
subj03	session06	300	0.4428463619535811
subj03	session06	301	0.4179026057240495
subj03	session06	302	0.2552926099957283
subj03	session06	303	0.5712074611989179
subj03	session06	304	0.6590858607432721
subj03	session06	305	0.8293136836109924
subj03	session06	306	0.8089691015235655
subj03	session06	307	0.8809283781859604
subj03	session06	308	0.23796098533390286
subj03	session06	309	0.01678769756514309
subj03	session06	310	-0.18355403673643744
subj03	session06	311	-0.0749665385163036
subj03	session06	312	-0.14885519008970527
subj03	session06	313	0.42520432863448665
subj03	session06	314	0.3141563434429731
subj03	session06	315	-0.052359390573828844
subj03	session06	316	0.020585219991456655
subj03	session06	317	-0.1637790118183113
subj03	session06	318	-0.2850918410935498
subj03	session06	319	-0.17045564573544067
subj03	session06	320	-0.3098106222412075
subj03	session06	321	-0.016599743699273816
subj03	session06	322	0.4479040296169728
subj03	session06	323	0.7817513882956001
subj03	session06	324	0.4737747401395416
subj03	session06	325	0.3672333760501211
subj03	session06	326	0.2844140680620817
subj03	session06	327	0.4054649010394419
subj03	session06	328	0.44298163178129
subj03	session06	329	0.6879438986188238
subj03	session06	330	0.47757795813754805
subj03	session06	331	0.22497650576676637
subj03	session06	332	0.02943756229531539
subj03	session06	333	0.3393606720774598
subj03	session06	334	0.13303573971237362
subj03	session06	335	-0.09356400398690017
subj03	session06	336	-0.09767763064217572
subj03	session06	337	0.19421045137405665
subj03	session06	338	0.42116047273245055
subj03	session06	339	0.35978499216858895
subj03	session06	340	0.45709241065071904
subj03	session06	341	0.4276861739997152
subj03	session06	342	0.4257382884807062
subj03	session06	343	0.4269429018937776
subj03	session06	344	-0.09062224120746117
subj03	session06	345	-0.17151075039157052
subj03	session06	346	-0.20520717642033318
subj03	session06	347	0.17722056101381176
subj03	session06	348	0.06683183824576393
subj03	session06	349	0.20426313541221702
subj03	session06	350	0.419169870425744
subj03	session06	351	0.4711675921970668
subj03	session06	352	0.031221700128150377
subj03	session06	353	0.23410081161896623
subj03	session06	354	0.5064844083724904
subj03	session06	355	0.6662053253595329
subj03	session06	356	0.6348796810479852
subj03	session06	357	0.9194788551900897
subj03	session06	358	0.5016502918980493
subj03	session06	359	0.4093250747543785
subj03	session06	360	0.024929517300299006
subj03	session06	361	0.32910579524419764
subj03	session06	362	-0.035145949024633326
subj03	session06	363	0.2309525843656557
subj03	session06	364	0.286702263989748
subj03	session06	365	-0.15905026342019082
subj03	session06	366	0.19470311832550194
subj03	session06	367	0.42544069485974656
subj03	session06	368	0.24170582372205612
subj03	session06	369	0.34630784565000716
subj03	session06	370	0.07991314253168161
subj03	session06	371	0.1623608144667521
subj03	session06	372	0.42229246760643596
subj03	session06	373	0.9337120888509183
subj03	session06	374	0.3848469315107504
subj03	session06	375	0.10881674498077741
subj03	session06	376	0.2564331482272534
subj03	session06	377	0.48709525843656554
subj03	session06	378	0.6891955004983625
subj03	session06	379	1.1035739712373631
subj03	session06	380	0.356245194361384
subj03	session06	381	0.40086430300441406
subj03	session06	382	0.7807874127865585
subj03	session06	383	0.2720404385590204
subj03	session06	384	0.26241634629075894
subj03	session06	385	0.5070838672931796
subj03	session06	386	0.6136181119179838
subj03	session06	387	0.1901779866154065
subj03	session06	388	0.5881261569130001
subj03	session06	389	0.6932721059376336
subj03	session06	390	0.5733945607290332
subj03	session06	391	-0.014801366937206312
subj03	session06	392	0.25550619393421614
subj03	session06	393	-0.21740993877260428
subj03	session06	394	-0.01116189662537377
subj03	session06	395	0.03443969813470028
subj03	session06	396	0.3645706962836395
subj03	session06	397	0.10714367079595614
subj03	session06	398	0.2691670226398975
subj03	session06	399	0.065432151502207
subj03	session06	400	0.030871422469030328
subj03	session06	401	0.47151075039157053
subj03	session06	402	0.5478855190089705
subj03	session06	403	0.41818311262993024
subj03	session06	404	0.08317812900469884
subj03	session06	405	-0.2044980777445536
subj03	session06	406	-0.3003702121600456
subj03	session06	407	-0.1497408514879681
subj03	session06	408	-0.15798234372775166
subj03	session06	409	-0.05834401253025771
subj03	session06	410	0.03103944183397409
subj03	session06	411	0.49043001566282224
subj03	session06	412	0.6347757368645879
subj03	session06	413	0.17376477288907877
subj03	session06	414	-0.19192367933931367
subj03	session06	415	-0.2037135127438416
subj03	session06	416	0.21388580378755515
subj03	session06	417	0.6037149366367649
subj03	session06	418	0.6114523707817171
subj03	session06	419	0.21707959561440981
subj03	session06	420	-0.13013669372063222
subj03	session06	421	0.09020646447387157
subj03	session06	422	0.38653424462480424
subj03	session06	423	0.7959362095970384
subj03	session06	424	0.8479638331197493
subj03	session06	425	0.4803901466609711
subj03	session06	426	0.6035825145949024
subj03	session06	427	1.1617926811903747
subj03	session06	428	0.059259575679908916
subj03	session06	429	-0.2654107931083583
subj03	session06	430	-0.2982386444539371
subj03	session06	431	-0.1335625800939769
subj03	session06	432	0.46288480706250884
subj03	session06	433	0.4891670226398974
subj03	session06	434	0.13104228961982062
subj03	session06	435	0.4102164317243343
subj03	session06	436	0.5250662110209312
subj03	session06	437	0.1272846361953581
subj03	session06	438	0.5667933931368363
subj03	session06	439	0.3839214011106365
subj03	session06	440	0.24766766339171298
subj03	session06	441	0.34184678912145805
subj03	session06	442	0.4451288623095543
subj03	session06	443	0.19245051972091698
subj03	session06	444	0.529853339028905
subj03	session06	445	1.1347287483981205
subj03	session06	446	0.8302406379040297
subj03	session06	447	0.5204969386302151
subj03	session06	448	-0.11732877687597894
subj03	session06	449	0.01296881674498077
subj03	session06	450	-0.18647016944325787
subj03	session06	451	0.08558877972376477
subj03	session06	452	0.3497892638473587
subj03	session06	453	0.137515306848925
subj03	session06	454	0.2716161184678913
subj03	session06	455	0.516696568418055
subj03	session06	456	-0.1554634771465186
subj03	session06	457	-0.285268403816033
subj03	session06	458	-0.09024206179695292
subj03	session06	459	0.4579182685462053
subj03	session06	460	0.7830727609283781
subj03	session06	461	0.3713114053823153
subj03	session06	462	-0.0729317955289762
subj03	session06	463	-0.18829275238502066
subj03	session06	464	0.059044567848497806
subj03	session06	465	0.3281005268403816
subj03	session06	466	0.4988623095543216
subj03	session06	467	0.6310707674782856
subj03	session06	468	0.35186102805069064
subj03	session06	469	0.19295030613697853
subj03	session06	470	0.1461184678912146
subj03	session06	471	0.29028620247757364
subj03	session06	472	0.22928378185960416
subj03	session06	473	0.6458052114480991
subj03	session06	474	0.03948739854762923
subj03	session06	475	0.2279738003702122
subj03	session06	476	0.4600156628221557
subj03	session06	477	0.6176648156058665
subj03	session06	478	0.3163591057952442
subj03	session06	479	0.38698277089562866
subj03	session06	480	-0.25260714794247474
subj03	session06	481	-0.036084294461056536
subj03	session06	482	0.5543257867008401
subj03	session06	483	0.2522967392852057
subj03	session06	484	0.46699416203901467
subj03	session06	485	0.4893706393279226
subj03	session06	486	0.3036821870995301
subj03	session06	487	-0.03093976932934645
subj03	session06	488	-0.0629018937775879
subj03	session06	489	0.35648013669372064
subj03	session06	490	0.12077886942901894
subj03	session06	491	0.21082870568133277
subj03	session06	492	0.1502790830129574
subj03	session06	493	0.23736722198490676
subj03	session06	494	0.7423166737861313
subj03	session06	495	0.5260273387441263
subj03	session06	496	0.39286914424035313
subj03	session06	497	0.78380037021216
subj03	session06	498	0.6784778584650434
subj03	session06	499	0.01986330627936779
subj03	session06	500	0.14275238502064647
subj03	session06	501	0.41636195358109074
subj03	session06	502	0.6206065783853055
subj03	session06	503	1.1749252456215293
subj03	session06	504	0.9114153495657127
subj03	session06	505	0.7997365798091983
subj03	session06	506	0.696267976648156
subj03	session06	507	0.5039755090417201
subj03	session06	508	-0.020092553040011375
subj03	session06	509	-0.09960842944610564
subj03	session06	510	0.05167449807774454
subj03	session06	511	0.11681617542360813
subj03	session06	512	-0.0711049409084437
subj03	session06	513	0.3234486686601168
subj03	session06	514	0.242269685319664
subj03	session06	515	0.6383212302434856
subj03	session06	516	0.9676847501067919
subj03	session06	517	0.8949209739427596
subj03	session06	518	0.24468033603872988
subj03	session06	519	0.1304556457354407
subj03	session06	520	-0.40230101096397547
subj03	session06	521	-0.029612701124875424
subj03	session06	522	-0.1388352555887797
subj03	session06	523	-0.13508899330770327
subj03	session06	524	-0.2865071906592624
subj03	session06	525	-0.20120461341307133
subj03	session06	526	0.22682471878114766
subj03	session06	527	0.018217286060088298
subj03	session06	528	-0.22331767051117754
subj03	session06	529	0.20783568275665668
subj03	session06	530	0.3603759077317386
subj03	session06	531	0.9704698846646732
subj03	session06	532	0.5183027196354834
subj03	session06	533	0.22725331055104656
subj03	session06	534	0.2586273672219849
subj03	session06	535	0.14152356542787983
subj03	session06	536	0.21519151359817743
subj03	session06	537	0.3380834401253026
subj03	session06	538	0.040096824718781156
subj03	session06	539	0.5940125302577247
subj03	session06	540	0.33682899045991743
subj03	session06	541	0.22945464901039442
subj03	session06	542	0.3069286629645451
subj03	session06	543	0.42668375338174575
subj03	session06	544	0.44594332906165446
subj03	session06	545	0.4333247899757938
subj03	session06	546	0.4065313968389577
subj03	session06	547	0.17423892923252177
subj03	session06	548	0.3426997009824861
subj03	session06	549	0.16423750533959844
subj03	session06	550	0.2404058094831269
subj03	session06	551	0.3204214723052827
subj03	session06	552	-0.1989463192367934
subj03	session06	553	0.11826712231240213
subj03	session06	554	0.24835540367364378
subj03	session06	555	0.4210778869429019
subj03	session06	556	0.06957852769471735
subj03	session06	557	-0.12858892211305709
subj03	session06	558	0.019853339028905036
subj03	session06	559	0.355702691157625
subj03	session06	560	0.378080592339456
subj03	session06	561	0.056213868717072485
subj03	session06	562	0.16448383881532108
subj03	session06	563	0.41785419336465895
subj03	session06	564	0.12000569557169298
subj03	session06	565	0.2377815748255731
subj03	session06	566	0.08489819165598748
subj03	session06	567	-0.07086287911149082
subj03	session06	568	0.06321372632778016
subj03	session06	569	-0.28818168873700695
subj03	session06	570	-0.3872889078741279
subj03	session06	571	-0.3065470596611135
subj03	session06	572	0.4641905168731312
subj03	session06	573	-0.018866581233091245
subj03	session06	574	0.2459817741705824
subj03	session06	575	1.1803645165883527
subj03	session06	576	0.87461910864303
subj03	session06	577	-0.2519407660543927
subj03	session06	578	-0.5184109354976505
subj03	session06	579	-0.7045820874270254
subj03	session06	580	-0.46762921828278503
subj03	session06	581	0.18168019364943758
subj03	session06	582	0.42797522426313545
subj03	session06	583	0.8207090986757796
subj03	session06	584	0.3339513028620248
subj03	session06	585	0.33413071337035455
subj03	session06	586	0.7681873843086999
subj03	session06	587	0.7337633489961555
subj03	session06	588	1.0054592054677487
subj03	session06	589	0.7024277374341449
subj03	session06	590	0.27997579382030474
subj03	session06	591	0.2934301580521145
subj03	session06	592	0.8154891072191371
subj03	session06	593	0.7051872419194076
subj03	session06	594	0.46462338032179984
subj03	session06	595	-0.07246760643599601
subj03	session06	596	-0.0891456642460487
subj03	session06	597	0.25386871707247616
subj03	session06	598	0.003707817172148639
subj03	session06	599	0.2987683326213869
subj03	session06	600	-0.41068204471023784
subj03	session06	601	0.2765200056955717
subj03	session06	602	0.16902320945464905
subj03	session06	603	-0.1882286772034743
subj03	session06	604	0.014456784849779285
subj03	session06	605	-0.27572404955147367
subj03	session06	606	-0.23796098533390292
subj03	session06	607	-0.3713954150647871
subj03	session06	608	-0.5430813042859176
subj03	session06	609	-0.39295884949451804
subj03	session06	610	0.29030898476434575
subj03	session06	611	0.38030898476434577
subj03	session06	612	0.45904029616972797
subj03	session06	613	0.5886074327210594
subj03	session06	614	0.04979638331197494
subj03	session06	615	0.40544211875266983
subj03	session06	616	0.8184123593905739
subj03	session06	617	0.4539626940054108
subj03	session06	618	0.2961056528549053
subj03	session06	619	0.6410465612985904
subj03	session06	620	0.7919934500925531
subj03	session06	621	0.8144695998860887
subj03	session06	622	0.753817456927239
subj03	session06	623	0.4848839527267549
subj03	session06	624	0.5436451658835256
subj03	session06	625	0.4361583368930656
subj03	session06	626	0.18354406948597463
subj03	session06	627	0.1326669514452513
subj03	session06	628	0.10893350420048412
subj03	session06	629	0.1782201338459348
subj03	session06	630	0.9188680051260146
subj03	session06	631	1.268634486686601
subj03	session06	632	0.7744938060657839
subj03	session06	633	0.25299587071052254
subj03	session06	634	0.7995244197636338
subj03	session06	635	0.6256485832265414
subj03	session06	636	0.20879538658692864
subj03	session06	637	0.007093834543642343
subj03	session06	638	0.3434130713370355
subj03	session06	639	0.6824149223978356
subj03	session06	640	0.4481247330200769
subj03	session06	641	0.5721087854193365
subj03	session06	642	0.10943613840239214
subj03	session06	643	-0.06009112914708817
subj03	session06	644	-0.43820874270254884
subj03	session06	645	0.14253168161754234
subj03	session06	646	-0.03389007546632491
subj03	session06	647	0.7247942474725899
subj03	session06	648	0.8366752100242062
subj03	session06	649	0.5869784992168589
subj03	session06	650	0.19587925388010824
subj03	session06	651	-0.2839384878257155
subj03	session06	652	-0.4639142816460202
subj03	session06	653	-0.40122312402107363
subj03	session06	654	-0.2108927808628791
subj03	session06	655	-0.18345436423180972
subj03	session06	656	0.0466894489534387
subj03	session06	657	0.41765912003417344
subj03	session06	658	0.56479424747259
subj03	session06	659	0.3068261426740709
subj03	session06	660	0.6507632066068632
subj03	session06	661	0.020971094973657994
subj03	session06	662	0.10932934643314823
subj03	session06	663	-0.045674213299159924
subj03	session06	664	0.2760501210308985
subj03	session06	665	0.1128549053111206
subj03	session06	666	0.4525202904741563
subj03	session06	667	0.16925103232236938
subj03	session06	668	0.7039171294318667
subj03	session06	669	0.5039840523992596
subj03	session06	670	0.6583027196354834
subj03	session06	671	0.5824448241492239
subj03	session06	672	0.8088381033746262
subj03	session06	673	0.6691556314965115
subj03	session06	674	1.0808443685034885
subj03	session06	675	0.6970739000427167
subj03	session06	676	0.16223835967535244
subj03	session06	677	-0.15780720489819167
subj03	session06	678	-0.25490673501352706
subj03	session06	679	-0.5023764772889078
subj03	session06	680	-0.5992538801082159
subj03	session06	681	-0.0789662537377189
subj03	session06	682	0.6302263989747972
subj03	session06	683	0.6330143813185249
subj03	session06	684	0.462252598604585
subj03	session06	685	0.825538943471451
subj03	session06	686	0.6720247757368646
subj03	session06	687	0.4746077174996441
subj03	session06	688	0.41645877829987177
subj03	session06	689	0.43643172433433003
subj03	session06	690	0.28031325644311544
subj03	session06	691	0.4197237647728891
subj03	session06	692	0.7675295457781574
subj03	session06	693	0.5580748967677631
subj03	session06	694	0.234478143243628
subj03	session06	695	0.4061298590346006
subj03	session06	696	0.062397835682756655
subj03	session06	697	-0.039023209454649
subj03	session06	698	0.12539085860743274
subj03	session06	699	0.5804314395557454
subj03	session06	700	0.2961768475010679
subj03	session06	701	-0.035729745123166755
subj03	session06	702	0.10848782571550616
subj03	session06	703	0.9014053823152499
subj03	session06	704	0.06948882244055245
subj03	session06	705	-0.48168019364943754
subj03	session06	706	0.22954435426455927
subj03	session06	707	-0.08040438559020363
subj03	session06	708	0.35116901608999
subj03	session06	709	0.7932322369357824
subj03	session06	710	0.8856542787982343
subj03	session06	711	0.8794261711519293
subj03	session06	712	0.3638957710380179
subj03	session06	713	0.1444838388153211
subj03	session06	714	0.5344510892780864
subj03	session06	715	0.6804926669514454
subj03	session06	716	0.7784621956428877
subj03	session06	717	0.1446148369642603
subj03	session06	718	-0.2684451089278086
subj03	session06	719	0.23430300441406812
subj03	session06	720	0.165714082301011
subj03	session06	721	0.0031895201480848525
subj03	session06	722	0.1559390573828848
subj03	session06	723	0.22745123166737857
subj03	session06	724	0.17755659974369928
subj03	session06	725	0.1525644311547772
subj03	session06	726	0.31409084436850354
subj03	session06	727	0.05870140965399403
subj03	session06	728	-0.06622668375338173
subj03	session06	729	0.13164174854050972
subj03	session06	730	0.36674782856329213
subj03	session06	731	0.5203018652997294
subj03	session06	732	0.8593891499359247
subj03	session06	733	0.465047700412929
subj03	session06	734	0.5713840239214012
subj03	session06	735	0.10860316104228963
subj03	session06	736	0.37329773601025207
subj03	session06	737	-0.1943813185248469
subj03	session06	738	-0.18044425459205468
subj03	session06	739	-0.3337676206749252
subj03	session06	740	-0.3246575537519578
subj03	session06	741	0.0755702691157625
subj03	session06	742	0.11054819877545206
subj03	session06	743	0.4263405951872419
subj03	session06	744	0.586810479851915
subj03	session06	745	0.8304855474868289
subj03	session06	746	1.1690531112060372
subj03	session06	747	1.064882528833832
subj03	session06	748	0.8120361668802505
subj03	session06	749	0.2821999145664246
subj03	session07	0	0.32159048839527266
subj03	session07	1	0.3649594190516874
subj03	session07	2	0.22413498504912432
subj03	session07	3	0.24722056101381176
subj03	session07	4	0.3257753096967108
subj03	session07	5	0.36445678484977934
subj03	session07	6	0.16955859319379182
subj03	session07	7	0.21773458635910584
subj03	session07	8	-0.10872988751245904
subj03	session07	9	0.2848568987612132
subj03	session07	10	0.3120205040580948
subj03	session07	11	0.2475466324932365
subj03	session07	12	0.3083981204613413
subj03	session07	13	0.31276804784280227
subj03	session07	14	0.25301722910437136
subj03	session07	15	0.0630215007831411
subj03	session07	16	0.5203787555175852
subj03	session07	17	0.09444112202762353
subj03	session07	18	0.21066211020931225
subj03	session07	19	-0.0259419051687313
subj03	session07	20	-0.03963833119749396
subj03	session07	21	0.05581802648440839
subj03	session07	22	0.2719023209454649
subj03	session07	23	0.18899615548910723
subj03	session07	24	0.2278897906877403
subj03	session07	25	0.21989890360244913
subj03	session07	26	0.04625658550477006
subj03	session07	27	0.18471166168304143
subj03	session07	28	0.46545778157482554
subj03	session07	29	0.5363875836537093
subj03	session07	30	0.08474156343442973
subj03	session07	31	0.27289335042004836
subj03	session07	32	0.28038445108927806
subj03	session07	33	0.19506621102093122
subj03	session07	34	0.24755090417200626
subj03	session07	35	0.2609582799373487
subj03	session07	36	0.281022355118895
subj03	session07	37	0.235544639043144
subj03	session07	38	0.5537249038872277
subj03	session07	39	0.2950633632350847
subj03	session07	40	0.04105368076320662
subj03	session07	41	0.034918126156913004
subj03	session07	42	0.27244482414922394
subj03	session07	43	-0.03943613840239214
subj03	session07	44	-0.04967108073472874
subj03	session07	45	0.22117471166168304
subj03	session07	46	0.366612558735583
subj03	session07	47	0.41979638331197494
subj03	session07	48	0.10730884237505336
subj03	session07	49	-0.05374056670938346
subj03	session07	50	0.04328919265271253
subj03	session07	51	0.19205182970240636
subj03	session07	52	0.2863890075466325
subj03	session07	53	0.5938715648583226
subj03	session07	54	0.16455503346148367
subj03	session07	55	0.1343044283069913
subj03	session07	56	0.29519293749110065
subj03	session07	57	0.24069201196070056
subj03	session07	58	0.015148796810479854
subj03	session07	59	-0.1449750818738431
subj03	session07	60	0.3362380748967678
subj03	session07	61	0.3128520575252741
subj03	session07	62	0.03465185818026484
subj03	session07	63	0.37394418339740854
subj03	session07	64	0.20968816744980778
subj03	session07	65	0.27750106791969237
subj03	session07	66	0.14677773031468033
subj03	session07	67	0.3684308699985761
subj03	session07	68	0.19823579666809052
subj03	session07	69	0.28762779438986186
subj03	session07	70	0.43789548625943325
subj03	session07	71	-0.10254734443969817
subj03	session07	72	0.18833546917271823
subj03	session07	73	0.2545180122454791
subj03	session07	74	0.3375993165313968
subj03	session07	75	0.37355830841520715
subj03	session07	76	0.34477573686458773
subj03	session07	77	0.11887370069770752
subj03	session07	78	-0.16436850348853765
subj03	session07	79	0.11397266125587353
subj03	session07	80	-0.14054962266837534
subj03	session07	81	0.05713655133133991
subj03	session07	82	0.5014822725331055
subj03	session07	83	0.34943898618823865
subj03	session07	84	0.4080720489819166
subj03	session07	85	0.5238573259290901
subj03	session07	86	0.5069742275380892
subj03	session07	87	0.6488110494090845
subj03	session07	88	0.6644781432436282
subj03	session07	89	0.25913142531681616
subj03	session07	90	0.33253025772461914
subj03	session07	91	0.2926641036594048
subj03	session07	92	-0.005973230813042866
subj03	session07	93	-0.06072618539085862
subj03	session07	94	0.25666666666666665
subj03	session07	95	0.16953438701409654
subj03	session07	96	-0.10183112629930231
subj03	session07	97	0.17683041435284066
subj03	session07	98	0.07688594617684753
subj03	session07	99	0.2321002420617969
subj03	session07	100	0.12731026626797665
subj03	session07	101	0.12788979068774028
subj03	session07	102	0.11367791542076036
subj03	session07	103	0.09796668090559592
subj03	session07	104	0.2261241634629076
subj03	session07	105	0.4556329204043855
subj03	session07	106	0.14218994731596188
subj03	session07	107	0.15234372775167307
subj03	session07	108	0.23743556884522285
subj03	session07	109	0.17675779581375478
subj03	session07	110	0.0051473729175566104
subj03	session07	111	-0.15741705823722052
subj03	session07	112	0.0020888509184109356
subj03	session07	113	0.3111732877687598
subj03	session07	114	0.09999999999999999
subj03	session07	115	0.48112629930229245
subj03	session07	116	0.2967990887085291
subj03	session07	117	0.4503887227680479
subj03	session07	118	0.07537377189235371
subj03	session07	119	0.24605154492382172
subj03	session07	120	0.05399686743556884
subj03	session07	121	0.12519008970525414
subj03	session07	122	0.4512914708813897
subj03	session07	123	0.5683539797807206
subj03	session07	124	0.22699131425316815
subj03	session07	125	0.34693863021500776
subj03	session07	126	0.4054378470739
subj03	session07	127	0.516871707247615
subj03	session07	128	0.29766196782002
subj03	session07	129	0.1591513598177417
subj03	session07	130	0.008681475153068472
subj03	session07	131	0.1524348568987612
subj03	session07	132	0.21486686601167587
subj03	session07	133	0.2670397266125587
subj03	session07	134	0.09583084152071765
subj03	session07	135	0.2610081161896625
subj03	session07	136	0.3675708386729318
subj03	session07	137	0.09560729033176708
subj03	session07	138	0.12750818738430866
subj03	session07	139	0.011648868005125991
subj03	session07	140	0.35596753524134983
subj03	session07	141	0.20781005268403815
subj03	session07	142	0.2763462907589349
subj03	session07	143	-0.0937989463192368
subj03	session07	144	0.42979495941905166
subj03	session07	145	0.430496938630215
subj03	session07	146	-0.04243628079168448
subj03	session07	147	0.01640324647586503
subj03	session07	148	0.3266396127011249
subj03	session07	149	0.15064502349423323
subj03	session07	150	0.30435711234515167
subj03	session07	151	0.2921913712088851
subj03	session07	152	0.10850633632350845
subj03	session07	153	0.21994589206891635
subj03	session07	154	0.5019493094119322
subj03	session07	155	0.6471166168304144
subj03	session07	156	-0.3597323081304286
subj03	session07	157	-0.12541791257297447
subj03	session07	158	0.2585049124305852
subj03	session07	159	0.269367791542076
subj03	session07	160	0.35761640324647587
subj03	session07	161	0.38406663818880815
subj03	session07	162	0.9209639755090419
subj03	session07	163	0.5184621956428875
subj03	session07	164	-0.03257582229816317
subj03	session07	165	0.03407945322511748
subj03	session07	166	0.09449807774455363
subj03	session07	167	0.3530286202477574
subj03	session07	168	-0.0011191798376762208
subj03	session07	169	0.04747401395415066
subj03	session07	170	0.2126712231240211
subj03	session07	171	-0.1223522711092126
subj03	session07	172	0.12674498077744556
subj03	session07	173	0.6142816460202193
subj03	session07	174	0.06050121030898476
subj03	session07	175	-0.005883525558877988
subj03	session07	176	0.17648440837249038
subj03	session07	177	0.310959703830272
subj03	session07	178	0.17550192225544636
subj03	session07	179	0.46304428306991313
subj03	session07	180	0.4296397550904172
subj03	session07	181	0.293749110066923
subj03	session07	182	0.07274668944895346
subj03	session07	183	0.07591057952441975
subj03	session07	184	0.1462637049693863
subj03	session07	185	0.1474312971664531
subj03	session07	186	0.02756514310123878
subj03	session07	187	0.5086473017229104
subj03	session07	188	0.2829033176705112
subj03	session07	189	0.032874839812046135
subj03	session07	190	0.2634102235511889
subj03	session07	191	0.32673501352698275
subj03	session07	192	0.37502776591200343
subj03	session07	193	0.5260401537804358
subj03	session07	194	0.013129716645308279
subj03	session07	195	0.15611704399829132
subj03	session07	196	-0.002128719920262015
subj03	session07	197	0.47398120461341303
subj03	session07	198	0.617753096967108
subj03	session07	199	0.746041577673359
subj03	session07	200	0.2646660971094974
subj03	session07	201	0.07680336038729885
subj03	session07	202	0.29664388437989464
subj03	session07	203	0.24798376762067492
subj03	session07	204	0.3311291470881389
subj03	session07	205	0.14217143670795956
subj03	session07	206	0.09460344582087427
subj03	session07	207	0.2102577246191086
subj03	session07	208	-0.16190659262423468
subj03	session07	209	0.13515734016801936
subj03	session07	210	-0.03467464046703687
subj03	session07	211	0.45880820162323793
subj03	session07	212	0.4261113484265983
subj03	session07	213	0.1504072333760501
subj03	session07	214	0.04823579666809056
subj03	session07	215	0.19024490958279938
subj03	session07	216	0.35576249466040155
subj03	session07	217	0.32579524419763634
subj03	session07	218	0.034351416773458585
subj03	session07	219	0.2969614125017799
subj03	session07	220	-0.29293179552897625
subj03	session07	221	-0.04405951872419193
subj03	session07	222	0.366052968816745
subj03	session07	223	0.031695856471593356
subj03	session07	224	0.0019891784137832957
subj03	session07	225	0.3392410650719066
subj03	session07	226	0.34301010963975503
subj03	session07	227	0.437391428164602
subj03	session07	228	0.5859148512031894
subj03	session07	229	0.00474156343442974
subj03	session07	230	0.14883952726754948
subj03	session07	231	0.17491670226398975
subj03	session07	232	0.4035867862736722
subj03	session07	233	0.6547828563292039
subj03	session07	234	0.4178257155061939
subj03	session07	235	0.25583368930656414
subj03	session07	236	0.04197351559162753
subj03	session07	237	0.10831126299302295
subj03	session07	238	0.14575537519578524
subj03	session07	239	0.12930656414637617
subj03	session07	240	-0.18229104371351273
subj03	session07	241	0.2887797237647729
subj03	session07	242	0.3609298020788836
subj03	session07	243	-0.06984621956428876
subj03	session07	244	0.21015805211448096
subj03	session07	245	0.5088964829844796
subj03	session07	246	0.5208942047558024
subj03	session07	247	0.6931752812188523
subj03	session07	248	0.17316389007546634
subj03	session07	249	0.3035042004841235
subj03	session07	250	0.19604442545920545
subj03	session07	251	0.4349323650861455
subj03	session07	252	0.3124348568987612
subj03	session07	253	0.4844980777445536
subj03	session07	254	0.32963690730457074
subj03	session07	255	0.4228606008828136
subj03	session07	256	0.637577958137548
subj03	session07	257	0.41876690872846356
subj03	session07	258	0.17876690872846362
subj03	session07	259	0.17927523850206467
subj03	session07	260	-0.17756229531539228
subj03	session07	261	0.36296169728036454
subj03	session07	262	-0.2336878826712231
subj03	session07	263	-0.10071906592624233
subj03	session07	264	0.2651701552043287
subj03	session07	265	0.2258009397693293
subj03	session07	266	0.28680620817314534
subj03	session07	267	0.32551188950590915
subj03	session07	268	0.23608002278228676
subj03	session07	269	0.10624377046846076
subj03	session07	270	0.030455645735440684
subj03	session07	271	0.28787128007973806
subj03	session07	272	0.18933361811191798
subj03	session07	273	-0.058252883383169564
subj03	session07	274	0.47588067777303156
subj03	session07	275	0.8881218852342303
subj03	session07	276	0.3822027623522711
subj03	session07	277	0.09294176277943898
subj03	session07	278	0.23490388722768046
subj03	session07	279	-0.03658835255588781
subj03	session07	280	0.18448099102947457
subj03	session07	281	0.4514167734586358
subj03	session07	282	0.004327210593763338
subj03	session07	283	0.01652712516018797
subj03	session07	284	0.14545493378897906
subj03	session07	285	-0.03839242488964831
subj03	session07	286	0.1941079310835825
subj03	session07	287	0.2128435141677346
subj03	session07	288	0.3159134273102662
subj03	session07	289	0.3807261853908586
subj03	session07	290	0.054946604015378014
subj03	session07	291	0.3164160615121743
subj03	session07	292	0.5811220276235227
subj03	session07	293	0.2333433005837961
subj03	session07	294	0.15521429588494945
subj03	session07	295	-0.051768475010679174
subj03	session07	296	0.1780677773031468
subj03	session07	297	0.11032179980065494
subj03	session07	298	0.06727324505197205
subj03	session07	299	0.06760643599601311
subj03	session07	300	0.10410793108358252
subj03	session07	301	0.014742987327352972
subj03	session07	302	0.579537234799943
subj03	session07	303	0.46923679339313695
subj03	session07	304	0.27287341591912284
subj03	session07	305	0.5321372632778014
subj03	session07	306	0.30632208457923965
subj03	session07	307	0.24232521714367078
subj03	session07	308	0.15475295457781574
subj03	session07	309	-0.32287056813327636
subj03	session07	310	-0.07249181261569133
subj03	session07	311	0.5399757938203048
subj03	session07	312	0.5811675921970668
subj03	session07	313	0.37745835113199494
subj03	session07	314	0.35896055816602596
subj03	session07	315	-0.09635198633062794
subj03	session07	316	0.23436423180976795
subj03	session07	317	0.725516161184679
subj03	session07	318	0.15855759646874557
subj03	session07	319	0.06936921543499928
subj03	session07	320	0.10765057667663391
subj03	session07	321	0.0032820731880962325
subj03	session07	322	0.11441122027623522
subj03	session07	323	0.06892353695002137
subj03	session07	324	0.13896482984479566
subj03	session07	325	0.023313398832407798
subj03	session07	326	0.19934928093407375
subj03	session07	327	0.38636337747401395
subj03	session07	328	0.0280734728748398
subj03	session07	329	0.0953823152498932
subj03	session07	330	-0.030828705681332735
subj03	session07	331	0.08749537234799944
subj03	session07	332	0.4542289619820589
subj03	session07	333	0.393947031183255
subj03	session07	334	0.2524903887227681
subj03	session07	335	0.41633632350847216
subj03	session07	336	0.7132963121173288
subj03	session07	337	0.6947686173999715
subj03	session07	338	0.7820988181688737
subj03	session07	339	0.2805026342019081
subj03	session07	340	0.167882671223124
subj03	session07	341	0.24681902320945462
subj03	session07	342	0.2139797807204898
subj03	session07	343	0.2102918980492667
subj03	session07	344	0.2258821016659547
subj03	session07	345	0.16452370781717213
subj03	session07	346	0.18405667093834543
subj03	session07	347	-0.11924533675067633
subj03	session07	348	0.10899188381033746
subj03	session07	349	0.09787270397266126
subj03	session07	350	0.23460486971379754
subj03	session07	351	0.06361953581090704
subj03	session07	352	0.08940908443685033
subj03	session07	353	-0.2751730029901751
subj03	session07	354	0.10049409084436847
subj03	session07	355	0.3074056670938345
subj03	session07	356	0.17769756514310125
subj03	session07	357	0.1446347714651858
subj03	session07	358	0.2821870995301153
subj03	session07	359	0.24823010109639757
subj03	session07	360	0.3528150363092696
subj03	session07	361	0.354280222127296
subj03	session07	362	0.07391143386017372
subj03	session07	363	0.23228677203474302
subj03	session07	364	0.025748255731168998
subj03	session07	365	0.14964687455503342
subj03	session07	366	0.42293464331482267
subj03	session07	367	0.20653851630357398
subj03	session07	368	-0.07713370354549337
subj03	session07	369	-0.023203759077317396
subj03	session07	370	0.1607147942474726
subj03	session07	371	0.3063178129004699
subj03	session07	372	0.45897479709525846
subj03	session07	373	0.37200626512886226
subj03	session07	374	0.44514025345294034
subj03	session07	375	0.5401039441833975
subj03	session07	376	0.2776947173572548
subj03	session07	377	0.053649437562295316
subj03	session07	378	0.011863875836537101
subj03	session07	379	0.6633959846219564
subj03	session07	380	0.09583368930656416
subj03	session07	381	0.11857183539797807
subj03	session07	382	0.2472718211590488
subj03	session07	383	0.8166168304143527
subj03	session07	384	0.04662537377189236
subj03	session07	385	0.3173216574113627
subj03	session07	386	-0.0026413213726327674
subj03	session07	387	0.018711376904456782
subj03	session07	388	-0.07654278798234372
subj03	session07	389	-0.11528833831695856
subj03	session07	390	0.025993165313968395
subj03	session07	391	0.24475580236366226
subj03	session07	392	0.23078456500071193
subj03	session07	393	0.3934529403388865
subj03	session07	394	0.5308059233945607
subj03	session07	395	0.3337476861739997
subj03	session07	396	0.4446532820731881
subj03	session07	397	0.23663676491527838
subj03	session07	398	0.09346575537519577
subj03	session07	399	-0.1267763064217571
subj03	session07	400	0.2569087284636195
subj03	session07	401	0.3635383739142816
subj03	session07	402	0.23326925815178695
subj03	session07	403	-0.36816744980777444
subj03	session07	404	-0.26941905168731306
subj03	session07	405	-0.004708813897194922
subj03	session07	406	0.3623593905738288
subj03	session07	407	0.522298163178129
subj03	session07	408	1.0225032037590776
subj03	session07	409	0.8601879538658693
subj03	session07	410	0.6280037021216005
subj03	session07	411	0.31795244197636346
subj03	session07	412	-0.15343870140965402
subj03	session07	413	0.3183596753524135
subj03	session07	414	0.1913897194930941
subj03	session07	415	0.040921258721344125
subj03	session07	416	-0.05806920119607006
subj03	session07	417	0.04398832407802932
subj03	session07	418	0.2097152214153496
subj03	session07	419	0.48046846077174993
subj03	session07	420	0.18393991171863877
subj03	session07	421	0.2939712373629503
subj03	session07	422	0.5176135554606293
subj03	session07	423	0.3148654421187526
subj03	session07	424	0.48431154777160756
subj03	session07	425	0.097058237220561
subj03	session07	426	-0.10162466182543076
subj03	session07	427	-0.04111348426598321
subj03	session07	428	0.12567848497792966
subj03	session07	429	0.08719777872703975
subj03	session07	430	0.24241777018368219
subj03	session07	431	0.23833546917271822
subj03	session07	432	0.09675352413498503
subj03	session07	433	-0.11040296169728034
subj03	session07	434	0.1630215007831411
subj03	session07	435	0.28578812473302007
subj03	session07	436	0.22914566424604874
subj03	session07	437	0.3520347429873273
subj03	session07	438	0.5091983482842091
subj03	session07	439	0.5509796383311975
subj03	session07	440	0.6609625516161185
subj03	session07	441	0.1943528406663819
subj03	session07	442	0.40687882671223125
subj03	session07	443	0.14018652997294598
subj03	session07	444	0.06619393421614692
subj03	session07	445	-0.049498789691015246
subj03	session07	446	-0.06401395415064788
subj03	session07	447	-0.24551900897052542
subj03	session07	448	-0.15837818596041578
subj03	session07	449	-0.1406820447102378
subj03	session07	450	0.40398547629218284
subj03	session07	451	0.2861013811761355
subj03	session07	452	0.5221870995301153
subj03	session07	453	0.2935098960558166
subj03	session07	454	0.5675836537092411
subj03	session07	455	0.389666809055959
subj03	session07	456	0.30862879111490815
subj03	session07	457	0.29881959276662395
subj03	session07	458	0.060892780862879116
subj03	session07	459	0.12868005126014523
subj03	session07	460	0.23229389149935922
subj03	session07	461	0.39420902748113346
subj03	session07	462	0.2485675637192083
subj03	session07	463	0.6213982628506336
subj03	session07	464	0.6877274668944895
subj03	session07	465	0.40239783568275667
subj03	session07	466	0.04994304428306991
subj03	session07	467	-0.38548056386159757
subj03	session07	468	0.0071792681190374266
subj03	session07	469	0.06334330058379613
subj03	session07	470	0.05223124021073614
subj03	session07	471	0.1484294461056529
subj03	session07	472	-0.19041008116189664
subj03	session07	473	-0.13986473017229106
subj03	session07	474	0.21782713939911721
subj03	session07	475	0.3929317955289762
subj03	session07	476	0.024668944895343853
subj03	session07	477	0.25257582229816317
subj03	session07	478	0.15842375053395985
subj03	session07	479	0.416211020931226
subj03	session07	480	0.12399401964972236
subj03	session07	481	0.24768902178556168
subj03	session07	482	0.22949024633347573
subj03	session07	483	0.37312829275238507
subj03	session07	484	0.3926997009824861
subj03	session07	485	0.5041833974085148
subj03	session07	486	0.27255731169016095
subj03	session07	487	0.3905510465612985
subj03	session07	488	0.4831838245763918
subj03	session07	489	0.377526697992311
subj03	session07	490	0.19859604157767335
subj03	session07	491	0.17946034458208743
subj03	session07	492	-0.03458778299871848
subj03	session07	493	-0.29603303431581945
subj03	session07	494	-0.21055247045422182
subj03	session07	495	0.4117855617257582
subj03	session07	496	0.4659646874555033
subj03	session07	497	0.4601608999003275
subj03	session07	498	0.6850519720916987
subj03	session07	499	0.6033447244767193
subj03	session07	500	0.23390146660971092
subj03	session07	501	0.31429730884237506
subj03	session07	502	0.20920119607005552
subj03	session07	503	0.12703403104086572
subj03	session07	504	0.06443685034885378
subj03	session07	505	-0.15267976648156056
subj03	session07	506	-0.011557738858037878
subj03	session07	507	0.1997650576676634
subj03	session07	508	0.16340879965826569
subj03	session07	509	-0.007317385732592907
subj03	session07	510	0.5137590773173858
subj03	session07	511	1.125696995585932
subj03	session07	512	0.44036024490958287
subj03	session07	513	0.24912572974512318
subj03	session07	514	0.3655546062936067
subj03	session07	515	0.12372347999430443
subj03	session07	516	0.0761056528549053
subj03	session07	517	-0.36421614694574966
subj03	session07	518	0.050820162323793217
subj03	session07	519	-0.0700897052541649
subj03	session07	520	0.5176406094261712
subj03	session07	521	0.18524277374341447
subj03	session07	522	0.001667378613128294
subj03	session07	523	0.032036166880250634
subj03	session07	524	0.005783853054250317
subj03	session07	525	0.014256015947600753
subj03	session07	526	0.032162893350420045
subj03	session07	527	0.11914281646020215
subj03	session07	528	0.040308984764345676
subj03	session07	529	0.05849067350135268
subj03	session07	530	0.6643542645593051
subj03	session07	531	0.4288551900897053
subj03	session07	532	0.02693435853623809
subj03	session07	533	0.22195073330485554
subj03	session07	534	0.19074469599886087
subj03	session07	535	0.6068930656414637
subj03	session07	536	0.330795956144098
subj03	session07	537	0.2086003132564431
subj03	session07	538	-0.029841947885519002
subj03	session07	539	-0.030518297024063813
subj03	session07	540	0.22085291186102804
subj03	session07	541	0.6504926669514453
subj03	session07	542	0.6702036166880251
subj03	session07	543	0.3387398547629218
subj03	session07	544	0.07601737149366367
subj03	session07	545	-0.07965399401964976
subj03	session07	546	0.009618396696568388
subj03	session07	547	0.3723266410365941
subj03	session07	548	0.3691100669229674
subj03	session07	549	0.2517585077602164
subj03	session07	550	0.47877687597892643
subj03	session07	551	0.027775879253880104
subj03	session07	552	0.32734728748398123
subj03	session07	553	-0.20779581375480566
subj03	session07	554	0.17225971806920118
subj03	session07	555	0.3418952014808487
subj03	session07	556	0.193602449095828
subj03	session07	557	0.5661839669656842
subj03	session07	558	0.4880279083012958
subj03	session07	559	0.259215434999288
subj03	session07	560	0.38330627936779155
subj03	session07	561	0.42954293037163604
subj03	session07	562	0.3823693578242916
subj03	session07	563	0.8231140538231525
subj03	session07	564	0.8811206037305995
subj03	session07	565	1.1265598746974228
subj03	session07	566	0.4699188381033747
subj03	session07	567	-0.19370212160045563
subj03	session07	568	0.14608999003274953
subj03	session07	569	0.2046732165741136
subj03	session07	570	0.10669372063220844
subj03	session07	571	-0.17863875836537094
subj03	session07	572	-0.11206891641748541
subj03	session07	573	-0.04823579666809053
subj03	session07	574	0.3225103232236936
subj03	session07	575	-0.0662138687170725
subj03	session07	576	0.02737576534244625
subj03	session07	577	0.013769044567848486
subj03	session07	578	0.001483696426028773
subj03	session07	579	-0.018845222839242493
subj03	session07	580	0.041133418766908715
subj03	session07	581	0.08517727466894487
subj03	session07	582	0.17586501495087573
subj03	session07	583	0.16804499501637477
subj03	session07	584	0.12586074327210592
subj03	session07	585	0.7243599601309981
subj03	session07	586	0.5900711946461625
subj03	session07	587	0.4871650291898049
subj03	session07	588	0.2511006692296739
subj03	session07	589	0.4188737006977076
subj03	session07	590	0.45474583511319944
subj03	session07	591	0.6980606578385304
subj03	session07	592	0.2949309411932223
subj03	session07	593	0.223591057952442
subj03	session07	594	0.11085575964687455
subj03	session07	595	-0.04245479139968674
subj03	session07	596	0.11593051402534531
subj03	session07	597	0.19884807062508894
subj03	session07	598	0.5498775452086003
subj03	session07	599	0.44486117043998286
subj03	session07	600	0.45755659974369933
subj03	session07	601	0.14536238074896768
subj03	session07	602	0.1643898618823864
subj03	session07	603	-0.07019649722340882
subj03	session07	604	-0.02500783141107788
subj03	session07	605	-0.0131297166453083
subj03	session07	606	0.052755232806492955
subj03	session07	607	0.2781902320945465
subj03	session07	608	0.1278470739000427
subj03	session07	609	0.055400825857895485
subj03	session07	610	0.500948312686886
subj03	session07	611	0.5741705823722056
subj03	session07	612	0.5054179125729745
subj03	session07	613	0.30788551900897054
subj03	session07	614	0.31406236651003844
subj03	session07	615	0.10388580378755517
subj03	session07	616	-0.002729602733874419
subj03	session07	617	0.36700412928947734
subj03	session07	618	-0.005158764060942633
subj03	session07	619	0.002410650719065901
subj03	session07	620	0.017303146803360384
subj03	session07	621	-0.03201338459347854
subj03	session07	622	0.27598035027765916
subj03	session07	623	0.2843143955574541
subj03	session07	624	0.29133561156201054
subj03	session07	625	-0.11414922397835682
subj03	session07	626	-0.3755546062936067
subj03	session07	627	-0.2851089278086288
subj03	session07	628	0.11309411932222697
subj03	session07	629	0.23620817314537948
subj03	session07	630	0.2291841093549765
subj03	session07	631	0.18185675637192078
subj03	session07	632	0.22495799515876405
subj03	session07	633	0.22887370069770752
subj03	session07	634	0.5820617969528691
subj03	session07	635	0.7099458920689165
subj03	session07	636	0.4242887654848355
subj03	session07	637	0.04687882671223126
subj03	session07	638	0.3222995870710523
subj03	session07	639	0.6109326498647301
subj03	session07	640	0.61321799800655
subj03	session07	641	0.12913712088850915
subj03	session07	642	0.43189092980207894
subj03	session07	643	0.07360814466752102
subj03	session07	644	0.09461483696426029
subj03	session07	645	0.27612558735583087
subj03	session07	646	0.21081589064502348
subj03	session07	647	0.4104997864160615
subj03	session07	648	0.22714651858180265
subj03	session07	649	0.32963548341164745
subj03	session07	650	0.39073757653424457
subj03	session07	651	0.14633347572262564
subj03	session07	652	-0.10197921116332052
subj03	session07	653	0.015994589206891657
subj03	session07	654	0.37941050832977363
subj03	session07	655	0.10607717499644026
subj03	session07	656	0.44582229816317814
subj03	session07	657	0.3042930371636053
subj03	session07	658	0.2651943613840239
subj03	session07	659	0.34423323366082864
subj03	session07	660	0.17254022497508187
subj03	session07	661	0.06841663106934358
subj03	session07	662	0.03473302007689021
subj03	session07	663	0.03285348141819737
subj03	session07	664	0.033203759077317395
subj03	session07	665	0.038932080307560894
subj03	session07	666	0.12484693151075038
subj03	session07	667	0.23872134415491952
subj03	session07	668	0.24294603445820875
subj03	session07	669	0.21453082728178843
subj03	session07	670	0.14533532678342587
subj03	session07	671	0.23703260714794247
subj03	session07	672	0.15174426883098388
subj03	session07	673	5.5531824006832745e-05
subj03	session07	674	0.34824576391855333
subj03	session07	675	0.3198846646732165
subj03	session07	676	0.06594902463334756
subj03	session07	677	0.24810052684038159
subj03	session07	678	0.3530627936779154
subj03	session07	679	0.4053339028905027
subj03	session07	680	0.46211732877687595
subj03	session07	681	0.04305282642745268
subj03	session07	682	0.3461369784992168
subj03	session07	683	0.4672647016944326
subj03	session07	684	0.20487113769044568
subj03	session07	685	0.38866154065214303
subj03	session07	686	0.45767763064217565
subj03	session07	687	0.5009653994019649
subj03	session07	688	0.447459775024918
subj03	session07	689	-0.133111206037306
subj03	session07	690	-0.11166880250605157
subj03	session07	691	-0.4725986045849352
subj03	session07	692	-0.12533105510465609
subj03	session07	693	0.5583938487825715
subj03	session07	694	-0.020875694147800057
subj03	session07	695	-0.07166737861312829
subj03	session07	696	-0.03021500783141106
subj03	session07	697	0.04592481845365228
subj03	session07	698	0.3684023921401111
subj03	session07	699	0.49632493236508607
subj03	session07	700	0.4949337889790687
subj03	session07	701	0.32397978072048983
subj03	session07	702	0.09875978926384736
subj03	session07	703	0.13503203759077317
subj03	session07	704	0.615110351701552
subj03	session07	705	0.5322469030328919
subj03	session07	706	0.6958764060942616
subj03	session07	707	0.3781304285917699
subj03	session07	708	0.5427395699843371
subj03	session07	709	0.5005225687028335
subj03	session07	710	0.3933945607290332
subj03	session07	711	0.2385519008970525
subj03	session07	712	0.09783425886373345
subj03	session07	713	-0.24049551473729175
subj03	session07	714	0.23360529688167456
subj03	session07	715	-0.04925388010821587
subj03	session07	716	0.36307276092837826
subj03	session07	717	-0.11187099530115335
subj03	session07	718	-0.022207034031040882
subj03	session07	719	0.10431297166453082
subj03	session07	720	0.03406094261711519
subj03	session07	721	0.3987982343727752
subj03	session07	722	0.12166737861312826
subj03	session07	723	0.4586615406521429
subj03	session07	724	0.47417200626512884
subj03	session07	725	0.5576306421757085
subj03	session07	726	0.4703887227680479
subj03	session07	727	0.25328492097394273
subj03	session07	728	0.26722768047842804
subj03	session07	729	0.09777445536095686
subj03	session07	730	-0.220778869429019
subj03	session07	731	-0.19733020076890218
subj03	session07	732	-0.2523052826427453
subj03	session07	733	-0.38319236793393135
subj03	session07	734	0.274392709668233
subj03	session07	735	0.7732963121173289
subj03	session07	736	0.7820945464901039
subj03	session07	737	0.18607575110351698
subj03	session07	738	0.10700555318240068
subj03	session07	739	0.0917399971522141
subj03	session07	740	0.14380464189092979
subj03	session07	741	0.2995101808344013
subj03	session07	742	0.21942759504485265
subj03	session07	743	0.5913470027053965
subj03	session07	744	0.9003431581945038
subj03	session07	745	0.6737875551758508
subj03	session07	746	0.22108073472874837
subj03	session07	747	0.41089847643457217
subj03	session07	748	0.25643884379894627
subj03	session07	749	0.385081873843087
subj03	session08	0	0.38326071479424745
subj03	session08	1	0.25142958849494523
subj03	session08	2	0.06457496796240922
subj03	session08	3	0.11028762637049697
subj03	session08	4	0.2577730314680336
subj03	session08	5	0.416018795386587
subj03	session08	6	-0.20862309554321512
subj03	session08	7	-0.2530599458920689
subj03	session08	8	-0.30935497650576677
subj03	session08	9	0.19136408942047556
subj03	session08	10	0.05399686743556884
subj03	session08	11	0.2328363947031183
subj03	session08	12	0.0569784992168589
subj03	session08	13	0.2624761497935355
subj03	session08	14	-0.002397835682756661
subj03	session08	15	0.3941506478712801
subj03	session08	16	-0.14728036451658835
subj03	session08	17	0.07100669229673927
subj03	session08	18	0.40018795386586925
subj03	session08	19	0.12695286914424037
subj03	session08	20	0.7437049693863022
subj03	session08	21	0.4097522426313541
subj03	session08	22	0.14370354549337888
subj03	session08	23	-0.12874982201338458
subj03	session08	24	0.15554463904314395
subj03	session08	25	0.25342161469457497
subj03	session08	26	0.42229958707105225
subj03	session08	27	0.30267264701694435
subj03	session08	28	0.13663534102235514
subj03	session08	29	0.045266979923109796
subj03	session08	30	0.3100327495372348
subj03	session08	31	0.07913427310266268
subj03	session08	32	0.2437790118183113
subj03	session08	33	0.11465897764488109
subj03	session08	34	-0.022685462053253596
subj03	session08	35	0.28754520860031324
subj03	session08	36	0.12056955716930084
subj03	session08	37	0.1821073615264132
subj03	session08	38	0.13125729745123166
subj03	session08	39	0.04201623237932509
subj03	session08	40	-0.08010536807632065
subj03	session08	41	0.4223992595756799
subj03	session08	42	-0.023183824576391843
subj03	session08	43	-0.00835540367364373
subj03	session08	44	0.2848568987612131
subj03	session08	45	0.017257582229816295
subj03	session08	46	0.05815605866438843
subj03	session08	47	-0.0009810622241207523
subj03	session08	48	-0.12891214580663538
subj03	session08	49	-0.05033319094404101
subj03	session08	50	0.15024490958279937
subj03	session08	51	0.08745550334614836
subj03	session08	52	0.30965968959134277
subj03	session08	53	0.4986999857610708
subj03	session08	54	0.28215577388580376
subj03	session08	55	0.16173145379467466
subj03	session08	56	0.3239199772177132
subj03	session08	57	-0.11940054107931085
subj03	session08	58	-0.19555603018652995
subj03	session08	59	-0.012051829702406406
subj03	session08	60	0.1420760358821017
subj03	session08	61	0.16467036878826716
subj03	session08	62	-0.028067777303146794
subj03	session08	63	-0.1614822725331055
subj03	session08	64	0.2031952157197779
subj03	session08	65	0.40006407518154635
subj03	session08	66	0.5576164032464759
subj03	session08	67	0.5822155773885804
subj03	session08	68	0.1113598177417058
subj03	session08	69	0.047464046703687875
subj03	session08	70	-0.007782998718496356
subj03	session08	71	-0.22654990744696
subj03	session08	72	-0.1403303431581945
subj03	session08	73	0.36470169443257866
subj03	session08	74	0.4885533247899758
subj03	session08	75	0.5908016517157909
subj03	session08	76	0.21660116759219708
subj03	session08	77	0.21434714509468886
subj03	session08	78	0.030730457069628368
subj03	session08	79	0.1519564288765485
subj03	session08	80	-0.2356799088708529
subj03	session08	81	0.0957966680905596
subj03	session08	82	0.10488395272675496
subj03	session08	83	0.23113057098106218
subj03	session08	84	0.12410650719065924
subj03	session08	85	0.3546361953581091
subj03	session08	86	-0.009634059518724208
subj03	session08	87	0.17449238217286062
subj03	session08	88	0.5269130001423892
subj03	session08	89	0.3173529830556742
subj03	session08	90	0.501976363377474
subj03	session08	91	0.6046347714651857
subj03	session08	92	0.1774939484550762
subj03	session08	93	0.06119607005553182
subj03	session08	94	-0.1448141819735156
subj03	session08	95	-0.18080165171579096
subj03	session08	96	0.1977886942901894
subj03	session08	97	-0.23917129431866724
subj03	session08	98	0.01652285348141821
subj03	session08	99	-0.06161184678912144
subj03	session08	100	0.3218667236223836
subj03	session08	101	0.2714409796383312
subj03	session08	102	-0.08642033319094407
subj03	session08	103	-0.03203047130855763
subj03	session08	104	0.31277089562864874
subj03	session08	105	0.005286914424035321
subj03	session08	106	-0.10550619393421613
subj03	session08	107	-0.19109497365798092
subj03	session08	108	0.21131567706108503
subj03	session08	109	0.29782713939911715
subj03	session08	110	-0.1486359105795244
subj03	session08	111	-0.12261569130001422
subj03	session08	112	-0.175245621529261
subj03	session08	113	0.18927239071621813
subj03	session08	114	0.6077716075751103
subj03	session08	115	0.48518724191940765
subj03	session08	116	0.5829132849209739
subj03	session08	117	0.2713541221700128
subj03	session08	118	0.1945165883525559
subj03	session08	119	0.3762181403958422
subj03	session08	120	0.2984109354976506
subj03	session08	121	0.23739285205752528
subj03	session08	122	0.2471052256870283
subj03	session08	123	0.5927139399117185
subj03	session08	124	0.06846219564288765
subj03	session08	125	-0.06139399117186387
subj03	session08	126	-0.035228534814182
subj03	session08	127	0.28632350847216287
subj03	session08	128	0.07469599886088565
subj03	session08	129	0.3810949736579809
subj03	session08	130	0.3055916275096112
subj03	session08	131	0.43163747686174003
subj03	session08	132	0.4293663676491527
subj03	session08	133	0.16681475153068487
subj03	session08	134	0.06536950021358393
subj03	session08	135	-0.1830613697849922
subj03	session08	136	-0.0028776875978926437
subj03	session08	137	0.30961697280364514
subj03	session08	138	0.6209340737576534
subj03	session08	139	0.2900327495372348
subj03	session08	140	0.4518624519436139
subj03	session08	141	0.023608144667521026
subj03	session08	142	-0.20424035312544497
subj03	session08	143	-0.03578242916132706
subj03	session08	144	-0.15512174284493804
subj03	session08	145	0.180479851915136
subj03	session08	146	0.44024206179695285
subj03	session08	147	0.40714367079595615
subj03	session08	148	0.07081873843086996
subj03	session08	149	-0.3910138117613555
subj03	session08	150	-0.2128719920261996
subj03	session08	151	-0.15881959276662397
subj03	session08	152	0.1826641036594048
subj03	session08	153	0.48781574825573115
subj03	session08	154	0.2999003274953723
subj03	session08	155	0.24299587071052262
subj03	session08	156	0.39320660686316394
subj03	session08	157	0.3540310408657269
subj03	session08	158	0.5316631069343586
subj03	session08	159	0.04602306706535671
subj03	session08	160	0.286035882101666
subj03	session08	161	0.02158906450234942
subj03	session08	162	-0.19148796810479848
subj03	session08	163	-0.5224405524704543
subj03	session08	164	-0.24833119749394847
subj03	session08	165	-0.04292182827851345
subj03	session08	166	-0.36699131425316817
subj03	session08	167	0.20972091698704257
subj03	session08	168	0.17259148512031894
subj03	session08	169	0.16848497792965964
subj03	session08	170	-0.15459775024918126
subj03	session08	171	0.008170297593620972
subj03	session08	172	0.48066495799515885
subj03	session08	173	0.7356913000142389
subj03	session08	174	0.7728805353837391
subj03	session08	175	0.6480449950163747
subj03	session08	176	-0.11024490958279937
subj03	session08	177	-0.005470596611134845
subj03	session08	178	0.388486401822583
subj03	session08	179	0.30664388437989465
subj03	session08	180	0.39674640467036876
subj03	session08	181	0.10996297878399543
subj03	session08	182	0.11394418339740851
subj03	session08	183	0.011452370781717227
subj03	session08	184	0.05530400113911433
subj03	session08	185	0.2131524989320803
subj03	session08	186	0.046998433717784435
subj03	session08	187	-0.2051744268830984
subj03	session08	188	0.2636366225259861
subj03	session08	189	0.5224775736864589
subj03	session08	190	0.5772376477288907
subj03	session08	191	0.21768759789263847
subj03	session08	192	0.22218852342303863
subj03	session08	193	0.4767278940623665
subj03	session08	194	0.4512857753096967
subj03	session08	195	0.3443086999857611
subj03	session08	196	0.007607859888936341
subj03	session08	197	-0.02514879681047989
subj03	session08	198	-0.2018254307276093
subj03	session08	199	-0.6667948170297594
subj03	session08	200	-0.15708101950733305
subj03	session08	201	-0.25102805069058803
subj03	session08	202	-0.190654990744696
subj03	session08	203	-0.07494518012245478
subj03	session08	204	0.06375338174569271
subj03	session08	205	0.33989178413783283
subj03	session08	206	0.47163747686174007
subj03	session08	207	0.47263420190801647
subj03	session08	208	0.32569699558593196
subj03	session08	209	0.23189235369500213
subj03	session08	210	0.6386173999715221
subj03	session08	211	0.26592909013242205
subj03	session08	212	0.3800541079310836
subj03	session08	213	0.21220988181688735
subj03	session08	214	0.4989990032749538
subj03	session08	215	0.5613142531681617
subj03	session08	216	-0.03398262850633629
subj03	session08	217	-0.039802078883667935
subj03	session08	218	-0.07483554036736437
subj03	session08	219	-0.09839669656841805
subj03	session08	220	-0.09156058664388436
subj03	session08	221	0.1401096397550904
subj03	session08	222	0.02924960842944611
subj03	session08	223	0.250011391143386
subj03	session08	224	0.022802221272960246
subj03	session08	225	0.22577388580378754
subj03	session08	226	0.20619962978783996
subj03	session08	227	-0.1379837676206749
subj03	session08	228	0.36555033461483694
subj03	session08	229	0.4033902890502634
subj03	session08	230	-0.43926527125160186
subj03	session08	231	-0.02988751245906309
subj03	session08	232	0.3376633917129432
subj03	session08	233	0.35993307703260713
subj03	session08	234	0.7599999999999999
subj03	session08	235	0.33975366652427735
subj03	session08	236	0.586188238644454
subj03	session08	237	0.5439712373629503
subj03	session08	238	-0.11770326071479426
subj03	session08	239	0.06896910152356539
subj03	session08	240	-0.40333048554748685
subj03	session08	241	-0.20257867008400968
subj03	session08	242	0.015627224832692573
subj03	session08	243	0.2215862167165029
subj03	session08	244	-0.049260999572832115
subj03	session08	245	0.018604584935212876
subj03	session08	246	0.1211761355546063
subj03	session08	247	0.2516047273245052
subj03	session08	248	0.49071621814039584
subj03	session08	249	0.32321942189947317
subj03	session08	250	-0.01728178840951162
subj03	session08	251	0.03668660116759222
subj03	session08	252	0.40817029759362095
subj03	session08	253	0.004676064359960152
subj03	session08	254	-0.10526413213726331
subj03	session08	255	-0.02914139256727892
subj03	session08	256	0.2646034458208743
subj03	session08	257	0.29996582656984194
subj03	session08	258	0.27704826997009824
subj03	session08	259	0.05057667663391714
subj03	session08	260	0.3824035312544497
subj03	session08	261	0.3081432436280792
subj03	session08	262	-7.119464616278663e-06
subj03	session08	263	-0.12170724761497939
subj03	session08	264	0.04116616830414354
subj03	session08	265	-0.38051972091698705
subj03	session08	266	0.15813897194930943
subj03	session08	267	0.38241777018368217
subj03	session08	268	0.6608400968247188
subj03	session08	269	0.38440694859746544
subj03	session08	270	0.44670511177559447
subj03	session08	271	-0.16857753096967107
subj03	session08	272	-0.0805182970240638
subj03	session08	273	0.38189520148084866
subj03	session08	274	0.16554748682899045
subj03	session08	275	0.4186273672219849
subj03	session08	276	0.273760501210309
subj03	session08	277	0.129034600598035
subj03	session08	278	-0.18246618254307276
subj03	session08	279	-0.2644681759931653
subj03	session08	280	0.2847429873273529
subj03	session08	281	0.24468318382457638
subj03	session08	282	0.059359248184536514
subj03	session08	283	-0.05466752100242063
subj03	session08	284	0.029658265698419475
subj03	session08	285	0.049222554463904306
subj03	session08	286	0.29125729745123163
subj03	session08	287	0.7401836821870995
subj03	session08	288	0.36304285917698986
subj03	session08	289	0.3827908301295742
subj03	session08	290	0.777024063790403
subj03	session08	291	0.5866623949878969
subj03	session08	292	0.064280222127296
subj03	session08	293	-0.1456898761213157
subj03	session08	294	-0.19039299444681762
subj03	session08	295	-0.5048996155489108
subj03	session08	296	-0.5173216574113626
subj03	session08	297	-0.39093122597180685
subj03	session08	298	-0.07607575110351701
subj03	session08	299	0.2350021358393848
subj03	session08	300	0.10840951160472731
subj03	session08	301	0.045603018652997276
subj03	session08	302	-0.368549053111206
subj03	session08	303	0.1478356827566567
subj03	session08	304	0.40734301580521143
subj03	session08	305	0.9787754520860033
subj03	session08	306	0.6965798091983483
subj03	session08	307	0.6404713085575965
subj03	session08	308	0.5700128150363093
subj03	session08	309	0.5165057667663391
subj03	session08	310	0.24018937775879254
subj03	session08	311	0.22389577103801794
subj03	session08	312	-0.09538231524989323
subj03	session08	313	0.49515876406094267
subj03	session08	314	0.5356457354406948
subj03	session08	315	0.5598106222412074
subj03	session08	316	0.44966538516303567
subj03	session08	317	0.3331510750391571
subj03	session08	318	0.6251245906307845
subj03	session08	319	0.380158052114481
subj03	session08	320	-0.012652712516018846
subj03	session08	321	0.11775736864587784
subj03	session08	322	-0.20634486686601167
subj03	session08	323	-0.18790545350989601
subj03	session08	324	0.30755232806492955
subj03	session08	325	-0.05667093834543639
subj03	session08	326	0.3126683753381746
subj03	session08	327	0.0935696995585932
subj03	session08	328	0.2283240780293322
subj03	session08	329	0.14588352555887796
subj03	session08	330	0.20914424035312545
subj03	session08	331	0.1986316389007547
subj03	session08	332	0.2158237220561014
subj03	session08	333	0.16594475295457783
subj03	session08	334	-0.2537704684607718
subj03	session08	335	0.3375580236366225
subj03	session08	336	0.20533247899757937
subj03	session08	337	0.07180264844083727
subj03	session08	338	0.004579239641178977
subj03	session08	339	0.12047558023636623
subj03	session08	340	0.15570838672931794
subj03	session08	341	-0.09045849352128722
subj03	session08	342	0.008702833546917265
subj03	session08	343	0.059102947458351165
subj03	session08	344	0.21830414352840669
subj03	session08	345	0.41610280506905883
subj03	session08	346	-0.08119179837676208
subj03	session08	347	0.13634059518724195
subj03	session08	348	0.5828648725615833
subj03	session08	349	0.5676021643172433
subj03	session08	350	0.07741421045137406
subj03	session08	351	-0.3261697280364516
subj03	session08	352	-0.1577687597892638
subj03	session08	353	-0.270654990744696
subj03	session08	354	0.036908728463619526
subj03	session08	355	0.5373415919122883
subj03	session08	356	0.7057083867293179
subj03	session08	357	0.08634059518724192
subj03	session08	358	0.020236366225259872
subj03	session08	359	-0.0080079738003702
subj03	session08	360	-0.07849352128719922
subj03	session08	361	-0.15902320945464904
subj03	session08	362	0.006219564288765486
subj03	session08	363	-0.02057810052684037
subj03	session08	364	0.5111818311262993
subj03	session08	365	0.6128022212729602
subj03	session08	366	0.7223622383596754
subj03	session08	367	0.4252641321372633
subj03	session08	368	0.2855247045422184
subj03	session08	369	-0.04035170155204329
subj03	session08	370	0.2136209597038303
subj03	session08	371	0.10592197066780577
subj03	session08	372	-0.2120988181688737
subj03	session08	373	-0.16143670795956144
subj03	session08	374	0.1765114623380322
subj03	session08	375	-0.33245906307845646
subj03	session08	376	-0.1904812758080592
subj03	session08	377	-0.12262138687170725
subj03	session08	378	0.4426840381603303
subj03	session08	379	0.7864060942617116
subj03	session08	380	0.3488110494090845
subj03	session08	381	-0.2925217143670796
subj03	session08	382	-0.28669656841805496
subj03	session08	383	-0.636132706820447
subj03	session08	384	0.21965684180549624
subj03	session08	385	0.33102093122597176
subj03	session08	386	0.09578812473302008
subj03	session08	387	-0.013357539513028613
subj03	session08	388	0.30316246618254306
subj03	session08	389	0.08131994873985476
subj03	session08	390	0.139859034600598
subj03	session08	391	0.5307959561440979
subj03	session08	392	0.7484351416773458
subj03	session08	393	0.21956856044425455
subj03	session08	394	0.14961839669656843
subj03	session08	395	0.5901352698277089
subj03	session08	396	0.47569557169300875
subj03	session08	397	-0.17676491527837104
subj03	session08	398	-0.1781503630926954
subj03	session08	399	-0.16789975793820308
subj03	session08	400	-0.49690018510608003
subj03	session08	401	-0.2049708101950733
subj03	session08	402	-0.10762067492524562
subj03	session08	403	0.023603872988751225
subj03	session08	404	0.29905168731311405
subj03	session08	405	0.16820589491670226
subj03	session08	406	0.36205467748825293
subj03	session08	407	0.3253965541791257
subj03	session08	408	0.42501352698277084
subj03	session08	409	0.39062651288623096
subj03	session08	410	0.7144169158479282
subj03	session08	411	0.5445550334614837
subj03	session08	412	0.2576078598889363
subj03	session08	413	-0.18390431439555746
subj03	session08	414	-0.2700042716787698
subj03	session08	415	-0.23047700412928945
subj03	session08	416	-0.34520717642033316
subj03	session08	417	-0.17911149081589062
subj03	session08	418	-0.09442403531254447
subj03	session08	419	-0.3978613128292753
subj03	session08	420	0.01310123878684323
subj03	session08	421	0.023293464331482272
subj03	session08	422	0.15808628791114904
subj03	session08	423	-0.06386586928662967
subj03	session08	424	-0.11617257582229817
subj03	session08	425	0.024174854050975383
subj03	session08	426	0.29246760643599606
subj03	session08	427	0.33053680763206605
subj03	session08	428	0.006531396838957707
subj03	session08	429	0.3533974085148797
subj03	session08	430	0.4032863448668661
subj03	session08	431	0.2451302862024776
subj03	session08	432	0.20958422326641035
subj03	session08	433	0.2771735725473445
subj03	session08	434	0.46756229531539234
subj03	session08	435	0.12408087711804074
subj03	session08	436	0.26273102662679765
subj03	session08	437	0.43843656557026917
subj03	session08	438	0.4940125302577245
subj03	session08	439	0.4204826997009825
subj03	session08	440	0.12604015378043573
subj03	session08	441	0.06542218425174423
subj03	session08	442	0.21248611704399825
subj03	session08	443	0.012820731880962534
subj03	session08	444	-0.13851487968104798
subj03	session08	445	0.2674398405239926
subj03	session08	446	0.17340452797949596
subj03	session08	447	-0.20360956856044424
subj03	session08	448	0.00023494233233661315
subj03	session08	449	-0.018517727466894486
subj03	session08	450	0.06630357397123732
subj03	session08	451	-0.02249893208030757
subj03	session08	452	0.1970781717214865
subj03	session08	453	0.14329346433148227
subj03	session08	454	-0.09868289904599173
subj03	session08	455	-0.034977929659689586
subj03	session08	456	0.09612701124875409
subj03	session08	457	0.6360800227822868
subj03	session08	458	0.369209739427595
subj03	session08	459	0.5448896482984479
subj03	session08	460	0.3498020788836679
subj03	session08	461	-0.03713085575964688
subj03	session08	462	-0.2819948739854763
subj03	session08	463	-0.0425274099387726
subj03	session08	464	-0.13276662394987895
subj03	session08	465	-0.06121173287768763
subj03	session08	466	0.23408799658265697
subj03	session08	467	0.7160543927096682
subj03	session08	468	0.4582172860600882
subj03	session08	469	0.02815036309269544
subj03	session08	470	0.13060088281361243
subj03	session08	471	-0.21963263562580093
subj03	session08	472	0.08117186387583651
subj03	session08	473	0.2321942189947316
subj03	session08	474	0.13451516445963266
subj03	session08	475	-0.17461056528549052
subj03	session08	476	-0.027956713655133136
subj03	session08	477	0.14176277943898616
subj03	session08	478	0.4396653851630357
subj03	session08	479	0.5476021643172433
subj03	session08	480	0.35410365940481275
subj03	session08	481	0.35865726897337313
subj03	session08	482	0.4191186102805069
subj03	session08	483	-0.3162152926099957
subj03	session08	484	-0.37235227110921254
subj03	session08	485	-0.39865584508044993
subj03	session08	486	-0.3120504058094831
subj03	session08	487	0.029232521714367094
subj03	session08	488	0.3931425316816175
subj03	session08	489	0.11773601025202905
subj03	session08	490	-0.16645308272817883
subj03	session08	491	-0.2860558166025915
subj03	session08	492	-0.008261426740709104
subj03	session08	493	0.40149793535526135
subj03	session08	494	0.22848355403673642
subj03	session08	495	0.28919692439128575
subj03	session08	496	0.35289335042004844
subj03	session08	497	0.5695671365513313
subj03	session08	498	0.20896340595187243
subj03	session08	499	0.22598035027765911
subj03	session08	500	0.021281503630926932
subj03	session08	501	-0.18558450804499502
subj03	session08	502	-0.6756201053680763
subj03	session08	503	-0.6396468745550334
subj03	session08	504	0.07738858037875555
subj03	session08	505	0.5122113057098107
subj03	session08	506	0.31315392282500354
subj03	session08	507	0.35554463904314393
subj03	session08	508	0.7021272960273387
subj03	session08	509	1.0448198775452084
subj03	session08	510	0.8275537519578527
subj03	session08	511	0.4379111490815891
subj03	session08	512	0.1957909725188666
subj03	session08	513	0.03470739000427166
subj03	session08	514	-0.11099387726043003
subj03	session08	515	0.0538971949309412
subj03	session08	516	0.23523565427879822
subj03	session08	517	0.2081517869856187
subj03	session08	518	0.22717499644026767
subj03	session08	519	0.048643030044140695
subj03	session08	520	-0.41189804926669515
subj03	session08	521	-0.15026911576249466
subj03	session08	522	-0.19692296739285206
subj03	session08	523	0.06526697992310979
subj03	session08	524	-0.050276235227110916
subj03	session08	525	0.08688452228392421
subj03	session08	526	0.05605012103089845
subj03	session08	527	0.2217229104371351
subj03	session08	528	0.2608044995016375
subj03	session08	529	-0.10170155204328633
subj03	session08	530	0.18257012672647016
subj03	session08	531	0.15264559305140252
subj03	session08	532	0.21953296312117332
subj03	session08	533	-0.12347002705396552
subj03	session08	534	0.10752954577815749
subj03	session08	535	0.028025060515449247
subj03	session08	536	0.05225829417627795
subj03	session08	537	0.17543215150220703
subj03	session08	538	0.2049665385163036
subj03	session08	539	0.4804442545920547
subj03	session08	540	0.4492738146091414
subj03	session08	541	0.4553965541791257
subj03	session08	542	0.4518866581233092
subj03	session08	543	-0.22863591057952443
subj03	session08	544	0.0006606863163890198
subj03	session08	545	0.40487540936921546
subj03	session08	546	0.7838957710380179
subj03	session08	547	0.5712629930229247
subj03	session08	548	0.36539797807204893
subj03	session08	549	-0.23409796383311973
subj03	session08	550	-0.37603018652997294
subj03	session08	551	-0.3337818596041578
subj03	session08	552	-0.336905880677773
subj03	session08	553	0.007593620959703832
subj03	session08	554	0.18479994304428304
subj03	session08	555	0.3461127723195216
subj03	session08	556	0.43730457069628365
subj03	session08	557	0.32077032607147943
subj03	session08	558	0.14757795813754807
subj03	session08	559	0.0360045564573544
subj03	session08	560	-0.24723195215719776
subj03	session08	561	-0.010734728748398134
subj03	session08	562	0.5911391143386017
subj03	session08	563	-0.0059433290616545485
subj03	session08	564	0.15338886515734018
subj03	session08	565	0.25522426313541224
subj03	session08	566	0.002533105510465622
subj03	session08	567	-0.10748398120461342
subj03	session08	568	-0.1408970525416489
subj03	session08	569	-0.1604385590203617
subj03	session08	570	0.08496369073045704
subj03	session08	571	0.2964189092980208
subj03	session08	572	0.5422440552470454
subj03	session08	573	0.4365684180549623
subj03	session08	574	0.3990559589918838
subj03	session08	575	0.5152812188523423
subj03	session08	576	0.3275081873843087
subj03	session08	577	0.559920261996298
subj03	session08	578	0.495059091556315
subj03	session08	579	0.5126683753381746
subj03	session08	580	0.30945464901039443
subj03	session08	581	-0.20702406379040295
subj03	session08	582	-0.513111206037306
subj03	session08	583	-0.3367634913854478
subj03	session08	584	-0.29955574540794533
subj03	session08	585	-0.2402150078314111
subj03	session08	586	-0.28656984194788554
subj03	session08	587	-0.006232379325074762
subj03	session08	588	-0.00803075608714224
subj03	session08	589	-0.43235227110921254
subj03	session08	590	-0.396397550904172
subj03	session08	591	-0.09057810052684037
subj03	session08	592	-0.07310693435853625
subj03	session08	593	0.47677203474298735
subj03	session08	594	0.27514594902463335
subj03	session08	595	0.6773771892353695
subj03	session08	596	0.9280179410508329
subj03	session08	597	0.4398035027765912
subj03	session08	598	0.5518952014808487
subj03	session08	599	0.2903929944468176
subj03	session08	600	0.014328634486686621
subj03	session08	601	0.5041705823722056
subj03	session08	602	0.2943798946319237
subj03	session08	603	0.5210593763348996
subj03	session08	604	0.44212160045564575
subj03	session08	605	-0.15003844510892778
subj03	session08	606	-0.3473458635910579
subj03	session08	607	-0.4494873985476292
subj03	session08	608	-0.24226541364089416
subj03	session08	609	0.05746262281076462
subj03	session08	610	0.13574398405239926
subj03	session08	611	0.4688153210878542
subj03	session08	612	0.19595899188381036
subj03	session08	613	-0.1931581945037733
subj03	session08	614	-0.22158764060942618
subj03	session08	615	-0.07961554891072194
subj03	session08	616	0.12446817599316531
subj03	session08	617	0.1788025060515449
subj03	session08	618	0.4123551188950591
subj03	session08	619	0.26523707817172154
subj03	session08	620	0.10628363947031182
subj03	session08	621	0.16578812473302007
subj03	session08	622	0.08468175993165314
subj03	session08	623	0.3870767478285632
subj03	session08	624	0.14133845934785705
subj03	session08	625	0.2592225544639043
subj03	session08	626	0.15923964117898337
subj03	session08	627	0.06384451089278086
subj03	session08	628	-0.06102235511889508
subj03	session08	629	0.2071237362950306
subj03	session08	630	0.12130001423892925
subj03	session08	631	0.14654421187526698
subj03	session08	632	-0.04866438843798945
subj03	session08	633	-0.24488537661967819
subj03	session08	634	-0.40357112345151647
subj03	session08	635	-0.15663676491527834
subj03	session08	636	0.13786131282927525
subj03	session08	637	0.3616218140395842
subj03	session08	638	0.5376648156058664
subj03	session08	639	0.45379040296169726
subj03	session08	640	0.11302862024775735
subj03	session08	641	-0.05714082301010964
subj03	session08	642	-0.03495087569414777
subj03	session08	643	-0.1886031610422896
subj03	session08	644	-0.02371351274384165
subj03	session08	645	-0.03792681190374485
subj03	session08	646	0.33248611704399833
subj03	session08	647	0.6827025487683327
subj03	session08	648	0.6029659689591341
subj03	session08	649	0.6239812046134131
subj03	session08	650	0.3078000854335754
subj03	session08	651	0.1778741278655845
subj03	session08	652	0.5062352271109212
subj03	session08	653	0.41759504485262705
subj03	session08	654	0.19591200341734305
subj03	session08	655	0.019995728321230248
subj03	session08	656	-0.3254677488252884
subj03	session08	657	-0.3250121030898476
subj03	session08	658	-0.33012245479139973
subj03	session08	659	-0.29194076605439273
subj03	session08	660	-0.19326498647301724
subj03	session08	661	-0.04660971094973656
subj03	session08	662	0.038126156913000114
subj03	session08	663	0.37726327780150937
subj03	session08	664	0.49881104940908444
subj03	session08	665	0.21123878684322941
subj03	session08	666	0.011694432578670089
subj03	session08	667	-0.022884807062508918
subj03	session08	668	0.043853054250320385
subj03	session08	669	0.07356258009397695
subj03	session08	670	-0.15408942047558025
subj03	session08	671	-0.025917698989036023
subj03	session08	672	0.08574825573116902
subj03	session08	673	0.0966296454506621
subj03	session08	674	-0.043377474013954156
subj03	session08	675	0.11199487398547626
subj03	session08	676	0.374415491955005
subj03	session08	677	0.3189534387014097
subj03	session08	678	0.11691300014238927
subj03	session08	679	-0.0012302434856898377
subj03	session08	680	0.1349594190516873
subj03	session08	681	0.4218624519436139
subj03	session08	682	0.6514253168161754
subj03	session08	683	0.5684992168588922
subj03	session08	684	0.10684465328207318
subj03	session08	685	0.27228107646305
subj03	session08	686	0.3749651146233803
subj03	session08	687	0.19488822440552472
subj03	session08	688	-0.02529830556742134
subj03	session08	689	0.20984621956428876
subj03	session08	690	0.35023067065356683
subj03	session08	691	0.1440523992595757
subj03	session08	692	0.12516445963263562
subj03	session08	693	0.08086715079026058
subj03	session08	694	0.1567435568845223
subj03	session08	695	0.6251302862024775
subj03	session08	696	0.3494546490103944
subj03	session08	697	0.5209141392567279
subj03	session08	698	0.04444824149223978
subj03	session08	699	-0.0667820019934501
subj03	session08	700	-0.10862594332906166
subj03	session08	701	-0.09982913284920972
subj03	session08	702	0.5238203047130856
subj03	session08	703	0.1443514167734586
subj03	session08	704	-0.17968674355688455
subj03	session08	705	-0.32650291898049266
subj03	session08	706	-0.10987042574398406
subj03	session08	707	0.034049551473729164
subj03	session08	708	-0.2107147942474726
subj03	session08	709	0.6559860458493522
subj03	session08	710	0.8381475153068488
subj03	session08	711	0.3603246475865015
subj03	session08	712	0.023465755375195775
subj03	session08	713	-0.007016944325786705
subj03	session08	714	0.05101665954720205
subj03	session08	715	0.06562722483269258
subj03	session08	716	-0.005006407518154647
subj03	session08	717	-0.05762494660401538
subj03	session08	718	0.0020731880962551277
subj03	session08	719	0.4094546490103944
subj03	session08	720	0.03422326641036591
subj03	session08	721	-0.05430158052114478
subj03	session08	722	0.5583155346717927
subj03	session08	723	0.47223835967535244
subj03	session08	724	0.5460415776733589
subj03	session08	725	0.1445222839242489
subj03	session08	726	0.3632037590773174
subj03	session08	727	0.45612985903460057
subj03	session08	728	0.3495742560159476
subj03	session08	729	0.37502776591200343
subj03	session08	730	-0.03691869571408231
subj03	session08	731	-0.6670326071479424
subj03	session08	732	-0.6052470454221842
subj03	session08	733	-0.10418766908728463
subj03	session08	734	0.009535810907019795
subj03	session08	735	0.1417627794389862
subj03	session08	736	-0.11482984479567139
subj03	session08	737	0.009084436850348874
subj03	session08	738	0.1307503915705539
subj03	session08	739	0.2551075039157055
subj03	session08	740	0.026360529688167458
subj03	session08	741	-0.4284621956428876
subj03	session08	742	-0.05192083155346718
subj03	session08	743	-0.2643699273814609
subj03	session08	744	0.0009896055816602605
subj03	session08	745	0.2797280364516588
subj03	session08	746	0.2538701409653994
subj03	session08	747	0.4705567421329916
subj03	session08	748	0.754223266410366
subj03	session08	749	0.6103602449095828
subj03	session09	0	0.19196070055531828
subj03	session09	1	0.02677630642175709
subj03	session09	2	-0.01329631211732877
subj03	session09	3	-0.1528947743129717
subj03	session09	4	0.41695571693008693
subj03	session09	5	0.05288338316958565
subj03	session09	6	0.3403687882671223
subj03	session09	7	-0.10788124733020076
subj03	session09	8	-0.3374811334187669
subj03	session09	9	0.19056101381176135
subj03	session09	10	0.44290616545635775
subj03	session09	11	0.057472590061227354
subj03	session09	12	-0.16965541791257294
subj03	session09	13	0.5878371066495799
subj03	session09	14	0.6387427025487683
subj03	session09	15	0.7038260002847786
subj03	session09	16	0.14461198917841378
subj03	session09	17	0.08579951587640612
subj03	session09	18	0.45680193649437567
subj03	session09	19	0.29502349423323365
subj03	session09	20	0.10959419051687315
subj03	session09	21	0.1037476861739997
subj03	session09	22	0.23575964687455506
subj03	session09	23	-0.018781147657696142
subj03	session09	24	-0.3796710807347287
subj03	session09	25	0.12098391000996726
subj03	session09	26	0.1244838388153211
subj03	session09	27	-0.04086999857610707
subj03	session09	28	0.1832948882244055
subj03	session09	29	0.37573828848070623
subj03	session09	30	0.5651003844510893
subj03	session09	31	0.4750662110209313
subj03	session09	32	-0.17939769329346433
subj03	session09	33	0.4135511889505909
subj03	session09	34	0.4341506478712801
subj03	session09	35	0.36906450234942334
subj03	session09	36	0.19620674925245624
subj03	session09	37	-0.1109682471878115
subj03	session09	38	-0.24488110494090845
subj03	session09	39	0.015567421329916004
subj03	session09	40	0.15637761640324646
subj03	session09	41	0.04316531396838957
subj03	session09	42	0.2972889078741279
subj03	session09	43	0.017942474725900628
subj03	session09	44	-0.35014523707817174
subj03	session09	45	-0.46549195500498364
subj03	session09	46	0.23143813185248469
subj03	session09	47	0.10837106649579953
subj03	session09	48	0.5627025487683327
subj03	session09	49	0.4779083012957425
subj03	session09	50	0.6443200911291471
subj03	session09	51	0.4890887085291186
subj03	session09	52	-0.03187669087284638
subj03	session09	53	0.362467606435996
subj03	session09	54	0.012535953296312123
subj03	session09	55	-0.20294603445820872
subj03	session09	56	0.07633347572262567
subj03	session09	57	0.14329915990317527
subj03	session09	58	-0.033787555175850796
subj03	session09	59	0.26753808913569704
subj03	session09	60	0.6552470454221843
subj03	session09	61	0.47207176420333186
subj03	session09	62	0.22593763348996154
subj03	session09	63	0.17484835540367366
subj03	session09	64	-0.22633489961554892
subj03	session09	65	0.3706592624234657
subj03	session09	66	0.2532592909013242
subj03	session09	67	0.49038872276804785
subj03	session09	68	0.11303146803360388
subj03	session09	69	-0.2171536380464189
subj03	session09	70	0.019830556742133014
subj03	session09	71	0.13033888651573403
subj03	session09	72	-0.1378328349708102
subj03	session09	73	0.007781574825573094
subj03	session09	74	0.15299729460344583
subj03	session09	75	0.09704826997009827
subj03	session09	76	0.3641876690872847
subj03	session09	77	0.21268546205325356
subj03	session09	78	0.5025815178698563
subj03	session09	79	0.465047700412929
subj03	session09	80	0.15557881247330202
subj03	session09	81	0.14147088138971947
subj03	session09	82	0.17760216431724335
subj03	session09	83	0.1845194361384024
subj03	session09	84	0.12509041720062652
subj03	session09	85	-0.2188210166595472
subj03	session09	86	0.26012387868432296
subj03	session09	87	0.30360529688167454
subj03	session09	88	-0.09240495514737294
subj03	session09	89	0.020541079310835816
subj03	session09	90	-0.28985903460059803
subj03	session09	91	-0.3451345578812473
subj03	session09	92	-0.3894204755802363
subj03	session09	93	0.2624576391855332
subj03	session09	94	0.2819322226968532
subj03	session09	95	0.3521728606008828
subj03	session09	96	0.8215506193934217
subj03	session09	97	0.678604584935213
subj03	session09	98	0.4473031468033604
subj03	session09	99	0.3712231240210736
subj03	session09	100	0.31567136551331343
subj03	session09	101	0.2747444112202762
subj03	session09	102	0.3354449665385163
subj03	session09	103	0.03536238074896768
subj03	session09	104	0.2943229389149936
subj03	session09	105	-0.11623665100384449
subj03	session09	106	-0.20707959561440983
subj03	session09	107	-0.20062793677915422
subj03	session09	108	-0.030751815463477102
subj03	session09	109	0.08521571977787268
subj03	session09	110	0.38281361241634626
subj03	session09	111	0.07112914708813896
subj03	session09	112	0.13465755375195787
subj03	session09	113	0.22800085433575396
subj03	session09	114	0.35909867577958143
subj03	session09	115	0.3966766339171294
subj03	session09	116	-0.13099957283212302
subj03	session09	117	-0.4510123878684323
subj03	session09	118	-0.1632336608287057
subj03	session09	119	-0.04134130713370355
subj03	session09	120	-0.0052370781717214826
subj03	session09	121	0.15213156770610853
subj03	session09	122	0.14284778584650434
subj03	session09	123	0.43342303858749814
subj03	session09	124	0.06097679054535102
subj03	session09	125	0.3919194076605439
subj03	session09	126	0.4951416773458636
subj03	session09	127	0.4780264844083725
subj03	session09	128	0.6522881959276663
subj03	session09	129	0.3276363377474014
subj03	session09	130	0.5804342873415919
subj03	session09	131	0.6328591769898905
subj03	session09	132	0.6627879823437277
subj03	session09	133	0.6814666097109496
subj03	session09	134	0.4363961270112488
subj03	session09	135	-0.04725615833689306
subj03	session09	136	-0.25899473159618397
subj03	session09	137	0.14905453509896052
subj03	session09	138	0.30758365370924107
subj03	session09	139	0.2465228534814182
subj03	session09	140	0.15809483126868862
subj03	session09	141	0.15006122739569983
subj03	session09	142	0.20271678769756513
subj03	session09	143	-0.1335696995585932
subj03	session09	144	0.369876121315677
subj03	session09	145	0.20032749537234804
subj03	session09	146	0.19161754236081446
subj03	session09	147	-0.53345009255304
subj03	session09	148	-0.45064217570838677
subj03	session09	149	-0.4396255161611847
subj03	session09	150	-0.43875694147800093
subj03	session09	151	-0.13242061796952873
subj03	session09	152	-0.022629930229246763
subj03	session09	153	0.379497365798092
subj03	session09	154	0.23050832977360103
subj03	session09	155	0.6623522711092127
subj03	session09	156	0.731163320518297
subj03	session09	157	0.3668717072476149
subj03	session09	158	0.3611832550192225
subj03	session09	159	0.1490203616688025
subj03	session09	160	-0.07409369215434998
subj03	session09	161	-0.2643442973088424
subj03	session09	162	-0.2302506051544924
subj03	session09	163	-0.15133276377616403
subj03	session09	164	0.0028634486686600984
subj03	session09	165	0.4077046846077175
subj03	session09	166	0.5409226826142675
subj03	session09	167	0.10898049266695146
subj03	session09	168	-0.08959419051687313
subj03	session09	169	0.019222554463904352
subj03	session09	170	0.17316531396838958
subj03	session09	171	0.08521144809910296
subj03	session09	172	0.195573116901609
subj03	session09	173	0.49031040865726894
subj03	session09	174	0.5798091983482841
subj03	session09	175	0.7415292609995728
subj03	session09	176	0.2730983910009967
subj03	session09	177	0.19854050975366652
subj03	session09	178	0.23290331767051117
subj03	session09	179	0.43099530115335327
subj03	session09	180	0.06477288907874125
subj03	session09	181	-0.3603004414068062
subj03	session09	182	-0.2765299729460345
subj03	session09	183	-0.03571408230101093
subj03	session09	184	0.21991456642460483
subj03	session09	185	0.22056528549053112
subj03	session09	186	0.2447088138971949
subj03	session09	187	0.1657582229816318
subj03	session09	188	0.15516303573971238
subj03	session09	189	0.3060657838530543
subj03	session09	190	0.2460273387441264
subj03	session09	191	0.3819749394845508
subj03	session09	192	0.3570838672931796
subj03	session09	193	0.4388039299444682
subj03	session09	194	0.33403816033034317
subj03	session09	195	0.3120162323793251
subj03	session09	196	0.058648725615833674
subj03	session09	197	0.1187612131567706
subj03	session09	198	0.29082016232379326
subj03	session09	199	0.6504997864160615
subj03	session09	200	0.47911433860173713
subj03	session09	201	0.2774540794532251
subj03	session09	202	0.2813028620247757
subj03	session09	203	-0.11993307703260714
subj03	session09	204	-0.19017371493663676
subj03	session09	205	-0.3873558308415207
subj03	session09	206	-0.30741848213014383
subj03	session09	207	0.20247330200768904
subj03	session09	208	0.2923608144667521
subj03	session09	209	0.09237932507475438
subj03	session09	210	0.3137177844226114
subj03	session09	211	0.35562580093976937
subj03	session09	212	0.17661398262850636
subj03	session09	213	0.17145664246048697
subj03	session09	214	0.16644596326356256
subj03	session09	215	0.39601594760074044
subj03	session09	216	0.16401680193649437
subj03	session09	217	0.5131866723622384
subj03	session09	218	0.4040794532251175
subj03	session09	219	-0.12596611134842664
subj03	session09	220	0.14345151644596327
subj03	session09	221	0.09188238644453937
subj03	session09	222	-0.08353837391428165
subj03	session09	223	-0.08097394275950448
subj03	session09	224	0.05197921116332052
subj03	session09	225	-0.2518225829417628
subj03	session09	226	-0.3241890929802079
subj03	session09	227	0.002530257724619102
subj03	session09	228	-0.011487968104798511
subj03	session09	229	0.3784351416773458
subj03	session09	230	0.5059547202050406
subj03	session09	231	0.28805923394560723
subj03	session09	232	0.15950590915563145
subj03	session09	233	-0.197899757938203
subj03	session09	234	0.2962010536807632
subj03	session09	235	0.0640196497223409
subj03	session09	236	0.2874298732735298
subj03	session09	237	0.251304285917699
subj03	session09	238	0.3912316673786131
subj03	session09	239	0.6213626655275523
subj03	session09	240	-0.002889078741278672
subj03	session09	241	-0.03495087569414781
subj03	session09	242	0.010273387441264409
subj03	session09	243	0.07892068916417486
subj03	session09	244	0.41176989890360244
subj03	session09	245	0.231654563576819
subj03	session09	246	0.20155346717926814
subj03	session09	247	0.3843300583796099
subj03	session09	248	0.3299658265698419
subj03	session09	249	0.30998576107076753
subj03	session09	250	-0.020790260572404975
subj03	session09	251	-0.01449522995870707
subj03	session09	252	0.1191940766054393
subj03	session09	253	0.5538601737149366
subj03	session09	254	0.5461668802506052
subj03	session09	255	-0.015474868289904608
subj03	session09	256	0.26410223551188944
subj03	session09	257	0.05227965257012671
subj03	session09	258	0.36130143813185245
subj03	session09	259	0.45341307133703546
subj03	session09	260	0.31031183255019223
subj03	session09	261	0.24154349992880528
subj03	session09	262	0.12165456357681903
subj03	session09	263	0.555268403816033
subj03	session09	264	0.5707361526413214
subj03	session09	265	0.3059632635625801
subj03	session09	266	0.21289335042004842
subj03	session09	267	0.010111063648013691
subj03	session09	268	-0.11448099102947464
subj03	session09	269	-0.38949451801224544
subj03	session09	270	0.03950448526270823
subj03	session09	271	0.17147515306848926
subj03	session09	272	0.04905026342019081
subj03	session09	273	0.13598319806350564
subj03	session09	274	0.21244624804214723
subj03	session09	275	0.05051687313114052
subj03	session09	276	-0.14052114480991032
subj03	session09	277	0.1520803075608714
subj03	session09	278	0.07758507760216432
subj03	session09	279	0.10889221130570982
subj03	session09	280	-0.1678057810052684
subj03	session09	281	-0.2787313114053823
subj03	session09	282	0.044869713797522415
subj03	session09	283	0.4358294176277944
subj03	session09	284	0.08289050263420193
subj03	session09	285	0.32059376334899614
subj03	session09	286	0.10158194503773318
subj03	session09	287	0.36747543784707387
subj03	session09	288	0.6938288480706251
subj03	session09	289	0.9415876406094261
subj03	session09	290	0.0858208742702549
subj03	session09	291	-0.20208173145379468
subj03	session09	292	0.17682899045991737
subj03	session09	293	0.3161925103232237
subj03	session09	294	0.18072048981916558
subj03	session09	295	-0.05719777872703974
subj03	session09	296	-0.254240353125445
subj03	session09	297	-0.19636622525986047
subj03	session09	298	0.26715790972518866
subj03	session09	299	0.47615264132137264
subj03	session09	300	0.09046134130713372
subj03	session09	301	-0.10452086003132562
subj03	session09	302	0.26368361099245335
subj03	session09	303	0.6232051829702405
subj03	session09	304	0.3530400113911434
subj03	session09	305	0.3995756799088708
subj03	session09	306	0.32024918126156915
subj03	session09	307	-0.05420333190944042
subj03	session09	308	-0.1265855047700413
subj03	session09	309	-4.2716787697586996e-05
subj03	session09	310	0.10226398974797095
subj03	session09	311	0.12252313826000287
subj03	session09	312	0.28742702548768334
subj03	session09	313	0.49878826712231245
subj03	session09	314	0.5352755232806493
subj03	session09	315	0.22751530684892496
subj03	session09	316	0.12576819023209457
subj03	session09	317	0.21152356542787987
subj03	session09	318	0.6017941050832978
subj03	session09	319	0.8047529545778159
subj03	session09	320	0.18175281218852343
subj03	session09	321	0.14552612843514165
subj03	session09	322	-0.08179552897622101
subj03	session09	323	-0.037462622810764616
subj03	session09	324	-0.09235227110921257
subj03	session09	325	-0.20395842232664105
subj03	session09	326	-0.002394987896910138
subj03	session09	327	0.055657126584080875
subj03	session09	328	0.09352413498504915
subj03	session09	329	0.27999145664246045
subj03	session09	330	-0.027022639897479717
subj03	session09	331	0.343398832407803
subj03	session09	332	0.17081873843087
subj03	session09	333	0.36104656129859036
subj03	session09	334	-0.1769343585362381
subj03	session09	335	0.3445593051402534
subj03	session09	336	-0.05766196782001994
subj03	session09	337	-0.015251317100954039
subj03	session09	338	0.30558450804499504
subj03	session09	339	0.21895059091556318
subj03	session09	340	0.0507290331767051
subj03	session09	341	0.23442261141962129
subj03	session09	342	-0.040795956144097936
subj03	session09	343	0.29289050263420197
subj03	session09	344	0.6405994589206891
subj03	session09	345	0.33186957140823015
subj03	session09	346	0.06667521002420618
subj03	session09	347	-0.29937633489961557
subj03	session09	348	0.039363519863306266
subj03	session09	349	0.2474626228107647
subj03	session09	350	0.5361925103232236
subj03	session09	351	0.08018937775879255
subj03	session09	352	-0.12608999003274954
subj03	session09	353	0.05234942332336609
subj03	session09	354	0.30183966965684184
subj03	session09	355	0.485415064787128
subj03	session09	356	-0.4075936209597038
subj03	session09	357	-0.3152812188523423
subj03	session09	358	-0.01775594475295461
subj03	session09	359	0.2034970810195073
subj03	session09	360	0.1762010536807632
subj03	session09	361	0.3074953723479994
subj03	session09	362	-0.021460914139256732
subj03	session09	363	0.5267364374199061
subj03	session09	364	0.2985575964687456
subj03	session09	365	0.11823579666809049
subj03	session09	366	-0.21520717642033318
subj03	session09	367	-0.011335611562010546
subj03	session09	368	0.1618752669799231
subj03	session09	369	0.4118966253737719
subj03	session09	370	0.5760672077459775
subj03	session09	371	0.37729317955289754
subj03	session09	372	0.2585120318952015
subj03	session09	373	0.14833974085148796
subj03	session09	374	0.37663106934358537
subj03	session09	375	0.41620674925245627
subj03	session09	376	0.13611277231952157
subj03	session09	377	-0.2348497792965969
subj03	session09	378	0.23820874270254877
subj03	session09	379	0.5162694005410793
subj03	session09	380	0.09211020931225972
subj03	session09	381	0.0735896340595187
subj03	session09	382	-0.027083867293179586
subj03	session09	383	0.2548141819735156
subj03	session09	384	0.2934087996582657
subj03	session09	385	0.14972518866581233
subj03	session09	386	0.2081304285917699
subj03	session09	387	0.1970596611134843
subj03	session09	388	0.0037733162466182706
subj03	session09	389	0.3520603730599459
subj03	session09	390	0.22462480421472306
subj03	session09	391	0.17591342731026627
subj03	session09	392	0.21103232236935782
subj03	session09	393	-0.09580805923394566
subj03	session09	394	-0.1292894774312972
subj03	session09	395	0.11623380321799802
subj03	session09	396	0.20171436707959564
subj03	session09	397	-0.10554321515022073
subj03	session09	398	0.26261284351416775
subj03	session09	399	-0.02324078029332192
subj03	session09	400	-0.485093264986473
subj03	session09	401	-0.3253766196782002
subj03	session09	402	-0.13114765769614126
subj03	session09	403	-0.03611134842659832
subj03	session09	404	-0.11258436565570269
subj03	session09	405	0.05236793393136838
subj03	session09	406	-0.12701979211163322
subj03	session09	407	0.4823323366082871
subj03	session09	408	0.5874113626655275
subj03	session09	409	0.5691855332478998
subj03	session09	410	0.9054976505766766
subj03	session09	411	0.6722981631781291
subj03	session09	412	0.44551331339883243
subj03	session09	413	0.012291043713512759
subj03	session09	414	-0.07400541079310834
subj03	session09	415	0.11345151644596323
subj03	session09	416	0.2541634629075894
subj03	session09	417	-0.01514025345294035
subj03	session09	418	0.05892780862879111
subj03	session09	419	0.5887014096539941
subj03	session09	420	0.48865726897337325
subj03	session09	421	0.3547116616830414
subj03	session09	422	0.07650149508756941
subj03	session09	423	0.14581090701979213
subj03	session09	424	0.20665242773743414
subj03	session09	425	0.01716787697565142
subj03	session09	426	-0.0888509184109355
subj03	session09	427	-0.16961697280364518
subj03	session09	428	-0.22779011818311268
subj03	session09	429	0.0756144097963833
subj03	session09	430	0.10529688167449812
subj03	session09	431	0.11836252313826001
subj03	session09	432	-0.18995870710522572
subj03	session09	433	-0.497244767193507
subj03	session09	434	-0.3378242916132707
subj03	session09	435	0.15142246903032894
subj03	session09	436	0.45440694859746544
subj03	session09	437	1.104116474441122
subj03	session09	438	0.17373202335184396
subj03	session09	439	0.5003972661255873
subj03	session09	440	0.6730428591769898
subj03	session09	441	0.7319521571977787
subj03	session09	442	0.43347002705396553
subj03	session09	443	0.2667606435996014
subj03	session09	444	-0.01748255731169016
subj03	session09	445	-0.292179980065499
subj03	session09	446	-0.12896198205894915
subj03	session09	447	0.05706962836394704
subj03	session09	448	0.2188281361241635
subj03	session09	449	0.30246191086430296
subj03	session09	450	0.31567136551331343
subj03	session09	451	0.15992880535383738
subj03	session09	452	0.38630215007831414
subj03	session09	453	0.1323693578242916
subj03	session09	454	0.18040011391143385
subj03	session09	455	0.14390716218140392
subj03	session09	456	0.07268973373202336
subj03	session09	457	-0.10996297878399545
subj03	session09	458	-0.16197778727039727
subj03	session09	459	-0.030256300726185383
subj03	session09	460	0.07477573686458774
subj03	session09	461	0.03324932365086146
subj03	session09	462	0.21961982058949167
subj03	session09	463	0.21654990744695995
subj03	session09	464	0.19687597892638473
subj03	session09	465	0.35366937206322085
subj03	session09	466	0.15556884522283926
subj03	session09	467	0.5016801936494375
subj03	session09	468	-0.1263491385447814
subj03	session09	469	-0.5147301722910438
subj03	session09	470	0.010533959846219562
subj03	session09	471	0.35542218425174427
subj03	session09	472	0.39416631069343583
subj03	session09	473	0.14943044283069912
subj03	session09	474	0.3900726185390858
subj03	session09	475	0.09943898618823863
subj03	session09	476	0.4241762779438986
subj03	session09	477	0.5110864303004415
subj03	session09	478	0.40540652142958855
subj03	session09	479	0.26861882386444547
subj03	session09	480	-0.0372433433005838
subj03	session09	481	-0.28319094404100814
subj03	session09	482	-0.48378470739000423
subj03	session09	483	-0.2446490103944183
subj03	session09	484	0.011966396127011232
subj03	session09	485	-0.0797679054535099
subj03	session09	486	0.01642318097679056
subj03	session09	487	-0.12921543499928803
subj03	session09	488	0.027125160187953877
subj03	session09	489	0.04055958991883813
subj03	session09	490	0.056407518154634774
subj03	session09	491	0.13430727609283782
subj03	session09	492	0.8039854762921828
subj03	session09	493	0.894725900612274
subj03	session09	494	0.4651516445963264
subj03	session09	495	0.2878428022212729
subj03	session09	496	0.19584365655702693
subj03	session09	497	0.042836394703118306
subj03	session09	498	0.26235796668090555
subj03	session09	499	0.4349907446959989
subj03	session09	500	0.39343300583796104
subj03	session09	501	0.3176107076747829
subj03	session09	502	0.1945165883525559
subj03	session09	503	-0.013504200484123577
subj03	session09	504	0.06746831838245765
subj03	session09	505	0.28402249750818737
subj03	session09	506	0.4764730172291043
subj03	session09	507	0.2053182400683468
subj03	session09	508	0.18622098818168872
subj03	session09	509	0.1695116047273245
subj03	session09	510	0.05766054392709668
subj03	session09	511	-0.06849779296596899
subj03	session09	512	-0.047630642175708386
subj03	session09	513	0.14828990459917418
subj03	session09	514	0.10911576249466039
subj03	session09	515	0.4965128862309554
subj03	session09	516	-0.08507190659262423
subj03	session09	517	-0.19255019222554465
subj03	session09	518	-0.06019792111633206
subj03	session09	519	0.15538516303573974
subj03	session09	520	0.4362864872561584
subj03	session09	521	0.30959419051687315
subj03	session09	522	-0.06125017798661542
subj03	session09	523	-0.2795671365513313
subj03	session09	524	-0.4141933646589777
subj03	session09	525	-0.17428306991314255
subj03	session09	526	-0.1222113057098106
subj03	session09	527	-0.3625032037590773
subj03	session09	528	-0.042208457923964104
subj03	session09	529	0.294596326356258
subj03	session09	530	0.4780108215862168
subj03	session09	531	1.1129246760643599
subj03	session09	532	0.8938373914281647
subj03	session09	533	0.7515207176420334
subj03	session09	534	0.865110351701552
subj03	session09	535	0.5136480136693721
subj03	session09	536	0.45265128862309556
subj03	session09	537	0.16660971094973656
subj03	session09	538	-0.2238032179980066
subj03	session09	539	0.09400113911433859
subj03	session09	540	0.15651003844510894
subj03	session09	541	0.012239783568275662
subj03	session09	542	0.2808101950733305
subj03	session09	543	0.21012387868432292
subj03	session09	544	0.06793393136836108
subj03	session09	545	0.06175565997436995
subj03	session09	546	-0.3201238786843229
subj03	session09	547	-0.3236266552755233
subj03	session09	548	-0.3503075608714225
subj03	session09	549	-0.36562295315392285
subj03	session09	550	0.01385163035739714
subj03	session09	551	0.38725758222981627
subj03	session09	552	0.3633532678342589
subj03	session09	553	0.35359248184536524
subj03	session09	554	0.11816175423608145
subj03	session09	555	-0.044905311120603704
subj03	session09	556	-0.2857240495514738
subj03	session09	557	-0.06658408087711803
subj03	session09	558	0.05508472162893351
subj03	session09	559	0.2636238074896768
subj03	session09	560	0.6418610280506907
subj03	session09	561	0.788057810052684
subj03	session09	562	0.6087014096539939
subj03	session09	563	0.7956201053680763
subj03	session09	564	0.4770625088993308
subj03	session09	565	0.23983198063505626
subj03	session09	566	0.5500327495372348
subj03	session09	567	0.28563434429730883
subj03	session09	568	0.24885661398262854
subj03	session09	569	0.5383653709241065
subj03	session09	570	0.42125017798661546
subj03	session09	571	0.25822867720347426
subj03	session09	572	0.3725800939769329
subj03	session09	573	0.030790260572404936
subj03	session09	574	-0.043753381745692724
subj03	session09	575	-0.31073757653424466
subj03	session09	576	-0.41633205182970245
subj03	session09	577	-0.1874170582372205
subj03	session09	578	-0.39388865157340164
subj03	session09	579	-0.025786700840096828
subj03	session09	580	0.1462864872561583
subj03	session09	581	0.4233746262281077
subj03	session09	582	0.14951587640609426
subj03	session09	583	0.44737718923536945
subj03	session09	584	0.3407589349280934
subj03	session09	585	0.4931183255019222
subj03	session09	586	0.19626797664815607
subj03	session09	587	-0.08951587640609426
subj03	session09	588	-0.23298447956713658
subj03	session09	589	0.29185248469315106
subj03	session09	590	0.5350847216289335
subj03	session09	591	-0.008530542503203762
subj03	session09	592	-0.08110636480136693
subj03	session09	593	-0.28307276092837824
subj03	session09	594	-0.16696710807347287
subj03	session09	595	0.176877402819308
subj03	session09	596	0.08139683895771038
subj03	session09	597	0.22228250035597324
subj03	session09	598	0.1524206179695287
subj03	session09	599	-0.04975081873843088
subj03	session09	600	-0.11691727182115905
subj03	session09	601	0.24828136124163463
subj03	session09	602	0.3201238786843229
subj03	session09	603	0.5571650291898049
subj03	session09	604	0.5981489391997722
subj03	session09	605	0.24523280649295173
subj03	session09	606	0.1759077317385733
subj03	session09	607	0.5044468175993165
subj03	session09	608	0.5213427310266268
subj03	session09	609	0.21614552185675637
subj03	session09	610	0.48436992738146084
subj03	session09	611	0.005214295884949481
subj03	session09	612	0.050512601452370805
subj03	session09	613	-0.372817884095116
subj03	session09	614	-0.24312117328776875
subj03	session09	615	-0.0054107931083582595
subj03	session09	616	-0.198345436423181
subj03	session09	617	0.2500427167876976
subj03	session09	618	-0.08290046988466465
subj03	session09	619	-0.04701552043286345
subj03	session09	620	-0.25375907731738573
subj03	session09	621	0.19934785704115052
subj03	session09	622	0.3872177132279653
subj03	session09	623	0.26349992880535383
subj03	session09	624	0.5669144240353124
subj03	session09	625	0.0994375622953154
subj03	session09	626	0.6553865869286629
subj03	session09	627	0.43007261853908585
subj03	session09	628	0.5243556884522285
subj03	session09	629	0.3365926242346576
subj03	session09	630	0.6559034600598035
subj03	session09	631	0.42105937633489965
subj03	session09	632	0.3910365940481276
subj03	session09	633	0.15046846077174997
subj03	session09	634	-0.2515036309269543
subj03	session09	635	-0.20755802363662254
subj03	session09	636	-0.6755716930086857
subj03	session09	637	-0.3593008685746832
subj03	session09	638	-0.19115620105368075
subj03	session09	639	-0.20529545778157482
subj03	session09	640	-0.12481987754520857
subj03	session09	641	-0.16300583796098533
subj03	session09	642	-0.15518154634771467
subj03	session09	643	0.006122739569984341
subj03	session09	644	0.38304855474868293
subj03	session09	645	0.08112202762352272
subj03	session09	646	0.31438131852484696
subj03	session09	647	0.5298049266695145
subj03	session09	648	0.2831197493948455
subj03	session09	649	-0.008084864018225828
subj03	session09	650	0.2277687597892638
subj03	session09	651	0.6058764060942616
subj03	session09	652	0.32318382457639183
subj03	session09	653	0.7322312402107362
subj03	session09	654	0.597679054535099
subj03	session09	655	0.13300299017513884
subj03	session09	656	0.37169300868574684
subj03	session09	657	0.415454933788979
subj03	session09	658	-0.09948027908301298
subj03	session09	659	-0.11105225687028336
subj03	session09	660	-0.2190203616688025
subj03	session09	661	-0.18468318382457638
subj03	session09	662	-0.45116332051829694
subj03	session09	663	-0.2896682329488823
subj03	session09	664	0.2514438274241777
subj03	session09	665	0.2656129859034601
subj03	session09	666	-0.08151359817741705
subj03	session09	667	-0.0618254307276093
subj03	session09	668	0.3507916844653282
subj03	session09	669	0.22294461056528547
subj03	session09	670	-0.10971949309411932
subj03	session09	671	-0.05775736864587782
subj03	session09	672	-0.11588779723764774
subj03	session09	673	-0.231485120318952
subj03	session09	674	0.2592339456072903
subj03	session09	675	0.15643741990602303
subj03	session09	676	0.38847216289335046
subj03	session09	677	0.20472590061227394
subj03	session09	678	0.15442118752669798
subj03	session09	679	0.16667378613128292
subj03	session09	680	0.1728164602021928
subj03	session09	681	0.1724405524704542
subj03	session09	682	0.03242204186245197
subj03	session09	683	-0.052181403958422315
subj03	session09	684	0.11714936636764915
subj03	session09	685	0.29193791826854626
subj03	session09	686	0.3953623807489677
subj03	session09	687	0.13640609426171152
subj03	session09	688	0.9261327068204471
subj03	session09	689	0.6109725188665812
subj03	session09	690	0.5022056101381176
subj03	session09	691	0.22548483554036736
subj03	session09	692	0.27784707390004276
subj03	session09	693	0.012508899330770325
subj03	session09	694	0.2226413213726328
subj03	session09	695	-0.005217143670795958
subj03	session09	696	-0.02457781574825574
subj03	session09	697	0.25750391570553893
subj03	session09	698	0.3047785846504343
subj03	session09	699	0.011318524846931518
subj03	session09	700	0.09422896198205896
subj03	session09	701	0.16086003132564428
subj03	session09	702	0.3027125160187954
subj03	session09	703	0.05331624661825431
subj03	session09	704	0.08193649437562295
subj03	session09	705	0.11171294318667235
subj03	session09	706	0.10972091698704256
subj03	session09	707	-0.029501637476861745
subj03	session09	708	0.06508899330770326
subj03	session09	709	0.27460629360672073
subj03	session09	710	0.2955076178271394
subj03	session09	711	0.12495229958707105
subj03	session09	712	-0.09332763776164034
subj03	session09	713	-0.03468745550334615
subj03	session09	714	0.10277516730741847
subj03	session09	715	0.12233518439413359
subj03	session09	716	0.20441122027623523
subj03	session09	717	0.2516232379325075
subj03	session09	718	0.12545208600313257
subj03	session09	719	0.0572647016944326
subj03	session09	720	-0.02904883952726751
subj03	session09	721	0.17488110494090844
subj03	session09	722	0.10332051829702406
subj03	session09	723	0.39935212871992026
subj03	session09	724	0.5567677630642176
subj03	session09	725	0.3205610138117614
subj03	session09	726	0.1467720347429873
subj03	session09	727	0.25498220133845934
subj03	session09	728	0.3742118752669799
subj03	session09	729	-0.07971949309411934
subj03	session09	730	-0.06970383027196354
subj03	session09	731	-0.08517300299017516
subj03	session09	732	-0.02379467464046704
subj03	session09	733	0.5091599031752813
subj03	session09	734	-0.12327780150932656
subj03	session09	735	-0.5063348996155489
subj03	session09	736	-0.24604727324505196
subj03	session09	737	-0.2295657126584081
subj03	session09	738	0.17771749964402678
subj03	session09	739	0.514731596183967
subj03	session09	740	0.5236707959561442
subj03	session09	741	0.13322938914993596
subj03	session09	742	0.04094261711519294
subj03	session09	743	-0.06086430300441406
subj03	session09	744	0.1598704257439841
subj03	session09	745	0.40030898476434573
subj03	session09	746	0.514980777445536
subj03	session09	747	0.5505154492382173
subj03	session09	748	0.4069955859319379
subj03	session09	749	-0.0294432578670084
subj03	session10	0	-0.23067777303146803
subj03	session10	1	-0.15569841947885518
subj03	session10	2	0.11510038445108929
subj03	session10	3	0.12174996440267694
subj03	session10	4	0.4155958991883811
subj03	session10	5	0.46892211305709813
subj03	session10	6	0.3628449380606579
subj03	session10	7	0.07898334045279796
subj03	session10	8	0.7176875978926385
subj03	session10	9	0.3978257155061939
subj03	session10	10	0.4084593478570412
subj03	session10	11	0.34262281076463047
subj03	session10	12	0.005160187953865868
subj03	session10	13	0.1662366510038445
subj03	session10	14	0.07953581090701982
subj03	session10	15	0.1543699273814609
subj03	session10	16	0.1900868574683184
subj03	session10	17	0.2672988751245906
subj03	session10	18	0.887362950306137
subj03	session10	19	0.680439982913285
subj03	session10	20	0.07755517585077601
subj03	session10	21	-0.49908016517157916
subj03	session10	22	-0.2131524989320803
subj03	session10	23	-0.11372205610138118
subj03	session10	24	0.3196411789833405
subj03	session10	25	0.07391712943186672
subj03	session10	26	-0.10970240637904027
subj03	session10	27	-0.3646604015378044
subj03	session10	28	0.11727324505197208
subj03	session10	29	0.05480421472305281
subj03	session10	30	0.5860785988893635
subj03	session10	31	0.5342973088423751
subj03	session10	32	0.295432151502207
subj03	session10	33	0.1670767478285633
subj03	session10	34	0.06083582514594902
subj03	session10	35	0.11090701979211165
subj03	session10	36	0.08559447529545776
subj03	session10	37	0.58204898191656
subj03	session10	38	0.5871707247614979
subj03	session10	39	0.2927196354834116
subj03	session10	40	0.22393564003986902
subj03	session10	41	0.28600028477858463
subj03	session10	42	-0.0537519578527695
subj03	session10	43	0.13332336608287051
subj03	session10	44	0.3155289762209882
subj03	session10	45	0.4251886658123309
subj03	session10	46	0.5330727609283782
subj03	session10	47	0.5772205610138118
subj03	session10	48	0.2988025060515449
subj03	session10	49	0.18029474583511318
subj03	session10	50	0.18355118895059094
subj03	session10	51	-0.34824149223978357
subj03	session10	52	-0.11288053538373914
subj03	session10	53	0.20076747828563293
subj03	session10	54	0.25610565285490533
subj03	session10	55	0.29947885519008965
subj03	session10	56	-0.019544354264559353
subj03	session10	57	0.1533319094404101
subj03	session10	58	0.33387868432293893
subj03	session10	59	0.5591499359248184
subj03	session10	60	0.2604271678769756
subj03	session10	61	0.5879638331197493
subj03	session10	62	0.95590630784565
subj03	session10	63	0.5599174142104514
subj03	session10	64	0.3933190944041008
subj03	session10	65	0.09069058806777731
subj03	session10	66	-0.45484408372490387
subj03	session10	67	-0.04236793393136836
subj03	session10	68	0.23517727466894486
subj03	session10	69	0.382111633205183
subj03	session10	70	0.9530400113911434
subj03	session10	71	0.5153566851772746
subj03	session10	72	-0.3251416773458636
subj03	session10	73	0.23986045849352128
subj03	session10	74	0.010757511035170163
subj03	session10	75	0.19069058806777728
subj03	session10	76	0.06511035170155208
subj03	session10	77	0.06924106507190657
subj03	session10	78	0.15863733447244768
subj03	session10	79	0.8982386444539371
subj03	session10	80	0.3855489107219137
subj03	session10	81	0.0011946461626085902
subj03	session10	82	-0.037421329915990315
subj03	session10	83	0.566538516303574
subj03	session10	84	0.3613284920973943
subj03	session10	85	0.11364516588352554
subj03	session10	86	0.3619236793393137
subj03	session10	87	0.5627993734871137
subj03	session10	88	0.490395842232664
subj03	session10	89	1.0001908016517158
subj03	session10	90	0.4220689164174854
subj03	session10	91	0.32922682614267407
subj03	session10	92	0.25049836252313823
subj03	session10	93	-0.010176562722483276
subj03	session10	94	-0.29274811334187667
subj03	session10	95	0.2276463049978641
subj03	session10	96	-0.04306991314253169
subj03	session10	97	0.5469500213583939
subj03	session10	98	0.20265413640894203
subj03	session10	99	0.22649295173002987
subj03	session10	100	-0.02353837391428168
subj03	session10	101	-0.04117043998291327
subj03	session10	102	-0.22383027196354835
subj03	session10	103	-0.3099857610707675
subj03	session10	104	0.10579239641178984
subj03	session10	105	0.3902349423323366
subj03	session10	106	0.3630813042859177
subj03	session10	107	-0.1745407945322512
subj03	session10	108	0.09264132137263278
subj03	session10	109	0.45602021927951014
subj03	session10	110	0.4338544781432437
subj03	session10	111	0.22972803645165882
subj03	session10	112	0.1093208030756087
subj03	session10	113	-0.013065641463761898
subj03	session10	114	0.1761725758222982
subj03	session10	115	-0.2278954862594333
subj03	session10	116	0.3504442545920547
subj03	session10	117	0.35390858607432724
subj03	session10	118	0.7749850491243058
subj03	session10	119	0.8960102520290474
subj03	session10	120	0.7922625658550476
subj03	session10	121	0.2548284209027481
subj03	session10	122	0.02992310978214442
subj03	session10	123	0.7210622241207462
subj03	session10	124	0.006702263989747964
subj03	session10	125	0.4482842090274812
subj03	session10	126	0.6593706393279225
subj03	session10	127	0.4097052541648868
subj03	session10	128	0.5019080165171579
subj03	session10	129	0.5076520005695572
subj03	session10	130	0.07899045991741421
subj03	session10	131	0.4364075181546348
subj03	session10	132	-0.1220660686316389
subj03	session10	133	-0.016475865014950908
subj03	session10	134	0.20563292040438555
subj03	session10	135	0.3450462765200057
subj03	session10	136	0.4402890502634202
subj03	session10	137	0.08190801651715791
subj03	session10	138	0.3366994162039015
subj03	session10	139	0.49478570411505063
subj03	session10	140	0.03543499928805354
subj03	session10	141	0.3030086857468318
subj03	session10	142	-0.03321087854193365
subj03	session10	143	-0.41956713655133143
subj03	session10	144	-0.10539655417912575
subj03	session10	145	-0.458373914281646
subj03	session10	146	-0.1197864160615122
subj03	session10	147	0.26108785419336467
subj03	session10	148	0.20782286772034744
subj03	session10	149	-0.029122881959276693
subj03	session10	150	0.6536693720632208
subj03	session10	151	0.44030186529972937
subj03	session10	152	0.6985191513598178
subj03	session10	153	0.7452812188523423
subj03	session10	154	0.30042574398405236
subj03	session10	155	0.5518368218709953
subj03	session10	156	0.41393991171863875
subj03	session10	157	0.7812544496653852
subj03	session10	158	0.5978342588637334
subj03	session10	159	0.055403673643741984
subj03	session10	160	-0.14008828136124163
subj03	session10	161	0.050636480136693716
subj03	session10	162	-0.009749394845507613
subj03	session10	163	0.47171009540082587
subj03	session10	164	0.7798846646732166
subj03	session10	165	0.5846860316104229
subj03	session10	166	0.3640680620817314
subj03	session10	167	0.0668560444254592
subj03	session10	168	-0.2657895486259433
subj03	session10	169	-0.5438331197493949
subj03	session10	170	-0.3434643314822725
subj03	session10	171	-0.08095685604442546
subj03	session10	172	0.31465897764488115
subj03	session10	173	0.40981631781290045
subj03	session10	174	0.592665527552328
subj03	session10	175	0.8833190944041007
subj03	session10	176	0.8082101665954721
subj03	session10	177	0.5375110351701552
subj03	session10	178	-0.09735155916275096
subj03	session10	179	0.27965968959134274
subj03	session10	180	0.12918838103374627
subj03	session10	181	0.2580264844083725
subj03	session10	182	-0.19756229531539232
subj03	session10	183	-0.30506905880677776
subj03	session10	184	-0.08696283639470313
subj03	session10	185	0.16260430015662822
subj03	session10	186	0.5035996013099815
subj03	session10	187	0.7937619251032323
subj03	session10	188	0.130169443257867
subj03	session10	189	0.5252385020646447
subj03	session10	190	0.28819735155916276
subj03	session10	191	0.6476121315677061
subj03	session10	192	0.35297166453082723
subj03	session10	193	0.24146803360387298
subj03	session10	194	0.41444681759931656
subj03	session10	195	0.16925672789406238
subj03	session10	196	0.10529972946034458
subj03	session10	197	0.39232236935782433
subj03	session10	198	0.38063220845792395
subj03	session10	199	0.13690588067777304
subj03	session10	200	-0.33393564003986903
subj03	session10	201	0.2013555460629361
subj03	session10	202	0.3671422469030329
subj03	session10	203	0.4087540936921544
subj03	session10	204	0.21787982343727755
subj03	session10	205	-0.16168446532820732
subj03	session10	206	0.4201153353267834
subj03	session10	207	-0.13962978783995444
subj03	session10	208	0.2539755090417201
subj03	session10	209	0.46888651573401685
subj03	session10	210	0.5186017371493663
subj03	session10	211	0.4863619535810907
subj03	session10	212	0.9976164032464759
subj03	session10	213	0.441806920119607
subj03	session10	214	0.0656628221557739
subj03	session10	215	0.1828606008828136
subj03	session10	216	0.10818738430869998
subj03	session10	217	0.035843656557026884
subj03	session10	218	0.07392709668232948
subj03	session10	219	0.32612273956998433
subj03	session10	220	0.2814210451374056
subj03	session10	221	0.005637192083155343
subj03	session10	222	0.20111490815890645
subj03	session10	223	0.6043741990602307
subj03	session10	224	0.012705396554179134
subj03	session10	225	-0.12519720916987043
subj03	session10	226	-0.19218567563719208
subj03	session10	227	0.042219849067350136
subj03	session10	228	0.13903887227680478
subj03	session10	229	0.2098177417058237
subj03	session10	230	-0.3348853766196782
subj03	session10	231	-0.3545892068916418
subj03	session10	232	-0.3240111063648014
subj03	session10	233	-0.09190801651715791
subj03	session10	234	0.09000996725046279
subj03	session10	235	0.19842375053395986
subj03	session10	236	0.30374199060230667
subj03	session10	237	0.040887085291186086
subj03	session10	238	0.07415919122881957
subj03	session10	239	0.4856599743699273
subj03	session10	240	0.6380193649437562
subj03	session10	241	1.2036992738146093
subj03	session10	242	1.1586828990459919
subj03	session10	243	0.42599458920689176
subj03	session10	244	0.5611661683041436
subj03	session10	245	0.8199216858892211
subj03	session10	246	1.0437006977075323
subj03	session10	247	0.5508685746831838
subj03	session10	248	0.08073188096255161
subj03	session10	249	-0.18524277374341447
subj03	session10	250	0.1527566566994162
subj03	session10	251	-0.03226683753381747
subj03	session10	252	0.26621529260999577
subj03	session10	253	0.23032891926527121
subj03	session10	254	0.3597351559162751
subj03	session10	255	0.5002278228677204
subj03	session10	256	0.5514780008543357
subj03	session10	257	0.9237391428164602
subj03	session10	258	0.8267250462765201
subj03	session10	259	0.037108073472874856
subj03	session10	260	0.3232464758650149
subj03	session10	261	0.7188053538373914
subj03	session10	262	0.4090673501352698
subj03	session10	263	0.4787768759789264
subj03	session10	264	0.6000982486117045
subj03	session10	265	1.1058578954862595
subj03	session10	266	0.563071337035455
subj03	session10	267	0.724929517300299
subj03	session10	268	0.4100840096824719
subj03	session10	269	0.46769471735725476
subj03	session10	270	0.2478328349708102
subj03	session10	271	0.036962836394703096
subj03	session10	272	-0.5074611989178414
subj03	session10	273	-1.0017884095116047
subj03	session10	274	-0.706245194361384
subj03	session10	275	-0.371824006834686
subj03	session10	276	-0.18477146518581802
subj03	session10	277	-0.098707105225687
subj03	session10	278	0.251767051117756
subj03	session10	279	0.3081062224120746
subj03	session10	280	0.7286316389007547
subj03	session10	281	0.5587327352983056
subj03	session10	282	0.16303289192652717
subj03	session10	283	0.3158180264844084
subj03	session10	284	-0.11517300299017515
subj03	session10	285	-0.013025772461910862
subj03	session10	286	0.6345564573544069
subj03	session10	287	0.2843912857753097
subj03	session10	288	-0.06828563292040436
subj03	session10	289	0.47683326213868715
subj03	session10	290	0.18003132564431157
subj03	session10	291	0.21094546490103946
subj03	session10	292	0.6358521999145665
subj03	session10	293	-0.5733205182970241
subj03	session10	294	-0.4974683183824576
subj03	session10	295	-0.43435284066638197
subj03	session10	296	-0.3054478143243628
subj03	session10	297	0.6700754663249324
subj03	session10	298	1.0267065356685177
subj03	session10	299	0.9370553894347144
subj03	session10	300	0.8871080734728749
subj03	session10	301	1.1641577673358965
subj03	session10	302	0.8377203474298733
subj03	session10	303	0.218514879681048
subj03	session10	304	0.05932792254022497
subj03	session10	305	-0.1692852057525274
subj03	session10	306	-0.144415491955005
subj03	session10	307	-0.202461910864303
subj03	session10	308	-0.13995728321230244
subj03	session10	309	0.26607290331767053
subj03	session10	310	0.3389036024490959
subj03	session10	311	0.17211590488395273
subj03	session10	312	-0.08177132279652571
subj03	session10	313	0.0948440837249039
subj03	session10	314	0.4510636480136694
subj03	session10	315	0.1645607290331767
subj03	session10	316	0.3965370924106507
subj03	session10	317	0.23150505481987751
subj03	session10	318	0.23030471308557596
subj03	session10	319	0.21950163747686174
subj03	session10	320	0.2713028620247757
subj03	session10	321	0.9950149508756941
subj03	session10	322	0.6774868289904599
subj03	session10	323	0.28159760785988897
subj03	session10	324	0.17669514452513171
subj03	session10	325	0.71315677061085
subj03	session10	326	0.4639228250035597
subj03	session10	327	0.587610707674783
subj03	session10	328	0.9111305709810621
subj03	session10	329	0.5201851060800228
subj03	session10	330	0.8985106080022784
subj03	session10	331	-0.10519863306279367
subj03	session10	332	-0.08052114480991027
subj03	session10	333	-0.19158194503773315
subj03	session10	334	-0.7504584935212872
subj03	session10	335	-0.7893094119322228
subj03	session10	336	-1.0611576249466041
subj03	session10	337	-0.2866937206322085
subj03	session10	338	0.5839769329346434
subj03	session10	339	0.7980037021216005
subj03	session10	340	0.47321372632778014
subj03	session10	341	0.6766040153780435
subj03	session10	342	0.15840096824718777
subj03	session10	343	-0.03419051687313113
subj03	session10	344	-0.36336608287056815
subj03	session10	345	0.03636622525986046
subj03	session10	346	-0.1704115050548199
subj03	session10	347	0.6726043001566282
subj03	session10	348	0.5200128150363093
subj03	session10	349	0.8298789691015235
subj03	session10	350	0.3916588352555888
subj03	session10	351	0.04359390573828848
subj03	session10	352	0.23984052399259578
subj03	session10	353	0.6995742560159476
subj03	session10	354	1.0392937491100669
subj03	session10	355	1.0461611846789123
subj03	session10	356	0.6647558023636622
subj03	session10	357	-0.20635625800939766
subj03	session10	358	-0.09376619678200199
subj03	session10	359	-0.27569272390716215
subj03	session10	360	0.27128435141677343
subj03	session10	361	0.21760358821016657
subj03	session10	362	0.2035170155204329
subj03	session10	363	0.7119364943756229
subj03	session10	364	0.2634871137690446
subj03	session10	365	0.5874412644169158
subj03	session10	366	0.03565997436992735
subj03	session10	367	-0.006148369642602884
subj03	session10	368	-0.5915121742844938
subj03	session10	369	0.19860031325644317
subj03	session10	370	-0.23568845222839244
subj03	session10	371	0.09700270539655419
subj03	session10	372	0.4862594332906165
subj03	session10	373	0.8320532535953296
subj03	session10	374	0.747103801794105
subj03	session10	375	0.011282927523850229
subj03	session10	376	-0.6269557169300869
subj03	session10	377	-0.3931895201480849
subj03	session10	378	0.17131425316816176
subj03	session10	379	0.31600598035027766
subj03	session10	380	0.9632749537234799
subj03	session10	381	0.24197351559162752
subj03	session10	382	-0.02031325644311547
subj03	session10	383	1.1330941193222268
subj03	session10	384	0.8308030756087142
subj03	session10	385	-0.1158322654136409
subj03	session10	386	0.16415207176420338
subj03	session10	387	0.34577673358963407
subj03	session10	388	0.2631980635056244
subj03	session10	389	-0.1625786700840097
subj03	session10	390	0.12104086572689735
subj03	session10	391	0.4296810479851916
subj03	session10	392	0.6374327210593762
subj03	session10	393	0.41182543072760935
subj03	session10	394	0.3462195642887655
subj03	session10	395	0.4141990602306707
subj03	session10	396	0.10122881959276658
subj03	session10	397	0.14756229531539225
subj03	session10	398	0.33724476719350704
subj03	session10	399	0.4003602449095828
subj03	session10	400	-0.026747828563292057
subj03	session10	401	-0.3037960985333903
subj03	session10	402	-0.5119293749110068
subj03	session10	403	-0.6968688594617685
subj03	session10	404	0.003131140538231518
subj03	session10	405	-0.36022497508187384
subj03	session10	406	-0.07188950590915562
subj03	session10	407	-0.11272105937633489
subj03	session10	408	-0.11233233660828702
subj03	session10	409	0.5253794674640466
subj03	session10	410	0.6969058806777729
subj03	session10	411	0.5505766766339172
subj03	session10	412	0.48125017798661535
subj03	session10	413	0.1207475437847074
subj03	session10	414	0.14818453652285346
subj03	session10	415	0.5849579951587641
subj03	session10	416	0.5030371636052968
subj03	session10	417	0.6670639327922541
subj03	session10	418	0.7042104513740568
subj03	session10	419	-0.2208984764345721
subj03	session10	420	-0.0799743699273814
subj03	session10	421	-0.31094261711519294
subj03	session10	422	0.3417770183682187
subj03	session10	423	0.6256984194788552
subj03	session10	424	0.755268403816033
subj03	session10	425	0.43571693008685747
subj03	session10	426	0.29891499359248186
subj03	session10	427	-0.09405667093834547
subj03	session10	428	0.16803360387298874
subj03	session10	429	-0.22657268973373207
subj03	session10	430	0.07388580378755515
subj03	session10	431	-0.18277659120034173
subj03	session10	432	0.20492382172860604
subj03	session10	433	0.3759248184536522
subj03	session10	434	0.8152441976363377
subj03	session10	435	0.4771408230101096
subj03	session10	436	0.3255603018652998
subj03	session10	437	-0.04952726754948025
subj03	session10	438	0.5967933931368361
subj03	session10	439	0.1875110351701552
subj03	session10	440	0.2375010679196925
subj03	session10	441	0.13592909013242202
subj03	session10	442	-0.18318097679054535
subj03	session10	443	-0.28117186387583654
subj03	session10	444	-0.06758365370924105
subj03	session10	445	0.20647871280079735
subj03	session10	446	0.6223109782144383
subj03	session10	447	0.6379196924391285
subj03	session10	448	0.41918838103374634
subj03	session10	449	0.6181945037733162
subj03	session10	450	0.7201139114338602
subj03	session10	451	0.35843514167734586
subj03	session10	452	0.1174782856329204
subj03	session10	453	0.27469884664673216
subj03	session10	454	0.26376477288907874
subj03	session10	455	0.03588494945180124
subj03	session10	456	-0.08803787555175847
subj03	session10	457	-0.10446675210024205
subj03	session10	458	0.047207745977502484
subj03	session10	459	0.28253025772461915
subj03	session10	460	0.3936764915278371
subj03	session10	461	0.49503203759077313
subj03	session10	462	0.5642332336608287
subj03	session10	463	0.3060130998148939
subj03	session10	464	0.25397266125587353
subj03	session10	465	0.17107361526413215
subj03	session10	466	0.25925672789406234
subj03	session10	467	0.2466125587355831
subj03	session10	468	-0.268035027765912
subj03	session10	469	0.31056243770468467
subj03	session10	470	0.29915135981774166
subj03	session10	471	-0.11642602876263705
subj03	session10	472	0.043800370212160045
subj03	session10	473	0.2660743272105937
subj03	session10	474	-0.02617969528691442
subj03	session10	475	0.15463904314395557
subj03	session10	476	0.1959476007404243
subj03	session10	477	-0.11088993307703263
subj03	session10	478	0.5382585789548626
subj03	session10	479	0.39767905453509894
subj03	session10	480	0.5521984906735014
subj03	session10	481	0.5176890217855618
subj03	session10	482	0.5124804214723053
subj03	session10	483	0.685133133988324
subj03	session10	484	0.3591655987469742
subj03	session10	485	0.12626512886230956
subj03	session10	486	0.22694859746547064
subj03	session10	487	0.20574113626655277
subj03	session10	488	0.2668104798519152
subj03	session10	489	0.38185106080022785
subj03	session10	490	0.14712800797380035
subj03	session10	491	0.5327951018083441
subj03	session10	492	0.3923892923252172
subj03	session10	493	-0.07146091413925672
subj03	session10	494	-0.4226712231240211
subj03	session10	495	-0.31130286202477575
subj03	session10	496	0.15080592339456073
subj03	session10	497	0.26718496369073047
subj03	session10	498	0.5026398974797096
subj03	session10	499	0.21581945037733163
subj03	session10	500	-0.274602021927951
subj03	session10	501	0.12076320660686315
subj03	session10	502	0.29133845934785696
subj03	session10	503	0.3729958707105226
subj03	session10	504	0.3812900469884664
subj03	session10	505	0.17473159618396694
subj03	session10	506	0.08749110066922967
subj03	session10	507	0.21999145664246048
subj03	session10	508	0.15908443685034884
subj03	session10	509	-0.015981774170582358
subj03	session10	510	-0.31781005268403817
subj03	session10	511	0.38012387868432296
subj03	session10	512	0.9872803645165884
subj03	session10	513	1.219440410081162
subj03	session10	514	0.8917414210451374
subj03	session10	515	0.058252883383169585
subj03	session10	516	0.15538943471450947
subj03	session10	517	0.3517499644026769
subj03	session10	518	0.10326783425886374
subj03	session10	519	0.29889933077032604
subj03	session10	520	0.44935355261284343
subj03	session10	521	0.519644026769187
subj03	session10	522	0.5021870995301153
subj03	session10	523	0.5440865726897337
subj03	session10	524	0.480270539655418
subj03	session10	525	0.3507076747828563
subj03	session10	526	0.3479567136551332
subj03	session10	527	0.5003687882671224
subj03	session10	528	0.2040680620817315
subj03	session10	529	0.07477431297166454
subj03	session10	530	-0.1256030186529973
subj03	session10	531	-0.2842332336608287
subj03	session10	532	-0.36628363947031184
subj03	session10	533	-0.5179253880108216
subj03	session10	534	-0.47286914424035315
subj03	session10	535	-0.378492097394276
subj03	session10	536	-0.19505481987754522
subj03	session10	537	0.17568702833546918
subj03	session10	538	0.12083440125302575
subj03	session10	539	0.0020860031325644645
subj03	session10	540	0.28590203616688026
subj03	session10	541	-0.047224832692581535
subj03	session10	542	0.3260444254592055
subj03	session10	543	0.5144553609568561
subj03	session10	544	0.5267108073472874
subj03	session10	545	0.5246774882528834
subj03	session10	546	0.5661113484265984
subj03	session10	547	0.3526811903744838
subj03	session10	548	0.2928278513455788
subj03	session10	549	0.24124163462907589
subj03	session10	550	0.14524419763633772
subj03	session10	551	0.2502449095827993
subj03	session10	552	0.27780720489819166
subj03	session10	553	0.3857582229816318
subj03	session10	554	0.427402819307988
subj03	session10	555	0.8760159476007403
subj03	session10	556	1.0538815321087853
subj03	session10	557	0.5406307845650007
subj03	session10	558	0.3161754236081447
subj03	session10	559	-0.12590346005980346
subj03	session10	560	-0.027109497365798117
subj03	session10	561	0.00982628506336324
subj03	session10	562	0.03613697849921684
subj03	session10	563	0.08902463334757223
subj03	session10	564	0.2260430015662822
subj03	session10	565	0.7500299017513884
subj03	session10	566	0.6404456784849778
subj03	session10	567	0.212140111063648
subj03	session10	568	0.498035027765912
subj03	session10	569	0.6099302292467607
subj03	session10	570	0.7057283212302434
subj03	session10	571	0.3185946176847501
subj03	session10	572	0.022319521571977776
subj03	session10	573	0.3497579382030471
subj03	session10	574	0.6238587498220134
subj03	session10	575	0.5202506051544924
subj03	session10	576	-0.013499928805353821
subj03	session10	577	0.13117328776875978
subj03	session10	578	-0.008991883810337432
subj03	session10	579	-0.013272105937633463
subj03	session10	580	-0.10580236366225258
subj03	session10	581	0.19778869429018936
subj03	session10	582	-0.06316104228961983
subj03	session10	583	0.4143272105937633
subj03	session10	584	0.44466752100242063
subj03	session10	585	0.43118752669799226
subj03	session10	586	0.13181831126299304
subj03	session10	587	-0.47777445536095675
subj03	session10	588	-0.1570553894347145
subj03	session10	589	0.04328349708101949
subj03	session10	590	0.07122027623522711
subj03	session10	591	0.21182115904883952
subj03	session10	592	0.511801224547914
subj03	session10	593	0.524725900612274
subj03	session10	594	0.46706678057810047
subj03	session10	595	0.503151075039157
subj03	session10	596	0.12374626228107644
subj03	session10	597	0.3514879681047985
subj03	session10	598	0.10603588210166597
subj03	session10	599	0.1254634771465186
subj03	session10	600	0.1949779296596896
subj03	session10	601	0.1899345009255304
subj03	session10	602	-0.21558166025914854
subj03	session10	603	0.2445835113199487
subj03	session10	604	0.4832478997579382
subj03	session10	605	0.4804314395557454
subj03	session10	606	0.3506521429588495
subj03	session10	607	0.226092837818596
subj03	session10	608	0.6622426313541222
subj03	session10	609	0.5001224547913997
subj03	session10	610	0.4360259148512031
subj03	session10	611	0.1796240922682614
subj03	session10	612	0.3935241349850491
subj03	session10	613	-0.044862594332906174
subj03	session10	614	0.1168047842802221
subj03	session10	615	0.29362523138260005
subj03	session10	616	0.06834970810195072
subj03	session10	617	0.05535810907019791
subj03	session10	618	-0.24469599886088564
subj03	session10	619	0.041937918268546225
subj03	session10	620	-0.241660259148512
subj03	session10	621	0.11575822298163174
subj03	session10	622	0.044456784849779274
subj03	session10	623	0.1236651003844511
subj03	session10	624	0.12469315107503914
subj03	session10	625	0.5485818026484408
subj03	session10	626	0.8840395842232665
subj03	session10	627	1.2928349708101952
subj03	session10	628	0.6174256015947601
subj03	session10	629	0.556871707247615
subj03	session10	630	0.1909668232948882
subj03	session10	631	-0.03913142531681618
subj03	session10	632	-0.1267976648156059
subj03	session10	633	0.18553467179268116
subj03	session10	634	0.5908372490388722
subj03	session10	635	0.19819735155916274
subj03	session10	636	0.17792681190374485
subj03	session10	637	0.2522554463904314
subj03	session10	638	0.3668418054962267
subj03	session10	639	0.05189092980207888
subj03	session10	640	-0.13957283212302435
subj03	session10	641	0.11252598604584936
subj03	session10	642	-0.19367221984906732
subj03	session10	643	0.3065712658408088
subj03	session10	644	0.8243400256300725
subj03	session10	645	0.680135269827709
subj03	session10	646	0.7391940766054393
subj03	session10	647	0.43398120461341305
subj03	session10	648	0.12404527979495941
subj03	session10	649	0.20243628079168446
subj03	session10	650	0.4461013811761355
subj03	session10	651	0.19169728036451658
subj03	session10	652	-0.009124305852199897
subj03	session10	653	-0.26995158764060945
subj03	session10	654	-0.41270966823294886
subj03	session10	655	-0.44309127153638045
subj03	session10	656	-0.3977260430015663
subj03	session10	657	0.04681617542360811
subj03	session10	658	0.27398547629218284
subj03	session10	659	0.8733760501210309
subj03	session10	660	0.8673558308415207
subj03	session10	661	0.2730983910009967
subj03	session10	662	0.2555987469742275
subj03	session10	663	0.3393378897906877
subj03	session10	664	0.30236223835967535
subj03	session10	665	0.465110351701552
subj03	session10	666	0.41261996297878395
subj03	session10	667	0.19835397978072047
subj03	session10	668	0.05940481275808059
subj03	session10	669	0.01320375907731736
subj03	session10	670	0.46044995016374773
subj03	session10	671	0.08551188950590916
subj03	session10	672	0.32099387726043005
subj03	session10	673	0.24025914851203192
subj03	session10	674	-0.14693008685746833
subj03	session10	675	0.20809767905453508
subj03	session10	676	-0.2346290758934928
subj03	session10	677	0.40818596041577665
subj03	session10	678	0.34517727466894493
subj03	session10	679	0.5471465185818026
subj03	session10	680	0.27971522141534955
subj03	session10	681	0.4320546774882529
subj03	session10	682	0.3854748682899045
subj03	session10	683	0.22773601025202905
subj03	session10	684	0.30483981204613414
subj03	session10	685	0.871197493948455
subj03	session10	686	0.7138843798946319
subj03	session10	687	0.1894461056528549
subj03	session10	688	0.13859319379182689
subj03	session10	689	0.10790402961697282
subj03	session10	690	0.27181119179837676
subj03	session10	691	0.23528406663818885
subj03	session10	692	0.5380649295173003
subj03	session10	693	0.20987184963690733
subj03	session10	694	0.11830983910009969
subj03	session10	695	0.5025088993307704
subj03	session10	696	1.004483838815321
subj03	session10	697	0.9246732165741136
subj03	session10	698	1.153524134985049
subj03	session10	699	1.0053182400683467
subj03	session10	700	0.4751829702406378
subj03	session10	701	0.03259148512031893
subj03	session10	702	0.06423465755375198
subj03	session10	703	-0.1034144952299587
subj03	session10	704	-0.042412074611989155
subj03	session10	705	-0.21653851630357396
subj03	session10	706	-0.6634173430158052
subj03	session10	707	-0.34120461341307134
subj03	session10	708	0.022036166880250597
subj03	session10	709	0.49194218994731603
subj03	session10	710	0.5544297308842375
subj03	session10	711	0.17275523280649296
subj03	session10	712	-0.03120603730599458
subj03	session10	713	0.02196924391285775
subj03	session10	714	0.4303972661255873
subj03	session10	715	0.26264416915847927
subj03	session10	716	0.23713797522426314
subj03	session10	717	0.01909440410081162
subj03	session10	718	0.10735155916275096
subj03	session10	719	-0.06867862736722198
subj03	session10	720	0.06767478285632922
subj03	session10	721	0.3771408230101097
subj03	session10	722	0.3093578242916133
subj03	session10	723	0.10462622810764631
subj03	session10	724	-0.13102093122597183
subj03	session10	725	-0.009229673928520594
subj03	session10	726	-0.024134985049124293
subj03	session10	727	0.38588494945180124
subj03	session10	728	0.10881532108785416
subj03	session10	729	0.40820731880962546
subj03	session10	730	0.1539740851487968
subj03	session10	731	0.020212160045564583
subj03	session10	732	0.20550049836252315
subj03	session10	733	-0.12154207603588212
subj03	session10	734	0.12316958564715935
subj03	session10	735	0.1511875266979923
subj03	session10	736	0.1377260430015663
subj03	session10	737	0.4984465328207319
subj03	session10	738	0.728588922113057
subj03	session10	739	0.6927737434144953
subj03	session10	740	0.7509354976505767
subj03	session10	741	0.554929517300299
subj03	session10	742	0.4506735013526983
subj03	session10	743	0.4128862309554322
subj03	session10	744	0.29837676206749253
subj03	session10	745	-0.30606293606720775
subj03	session10	746	0.08405382315249893
subj03	session10	747	0.6005439270966823
subj03	session10	748	0.5131154777160757
subj03	session10	749	0.14263562580093972
subj03	session11	0	0.4342318097679055
subj03	session11	1	0.47958564715933355
subj03	session11	2	0.2961782713939911
subj03	session11	3	0.21500355973230814
subj03	session11	4	-0.09443115477716073
subj03	session11	5	0.15789691015235655
subj03	session11	6	0.2589577103801794
subj03	session11	7	0.31077317385732595
subj03	session11	8	0.004342873415919113
subj03	session11	9	0.11445251317100955
subj03	session11	10	0.11228534814181974
subj03	session11	11	0.3295927666239499
subj03	session11	12	-0.05633917129431869
subj03	session11	13	0.38095258436565566
subj03	session11	14	0.3556158336893065
subj03	session11	15	-0.019849067350135283
subj03	session11	16	-0.24283639470311838
subj03	session11	17	-0.25728890787412784
subj03	session11	18	0.9190915563149651
subj03	session11	19	0.535251317100954
subj03	session11	20	0.48743414495229964
subj03	session11	21	0.3974256015947601
subj03	session11	22	0.4852142958849494
subj03	session11	23	0.41226541364089425
subj03	session11	24	0.06608571835397975
subj03	session11	25	0.29592624234657555
subj03	session11	26	0.02692296739285209
subj03	session11	27	-0.2869628363947031
subj03	session11	28	0.17441122027623523
subj03	session11	29	0.19816175423608143
subj03	session11	30	0.06491527837106648
subj03	session11	31	-0.1599288053538374
subj03	session11	32	-0.22803075608714227
subj03	session11	33	0.1582699700982486
subj03	session11	34	0.1839826285063363
subj03	session11	35	0.5205852199914567
subj03	session11	36	0.527244767193507
subj03	session11	37	0.3974640467036879
subj03	session11	38	0.18001708671507902
subj03	session11	39	-0.04483981204613416
subj03	session11	40	0.21498932080307562
subj03	session11	41	0.009634059518724192
subj03	session11	42	-0.1528748398120461
subj03	session11	43	0.0008543357539512877
subj03	session11	44	0.4288395272675495
subj03	session11	45	0.30428449380606576
subj03	session11	46	0.5524960842944611
subj03	session11	47	0.2597892638473587
subj03	session11	48	0.41882101665954713
subj03	session11	49	-0.03996013099814894
subj03	session11	50	-0.2658479282357966
subj03	session11	51	0.7103630926954293
subj03	session11	52	0.4200242061796952
subj03	session11	53	0.1690474156343443
subj03	session11	54	-0.22194788551900899
subj03	session11	55	0.018691442403531253
subj03	session11	56	0.017820019934500938
subj03	session11	57	0.3728776875978926
subj03	session11	58	0.6174953723479994
subj03	session11	59	0.4977061085006407
subj03	session11	60	0.7404172006265128
subj03	session11	61	0.4225160187953865
subj03	session11	62	-0.2618339740851488
subj03	session11	63	0.6402249750818738
subj03	session11	64	0.6187341591912289
subj03	session11	65	0.39208742702548766
subj03	session11	66	0.17341022355118893
subj03	session11	67	0.3796710807347288
subj03	session11	68	0.488672931795529
subj03	session11	69	0.5536779154207603
subj03	session11	70	0.4890872846361954
subj03	session11	71	0.6014068062081732
subj03	session11	72	0.6141435284066639
subj03	session11	73	0.07595044852627081
subj03	session11	74	0.16776591200341734
subj03	session11	75	0.8283269258151786
subj03	session11	76	0.42947600740424313
subj03	session11	77	0.12473729175565997
subj03	session11	78	0.02440694859746547
subj03	session11	79	-0.030673501352698248
subj03	session11	80	0.04370069770753241
subj03	session11	81	-0.39708386729317957
subj03	session11	82	0.022726754948027884
subj03	session11	83	-0.16739000427167877
subj03	session11	84	-0.03323081304285918
subj03	session11	85	0.1073273529830557
subj03	session11	86	0.1348227253310551
subj03	session11	87	0.3678442261141962
subj03	session11	88	0.550559589918838
subj03	session11	89	-0.11499786416061508
subj03	session11	90	-0.6560971094973658
subj03	session11	91	0.007076747828563284
subj03	session11	92	0.541643172433433
subj03	session11	93	0.03507902605724049
subj03	session11	94	0.5185974654705966
subj03	session11	95	0.5965257012672647
subj03	session11	96	0.25295315392282497
subj03	session11	97	0.2845222839242489
subj03	session11	98	0.20442118752669802
subj03	session11	99	0.6247928235796667
subj03	session11	100	0.38439270966823297
subj03	session11	101	0.04286344866866012
subj03	session11	102	0.5655318240068347
subj03	session11	103	0.4783027196354833
subj03	session11	104	-0.0166951445251317
subj03	session11	105	0.010623665100384441
subj03	session11	106	-0.15013242204186245
subj03	session11	107	-0.10529830556742134
subj03	session11	108	0.665116047273245
subj03	session11	109	0.5109554321515023
subj03	session11	110	0.20556457354406948
subj03	session11	111	0.016064359960131006
subj03	session11	112	0.19711234515164458
subj03	session11	113	-0.08265840808771177
subj03	session11	114	0.5766139826285064
subj03	session11	115	0.3490630784565001
subj03	session11	116	0.1309226826142674
subj03	session11	117	0.16220133845934787
subj03	session11	118	0.24836821870995293
subj03	session11	119	0.06760216431724336
subj03	session11	120	0.4542759504485263
subj03	session11	121	0.8243300583796097
subj03	session11	122	0.1830869998576107
subj03	session11	123	0.14682187099530114
subj03	session11	124	-0.19764060942617112
subj03	session11	125	0.5112615691300014
subj03	session11	126	0.32392282500355973
subj03	session11	127	0.21892923252171437
subj03	session11	128	0.32499359248184534
subj03	session11	129	-0.032174284493806035
subj03	session11	130	0.08520148084864018
subj03	session11	131	0.2613939911718639
subj03	session11	132	0.06544639043143954
subj03	session11	133	0.3458094831268688
subj03	session11	134	0.62777587925388
subj03	session11	135	0.04785846504342872
subj03	session11	136	0.23161469457496797
subj03	session11	137	0.8246717926811904
subj03	session11	138	0.6040082585789548
subj03	session11	139	-0.2549950163747686
subj03	session11	140	-0.28775594475295463
subj03	session11	141	0.17654136408942045
subj03	session11	142	1.0810180834401253
subj03	session11	143	0.47499501637476865
subj03	session11	144	-0.11683041435284064
subj03	session11	145	-0.0647871280079738
subj03	session11	146	-0.4873857325929089
subj03	session11	147	-0.31144097963833123
subj03	session11	148	0.35841947885519004
subj03	session11	149	0.05734586359105796
subj03	session11	150	-0.4243556884522284
subj03	session11	151	0.12695571693008686
subj03	session11	152	1.0797024063790401
subj03	session11	153	0.6945578812473302
subj03	session11	154	0.6966552755232805
subj03	session11	155	0.4709354976505767
subj03	session11	156	0.283924248896483
subj03	session11	157	0.3049309411932222
subj03	session11	158	0.05022497508187384
subj03	session11	159	0.11315961839669655
subj03	session11	160	-0.19918838103374628
subj03	session11	161	-0.042029047415634326
subj03	session11	162	-0.2149095827993735
subj03	session11	163	-0.04046561298590345
subj03	session11	164	0.40534387014096546
subj03	session11	165	0.8522953153922824
subj03	session11	166	0.2620916987042574
subj03	session11	167	-0.24047558023636625
subj03	session11	168	0.0731795528976221
subj03	session11	169	0.1392268261426741
subj03	session11	170	0.24087569414780008
subj03	session11	171	0.3299843371778442
subj03	session11	172	0.23691584792823575
subj03	session11	173	0.24343442973088422
subj03	session11	174	0.10955432151502204
subj03	session11	175	-0.09179268119037444
subj03	session11	176	0.016129859034600603
subj03	session11	177	-0.013699273814609156
subj03	session11	178	0.37891926527125164
subj03	session11	179	0.2848924960842945
subj03	session11	180	0.07709383454364231
subj03	session11	181	-0.1210622241207461
subj03	session11	182	-0.05955289762209884
subj03	session11	183	0.11508472162893353
subj03	session11	184	-0.055796668090559616
subj03	session11	185	0.5288096255161611
subj03	session11	186	0.6172191371208885
subj03	session11	187	0.2731439555745408
subj03	session11	188	-0.2848326925815178
subj03	session11	189	-0.32628221557738857
subj03	session11	190	0.24386017371493662
subj03	session11	191	0.7200726185390858
subj03	session11	192	1.068509184109355
subj03	session11	193	0.5237291755659975
subj03	session11	194	0.32631211732877685
subj03	session11	195	0.13075751103517022
subj03	session11	196	0.12169870425743985
subj03	session11	197	-0.36646589776448807
subj03	session11	198	-0.08456357681902323
subj03	session11	199	0.8125174426883098
subj03	session11	200	0.8135924818453651
subj03	session11	201	0.17153210878541933
subj03	session11	202	-0.24973373202335183
subj03	session11	203	0.01926954293037164
subj03	session11	204	-0.10758934928093405
subj03	session11	205	-0.17632350847216288
subj03	session11	206	-0.5635241349850492
subj03	session11	207	-0.38321087854193364
subj03	session11	208	0.3207418482130143
subj03	session11	209	0.2164160615121743
subj03	session11	210	0.21402392140111065
subj03	session11	211	0.19162466182543073
subj03	session11	212	0.30582229816317813
subj03	session11	213	0.47577388580378754
subj03	session11	214	0.5205795244197636
subj03	session11	215	-0.25670653566851775
subj03	session11	216	-0.0994204755802364
subj03	session11	217	0.5292026199629788
subj03	session11	218	0.9478556172575824
subj03	session11	219	0.5439797807204898
subj03	session11	220	0.6490075466324933
subj03	session11	221	0.28700982486117044
subj03	session11	222	0.8947928235796668
subj03	session11	223	-0.2817172148654421
subj03	session11	224	0.04668660116759217
subj03	session11	225	-0.3725886373344724
subj03	session11	226	-0.047398547629218274
subj03	session11	227	0.39931937918268545
subj03	session11	228	0.03603018652997297
subj03	session11	229	-0.09420475580236366
subj03	session11	230	-0.010599458920689165
subj03	session11	231	-0.28066353410223555
subj03	session11	232	-0.46297451231667375
subj03	session11	233	0.040709098675779584
subj03	session11	234	0.05307560871422469
subj03	session11	235	0.24450946888793962
subj03	session11	236	-0.19241349850491243
subj03	session11	237	-0.4612288195927666
subj03	session11	238	-0.4954990744695999
subj03	session11	239	0.23476576961412504
subj03	session11	240	0.09421329915990319
subj03	session11	241	1.0572476149793535
subj03	session11	242	1.0005880677773031
subj03	session11	243	0.518690018510608
subj03	session11	244	0.6878086287911149
subj03	session11	245	0.2548540509753667
subj03	session11	246	0.22989178413783287
subj03	session11	247	-0.2992752385020647
subj03	session11	248	0.1190887085291186
subj03	session11	249	0.3003289192652712
subj03	session11	250	0.41922255446390433
subj03	session11	251	-0.2582400683468603
subj03	session11	252	-0.09696853196639613
subj03	session11	253	-0.00012815036309267601
subj03	session11	254	-0.08268973373202336
subj03	session11	255	0.1850434287341592
subj03	session11	256	0.21428022212729603
subj03	session11	257	0.49811618966253735
subj03	session11	258	0.5579139968674356
subj03	session11	259	0.149333618111918
subj03	session11	260	0.2813199487398547
subj03	session11	261	0.3399843371778442
subj03	session11	262	0.20070625088993307
subj03	session11	263	0.033284920973942776
subj03	session11	264	0.010995301153353272
subj03	session11	265	0.4101295742560159
subj03	session11	266	0.2948213014381319
subj03	session11	267	0.24440267691869572
subj03	session11	268	0.08449380606578386
subj03	session11	269	-0.07226114196212442
subj03	session11	270	0.26890360244909584
subj03	session11	271	0.5443727751673074
subj03	session11	272	0.3392951730029902
subj03	session11	273	0.6405638615976078
subj03	session11	274	0.28792538801082157
subj03	session11	275	0.32446105652854906
subj03	session11	276	-0.09252456215292608
subj03	session11	277	-0.2436181119179838
subj03	session11	278	0.26270397266125584
subj03	session11	279	0.389333618111918
subj03	session11	280	0.38057952441976367
subj03	session11	281	-0.1134002563007262
subj03	session11	282	-0.7143286344866866
subj03	session11	283	0.0022668375338174836
subj03	session11	284	-0.11563292040438557
subj03	session11	285	-0.08790830129574252
subj03	session11	286	0.05147230528264275
subj03	session11	287	0.2881774170582373
subj03	session11	288	0.33868147515306846
subj03	session11	289	0.14648440837249038
subj03	session11	290	0.29486544211875265
subj03	session11	291	0.26376477288907874
subj03	session11	292	0.20172148654421188
subj03	session11	293	0.3235369500213584
subj03	session11	294	0.5842360814466753
subj03	session11	295	0.54719350704827
subj03	session11	296	0.572760928378186
subj03	session11	297	-0.003976932934643316
subj03	session11	298	0.3023494233233661
subj03	session11	299	0.6242417770183681
subj03	session11	300	0.7980150932649865
subj03	session11	301	0.14855332478997577
subj03	session11	302	-0.6655745407945323
subj03	session11	303	-0.37658408087711803
subj03	session11	304	0.024284493806065763
subj03	session11	305	0.17732165741136266
subj03	session11	306	0.5151829702406379
subj03	session11	307	0.8354990744695998
subj03	session11	308	0.06950590915563147
subj03	session11	309	-0.08033746262281076
subj03	session11	310	0.19109212587213442
subj03	session11	311	0.5871166168304144
subj03	session11	312	0.2413626655275523
subj03	session11	313	0.15918695714082298
subj03	session11	314	-0.13058806777730317
subj03	session11	315	0.08827993734871138
subj03	session11	316	-0.09276662394987893
subj03	session11	317	0.21825288338316956
subj03	session11	318	0.2396596895913427
subj03	session11	319	0.026175423608144673
subj03	session11	320	-0.009541506478712767
subj03	session11	321	0.07624092268261425
subj03	session11	322	0.4087797237647729
subj03	session11	323	0.37698989036024494
subj03	session11	324	0.71210593763349
subj03	session11	325	0.17144240353125442
subj03	session11	326	0.12897479709525844
subj03	session11	327	-0.23850348853766198
subj03	session11	328	0.24531681617542359
subj03	session11	329	0.2677516730741848
subj03	session11	330	0.20226541364089418
subj03	session11	331	0.3180193649437562
subj03	session11	332	0.30969528691442405
subj03	session11	333	0.2682956001708672
subj03	session11	334	0.2597864160615122
subj03	session11	335	0.09111206037305995
subj03	session11	336	-0.2487113769044568
subj03	session11	337	-0.26823010109639756
subj03	session11	338	0.07568418054962268
subj03	session11	339	0.5415990317528121
subj03	session11	340	0.5611989178413783
subj03	session11	341	0.3613726327780151
subj03	session11	342	0.2275010679196924
subj03	session11	343	0.43294603445820873
subj03	session11	344	0.1750064075181546
subj03	session11	345	0.6966752100242063
subj03	session11	346	-0.22633917129431863
subj03	session11	347	-0.42052968816744984
subj03	session11	348	-0.0868361099245337
subj03	session11	349	-0.4100427167876975
subj03	session11	350	-0.1053766196782002
subj03	session11	351	-0.31821016659547197
subj03	session11	352	-0.21557596468745543
subj03	session11	353	0.24981916559874703
subj03	session11	354	0.8677345863591058
subj03	session11	355	0.966978499216859
subj03	session11	356	0.5304527979495942
subj03	session11	357	0.16058664388437993
subj03	session11	358	0.23864872561583372
subj03	session11	359	0.39132422041862447
subj03	session11	360	0.20234942332336606
subj03	session11	361	0.03547059661113484
subj03	session11	362	0.2676149793535526
subj03	session11	363	0.7135640039869002
subj03	session11	364	-0.12458066353410227
subj03	session11	365	-0.42909582799373486
subj03	session11	366	-0.20696710807347288
subj03	session11	367	0.3054962266837534
subj03	session11	368	0.09026769186957137
subj03	session11	369	-0.4072533105510466
subj03	session11	370	0.44701409653994023
subj03	session11	371	0.6291072191371209
subj03	session11	372	0.5542019080165173
subj03	session11	373	-0.01752242631354124
subj03	session11	374	0.12668232948882244
subj03	session11	375	0.3023835967535241
subj03	session11	376	0.3208714224690304
subj03	session11	377	0.08236366225259863
subj03	session11	378	-0.3111376904456785
subj03	session11	379	-0.26204755802363666
subj03	session11	380	0.1666097109497366
subj03	session11	381	0.10337035454933786
subj03	session11	382	0.2926569841947885
subj03	session11	383	0.44986045849352135
subj03	session11	384	0.3703403104086572
subj03	session11	385	-0.03580236366225258
subj03	session11	386	-0.044832692581517855
subj03	session11	387	0.5319393421614695
subj03	session11	388	0.3499216858892211
subj03	session11	389	0.39546062936067206
subj03	session11	390	0.5863776164032465
subj03	session11	391	0.6594945180122455
subj03	session11	392	0.17210878541933644
subj03	session11	393	0.10484408372490389
subj03	session11	394	0.018556172575822285
subj03	session11	395	-0.5196981347002705
subj03	session11	396	0.45322369357824294
subj03	session11	397	0.15932792254022493
subj03	session11	398	-0.17133845934785705
subj03	session11	399	0.6249708101950734
subj03	session11	400	0.573061369784992
subj03	session11	401	0.24218709953011536
subj03	session11	402	0.49156770610850065
subj03	session11	403	0.38334330058379606
subj03	session11	404	0.3266211020931227
subj03	session11	405	0.3656300726185391
subj03	session11	406	-0.0849024633347572
subj03	session11	407	0.06831268688594616
subj03	session11	408	0.5624377046846077
subj03	session11	409	0.07668375338174568
subj03	session11	410	-0.6435668517727468
subj03	session11	411	-0.22537661967820025
subj03	session11	412	0.10161469457496794
subj03	session11	413	0.10533959846219565
subj03	session11	414	0.7375110351701553
subj03	session11	415	0.6840552470454222
subj03	session11	416	0.43992026199629786
subj03	session11	417	-0.2079182685462053
subj03	session11	418	-0.28571123451516445
subj03	session11	419	-0.36530400113911443
subj03	session11	420	-0.00361953581090703
subj03	session11	421	0.7693734871137691
subj03	session11	422	1.0898946319236795
subj03	session11	423	0.4168033603872989
subj03	session11	424	-0.5088793962694005
subj03	session11	425	-0.1757624946604015
subj03	session11	426	0.12142958849494517
subj03	session11	427	-0.40130570981062225
subj03	session11	428	0.10786131282927522
subj03	session11	429	0.9647415634344297
subj03	session11	430	0.8099971522141535
subj03	session11	431	0.6492140111063648
subj03	session11	432	0.45458066353410226
subj03	session11	433	0.2560828705681333
subj03	session11	434	0.5309283781859605
subj03	session11	435	-0.180338886515734
subj03	session11	436	0.299034600598035
subj03	session11	437	0.3268119037448384
subj03	session11	438	0.4820831553467179
subj03	session11	439	0.5537790118183112
subj03	session11	440	0.17796810479851913
subj03	session11	441	0.31035597323081304
subj03	session11	442	0.31540652142958847
subj03	session11	443	0.4818553324789976
subj03	session11	444	0.6421529260999572
subj03	session11	445	0.9895073330485546
subj03	session11	446	0.05732308130428594
subj03	session11	447	0.08260287626370498
subj03	session11	448	0.8682899045991741
subj03	session11	449	0.1667620674925246
subj03	session11	450	-0.8166581233091271
subj03	session11	451	-0.2906065783853054
subj03	session11	452	-0.1526299302292467
subj03	session11	453	-0.06938203047130856
subj03	session11	454	-0.21585504770041294
subj03	session11	455	0.051485120318952034
subj03	session11	456	-0.5245550334614837
subj03	session11	457	-0.3426954293037163
subj03	session11	458	-0.4721045137405667
subj03	session11	459	0.39020219279510177
subj03	session11	460	0.8614210451374056
subj03	session11	461	0.3983767620674925
subj03	session11	462	-0.18991741421045136
subj03	session11	463	-0.285917698989036
subj03	session11	464	0.5354634771465185
subj03	session11	465	0.5233119749394846
subj03	session11	466	-0.410140965399402
subj03	session11	467	-0.4263334757226257
subj03	session11	468	0.3205866438843799
subj03	session11	469	0.5949252456215292
subj03	session11	470	1.1207019792111634
subj03	session11	471	0.9388067777303146
subj03	session11	472	0.26362095970383026
subj03	session11	473	0.2929503061369785
subj03	session11	474	0.4295941905168731
subj03	session11	475	0.2565171579097252
subj03	session11	476	0.1700071194646163
subj03	session11	477	0.3368062081731454
subj03	session11	478	0.678006549907447
subj03	session11	479	0.2917599316531397
subj03	session11	480	0.8245635768190231
subj03	session11	481	0.6849309411932223
subj03	session11	482	-0.09501210308984764
subj03	session11	483	-0.629847643457212
subj03	session11	484	-0.09811903744838385
subj03	session11	485	-0.2974640467036879
subj03	session11	486	0.17840239214011105
subj03	session11	487	0.8865128862309555
subj03	session11	488	0.4042019080165172
subj03	session11	489	0.3953751957852769
subj03	session11	490	-0.34635768190232097
subj03	session11	491	-0.3189961554891072
subj03	session11	492	-0.05461341307133702
subj03	session11	493	0.11734871137690447
subj03	session11	494	0.20932507475437845
subj03	session11	495	-0.08751957852769471
subj03	session11	496	0.4963847358678628
subj03	session11	497	0.22524846931510747
subj03	session11	498	0.15143243628079167
subj03	session11	499	0.672694005410793
subj03	session11	500	-0.3204058094831269
subj03	session11	501	0.17136124163462907
subj03	session11	502	0.15466182543072762
subj03	session11	503	0.26601025202904743
subj03	session11	504	0.6469087284636195
subj03	session11	505	0.8397593620959704
subj03	session11	506	0.17305852199914565
subj03	session11	507	0.18488252883383172
subj03	session11	508	-0.28046846077175
subj03	session11	509	0.3918339740851488
subj03	session11	510	0.2864445393706393
subj03	session11	511	0.5583411647444113
subj03	session11	512	1.327120888509184
subj03	session11	513	1.123200911291471
subj03	session11	514	1.1252256870283357
subj03	session11	515	0.42858892211305716
subj03	session11	516	0.0809739427595045
subj03	session11	517	0.29693435853623806
subj03	session11	518	-0.27920119607005556
subj03	session11	519	-0.44228107646305004
subj03	session11	520	-0.19738430869998574
subj03	session11	521	-0.4512387868432294
subj03	session11	522	-0.356905880677773
subj03	session11	523	0.12485832265413639
subj03	session11	524	0.4283497081019507
subj03	session11	525	-0.059849067350135225
subj03	session11	526	0.003971237362950312
subj03	session11	527	0.06534956571265839
subj03	session11	528	0.012928947743129722
subj03	session11	529	0.5926470169443258
subj03	session11	530	-0.37410793108358253
subj03	session11	531	-0.02209027481133419
subj03	session11	532	0.30171151929374906
subj03	session11	533	0.015558877972376484
subj03	session11	534	-0.23185960415776732
subj03	session11	535	0.30595044852627085
subj03	session11	536	0.16886515734016802
subj03	session11	537	-0.2840253452940339
subj03	session11	538	-0.14004414068062085
subj03	session11	539	0.11318240068346862
subj03	session11	540	-0.07049978641606151
subj03	session11	541	0.3758023636622526
subj03	session11	542	0.523309127153638
subj03	session11	543	0.24893777587925386
subj03	session11	544	0.3829830556742133
subj03	session11	545	1.0288850918410934
subj03	session11	546	0.32725900612273956
subj03	session11	547	-0.090626512886231
subj03	session11	548	0.09328064929517298
subj03	session11	549	-0.05512459063078456
subj03	session11	550	0.24149081589064503
subj03	session11	551	0.9648668660116758
subj03	session11	552	1.2559589918838103
subj03	session11	553	0.2616631069343585
subj03	session11	554	-0.18559305140253451
subj03	session11	555	-0.18519720916987042
subj03	session11	556	-0.2119407660543927
subj03	session11	557	0.4894987896910152
subj03	session11	558	0.6917286060088282
subj03	session11	559	0.3520205040580949
subj03	session11	560	0.3344738715648583
subj03	session11	561	0.31139826285063366
subj03	session11	562	0.3668688594617685
subj03	session11	563	0.497035454933789
subj03	session11	564	0.6829631211732877
subj03	session11	565	0.30378897906877406
subj03	session11	566	0.5118268546205325
subj03	session11	567	0.7252328064929517
subj03	session11	568	0.7371123451516446
subj03	session11	569	1.0599729460344582
subj03	session11	570	0.8097978072048982
subj03	session11	571	0.526052968816745
subj03	session11	572	-0.03171294318667235
subj03	session11	573	-0.30012815036309265
subj03	session11	574	0.04106364801366938
subj03	session11	575	0.40347857041150503
subj03	session11	576	0.18221700128150362
subj03	session11	577	0.09902748113341879
subj03	session11	578	-0.5363306279367791
subj03	session11	579	-0.5233247899757939
subj03	session11	580	-0.5765057667663391
subj03	session11	581	-0.147549480279083
subj03	session11	582	0.33790830129574256
subj03	session11	583	-0.24926527125160186
subj03	session11	584	0.4392481845365229
subj03	session11	585	0.9884493806065784
subj03	session11	586	0.33057810052684033
subj03	session11	587	-0.10201338459347857
subj03	session11	588	-0.2946547059661113
subj03	session11	589	-0.5084949451801225
subj03	session11	590	0.2418496369073046
subj03	session11	591	0.43872703972661253
subj03	session11	592	0.9104955147372918
subj03	session11	593	0.3862537377189236
subj03	session11	594	-0.32553751957852767
subj03	session11	595	-0.5400313256443116
subj03	session11	596	-0.0990830129574256
subj03	session11	597	0.6187370069770752
subj03	session11	598	0.7174967962409227
subj03	session11	599	1.2065769614125017
subj03	session11	600	1.1282543072760929
subj03	session11	601	1.1100185106080023
subj03	session11	602	0.42319948739854757
subj03	session11	603	-0.2867108073472875
subj03	session11	604	-0.35612416346290754
subj03	session11	605	-0.23800654990744693
subj03	session11	606	0.1461440979638331
subj03	session11	607	0.46676633917129423
subj03	session11	608	-0.20306706535668517
subj03	session11	609	-0.13285632920404386
subj03	session11	610	-0.26782856329204047
subj03	session11	611	-0.7812031895201481
subj03	session11	612	-0.47158194503773315
subj03	session11	613	0.09757938203047134
subj03	session11	614	0.4549765057667663
subj03	session11	615	0.12032607147942473
subj03	session11	616	0.14327352983055675
subj03	session11	617	1.0960059803502777
subj03	session11	618	0.41108358251459487
subj03	session11	619	0.3160515449238217
subj03	session11	620	0.12591769898903601
subj03	session11	621	0.36625088993307703
subj03	session11	622	0.4515833689306564
subj03	session11	623	0.276888793962694
subj03	session11	624	0.08083440125302578
subj03	session11	625	-0.11771322796525703
subj03	session11	626	0.5830827281788409
subj03	session11	627	0.4189634059518724
subj03	session11	628	0.2318610280506906
subj03	session11	629	0.48861028050690586
subj03	session11	630	0.5790274811334187
subj03	session11	631	0.16388865157340166
subj03	session11	632	-0.13425032037590776
subj03	session11	633	-0.7317926811903744
subj03	session11	634	-0.24088993307703263
subj03	session11	635	-0.2355161611846789
subj03	session11	636	-0.1546319236793393
subj03	session11	637	0.6718880820162324
subj03	session11	638	0.561778442261142
subj03	session11	639	0.1898761213156771
subj03	session11	640	0.24195358109070197
subj03	session11	641	0.5880392994446817
subj03	session11	642	0.4231824006834686
subj03	session11	643	0.7107888366794817
subj03	session11	644	-0.010877118040723352
subj03	session11	645	0.3158393848782571
subj03	session11	646	0.31659689591342727
subj03	session11	647	0.4086857468318382
subj03	session11	648	0.3793863021500783
subj03	session11	649	-0.03081731453794675
subj03	session11	650	0.3916218140395842
subj03	session11	651	0.5479467464046703
subj03	session11	652	0.052639897479709506
subj03	session11	653	0.24264132137263278
subj03	session11	654	-0.2894475295457782
subj03	session11	655	0.06399544354264562
subj03	session11	656	-0.10292894774312975
subj03	session11	657	-0.1983183824576392
subj03	session11	658	0.15976648156058665
subj03	session11	659	0.42940623665100386
subj03	session11	660	-0.015571693008685753
subj03	session11	661	-0.39787697565143104
subj03	session11	662	-0.5025231382600028
subj03	session11	663	0.10679908870852914
subj03	session11	664	0.6766752100242062
subj03	session11	665	0.9883938487825715
subj03	session11	666	0.8876918695714084
subj03	session11	667	-0.028060657838530553
subj03	session11	668	-0.28450234942332336
subj03	session11	669	0.3083995443542646
subj03	session11	670	0.6915036309269542
subj03	session11	671	0.29050263420190797
subj03	session11	672	0.27497650576676635
subj03	session11	673	0.06183824576391851
subj03	session11	674	0.14655702691157627
subj03	session11	675	-0.13557454079453224
subj03	session11	676	-0.39682329488822443
subj03	session11	677	-0.0650562437704685
subj03	session11	678	0.012212729602733877
subj03	session11	679	0.07447387156485832
subj03	session11	680	0.14055389434714508
subj03	session11	681	0.8453339028905027
subj03	session11	682	1.2783311974939484
subj03	session11	683	0.4473971237362951
subj03	session11	684	0.22306279367791546
subj03	session11	685	0.08182827851345578
subj03	session11	686	0.09909867577958135
subj03	session11	687	-0.3128136124163463
subj03	session11	688	-0.01694005410793109
subj03	session11	689	-0.05095258436565571
subj03	session11	690	0.3632379325074754
subj03	session11	691	0.009016089990032757
subj03	session11	692	0.011782713939911735
subj03	session11	693	0.32017371493663677
subj03	session11	694	0.23380037021216007
subj03	session11	695	-0.11068631638900753
subj03	session11	696	0.38011248754093696
subj03	session11	697	0.6475822298163179
subj03	session11	698	0.4404214723052826
subj03	session11	699	0.43427025487683324
subj03	session11	700	0.9225103232236936
subj03	session11	701	0.3085533247899759
subj03	session11	702	0.2398035027765912
subj03	session11	703	0.19220561013811757
subj03	session11	704	0.08151786985618681
subj03	session11	705	0.17395272675494805
subj03	session11	706	0.6702178556172576
subj03	session11	707	0.29983055674213294
subj03	session11	708	0.11457639185533249
subj03	session11	709	-0.2267976648156059
subj03	session11	710	-0.4175865014950876
subj03	session11	711	-0.008373914281646041
subj03	session11	712	0.2086487256158337
subj03	session11	713	0.6203730599458921
subj03	session11	714	0.35314537946746405
subj03	session11	715	-0.011883810337462632
subj03	session11	716	0.00394133561156202
subj03	session11	717	0.09955004983625225
subj03	session11	718	-0.06973515591627509
subj03	session11	719	-0.2884522283924249
subj03	session11	720	-0.38947173572547344
subj03	session11	721	0.0068062081731453845
subj03	session11	722	0.44520005695571696
subj03	session11	723	-0.2792410650719066
subj03	session11	724	-0.41570981062224116
subj03	session11	725	0.40106222412074616
subj03	session11	726	0.5920034173430159
subj03	session11	727	0.26044283069913143
subj03	session11	728	0.1987740281930799
subj03	session11	729	-0.33031752812188525
subj03	session11	730	0.26539228250035596
subj03	session11	731	0.47293464331482266
subj03	session11	732	0.45647301722910444
subj03	session11	733	0.9378883667948169
subj03	session11	734	0.5412587213441549
subj03	session11	735	0.5091997721771323
subj03	session11	736	1.058848070625089
subj03	session11	737	0.46042289619820587
subj03	session11	738	0.04791542076035885
subj03	session11	739	0.10910009967250459
subj03	session11	740	-0.12226256585504769
subj03	session11	741	-0.2627865584508045
subj03	session11	742	-0.4145863591057952
subj03	session11	743	-0.13330770326071475
subj03	session11	744	-0.024304428306991317
subj03	session11	745	0.35012387868432293
subj03	session11	746	0.10998433717784424
subj03	session11	747	-0.0039755090417200835
subj03	session11	748	0.10397408514879683
subj03	session11	749	0.9207817172148656
subj03	session12	0	0.6522113057098106
subj03	session12	1	0.5204826997009824
subj03	session12	2	0.3035042004841236
subj03	session12	3	0.03834970810195071
subj03	session12	4	0.19527694717357255
subj03	session12	5	0.3698291328492097
subj03	session12	6	0.40345436423180975
subj03	session12	7	0.006285063363235062
subj03	session12	8	0.18677061085006405
subj03	session12	9	0.6138160330343158
subj03	session12	10	0.512298163178129
subj03	session12	11	-0.26241634629075894
subj03	session12	12	-0.33515164459632635
subj03	session12	13	-0.1548996155489107
subj03	session12	14	0.09295457781574823
subj03	session12	15	-0.038322654136408944
subj03	session12	16	0.013139683895771023
subj03	session12	17	-0.30402676918695715
subj03	session12	18	-0.04663106934358536
subj03	session12	19	0.1692524562152926
subj03	session12	20	0.1801281503630927
subj03	session12	21	0.4604770041292895
subj03	session12	22	0.09384593478570412
subj03	session12	23	0.6249822013384594
subj03	session12	24	1.1398889363519864
subj03	session12	25	1.0327595044852627
subj03	session12	26	0.5995472020504058
subj03	session12	27	0.3635426455930514
subj03	session12	28	-0.1716246618254307
subj03	session12	29	-0.509147088138972
subj03	session12	30	-0.2789434714509469
subj03	session12	31	-0.5280037021216004
subj03	session12	32	-0.040905595899188386
subj03	session12	33	0.31209169870425746
subj03	session12	34	-0.0020119607005553096
subj03	session12	35	0.2435369500213584
subj03	session12	36	0.2579453225117471
subj03	session12	37	-0.012148654421187498
subj03	session12	38	-0.09117898334045278
subj03	session12	39	0.36543499928805356
subj03	session12	40	0.23866011675921966
subj03	session12	41	-0.11550192225544638
subj03	session12	42	-0.18949451801224548
subj03	session12	43	-0.16952014808486404
subj03	session12	44	0.4986359105795245
subj03	session12	45	0.2723608144667521
subj03	session12	46	0.2585689876121316
subj03	session12	47	0.5158094831268688
subj03	session12	48	0.44348853766196783
subj03	session12	49	0.5484394133561156
subj03	session12	50	0.36241065071906586
subj03	session12	51	0.006011675921970679
subj03	session12	52	0.3786885946176847
subj03	session12	53	0.5508756941478
subj03	session12	54	0.009292325217143663
subj03	session12	55	0.21604442545920544
subj03	session12	56	0.14114480991029477
subj03	session12	57	-0.08117755944752954
subj03	session12	58	-0.11974227538089133
subj03	session12	59	-0.3324946604015378
subj03	session12	60	0.4206023067065357
subj03	session12	61	0.6706151217428449
subj03	session12	62	0.6814637619251033
subj03	session12	63	0.18915420760358825
subj03	session12	64	0.46708101950733305
subj03	session12	65	0.3058393848782572
subj03	session12	66	0.19650719065926237
subj03	session12	67	0.5639171294318667
subj03	session12	68	0.6727452655560302
subj03	session12	69	0.5625274099387726
subj03	session12	70	0.727577958137548
subj03	session12	71	0.23064217570838672
subj03	session12	72	0.1907931083582515
subj03	session12	73	0.5814523707817172
subj03	session12	74	0.2851274384166311
subj03	session12	75	0.5178855190089705
subj03	session12	76	0.2834686031610423
subj03	session12	77	0.07085860743272106
subj03	session12	78	0.28363092695429304
subj03	session12	79	-0.017913996867435555
subj03	session12	80	0.09814324362807916
subj03	session12	81	0.14764060942617116
subj03	session12	82	0.17748113341876692
subj03	session12	83	-0.19326213868717074
subj03	session12	84	-0.5283098391000997
subj03	session12	85	0.08780578100526841
subj03	session12	86	0.2467848497792966
subj03	session12	87	0.6745977502491812
subj03	session12	88	0.1230784565000712
subj03	session12	89	0.4984536522853481
subj03	session12	90	-0.0008586074327210737
subj03	session12	91	0.3784792823579667
subj03	session12	92	0.6216588352555887
subj03	session12	93	0.40581660259148516
subj03	session12	94	-0.23085718353979784
subj03	session12	95	-0.08529260999572831
subj03	session12	96	0.2506364801366937
subj03	session12	97	0.20485547486828987
subj03	session12	98	0.1414865442118753
subj03	session12	99	-0.4397493948455076
subj03	session12	100	-0.6047415634344298
subj03	session12	101	-0.3776648156058665
subj03	session12	102	0.193771892353695
subj03	session12	103	0.5060885661398263
subj03	session12	104	0.6378242916132706
subj03	session12	105	0.1704257439840524
subj03	session12	106	0.5861668802506051
subj03	session12	107	0.43170012815036307
subj03	session12	108	0.45692723907162175
subj03	session12	109	-0.029887512459063105
subj03	session12	110	-0.20911149081589067
subj03	session12	111	0.06893919977217715
subj03	session12	112	0.21815890645023495
subj03	session12	113	0.16782144382742417
subj03	session12	114	0.20931510750391566
subj03	session12	115	0.35578385305425025
subj03	session12	116	0.2860045564573544
subj03	session12	117	0.2655489107219137
subj03	session12	118	0.1261440979638331
subj03	session12	119	0.08686885946176849
subj03	session12	120	0.1528819592766624
subj03	session12	121	0.7074369927381462
subj03	session12	122	0.6595329631211733
subj03	session12	123	0.6390630784565
subj03	session12	124	0.34047130855759644
subj03	session12	125	-0.25345009255303996
subj03	session12	126	-0.11809767905453511
subj03	session12	127	0.4524419763633775
subj03	session12	128	0.6020803075608714
subj03	session12	129	0.3852114480991029
subj03	session12	130	0.07020219279510181
subj03	session12	131	-0.15355546062936068
subj03	session12	132	-0.1986003132564431
subj03	session12	133	0.00479139968674357
subj03	session12	134	-0.18405382315249894
subj03	session12	135	-0.0013284920973942696
subj03	session12	136	0.031946461626085706
subj03	session12	137	0.5818111917983767
subj03	session12	138	0.2862665527552328
subj03	session12	139	0.2837932507475438
subj03	session12	140	0.5350149508756941
subj03	session12	141	0.3259646874555034
subj03	session12	142	0.020368788267122313
subj03	session12	143	0.21211732877687597
subj03	session12	144	0.46602876263704973
subj03	session12	145	0.18859319379182685
subj03	session12	146	0.2107361526413214
subj03	session12	147	-0.09345436423180976
subj03	session12	148	-0.03209597038302719
subj03	session12	149	0.18436138402392138
subj03	session12	150	0.5350875694147801
subj03	session12	151	0.3451302862024776
subj03	session12	152	0.1634358536238075
subj03	session12	153	0.452286772034743
subj03	session12	154	0.13961554891072192
subj03	session12	155	0.0038388153210878683
subj03	session12	156	0.2545407945322512
subj03	session12	157	0.3939712373629503
subj03	session12	158	0.772970240637904
subj03	session12	159	0.39980492666951445
subj03	session12	160	0.16203047130855763
subj03	session12	161	0.18935640039869006
subj03	session12	162	0.292309554321515
subj03	session12	163	0.17573401680193648
subj03	session12	164	0.2125530400113911
subj03	session12	165	0.0022981631781289905
subj03	session12	166	-0.05569699558593195
subj03	session12	167	0.043808913569699535
subj03	session12	168	0.24728890787412786
subj03	session12	169	-0.15970667805781005
subj03	session12	170	-0.5729503061369785
subj03	session12	171	-0.23056386159760786
subj03	session12	172	-0.2278257155061939
subj03	session12	173	0.24800512601452374
subj03	session12	174	-0.010008543357539522
subj03	session12	175	0.28518154634771464
subj03	session12	176	0.2735540367364374
subj03	session12	177	0.6539356400398689
subj03	session12	178	0.5275010679196924
subj03	session12	179	0.14695002135839386
subj03	session12	180	0.41271963548341156
subj03	session12	181	0.398017941050833
subj03	session12	182	0.2063448668660117
subj03	session12	183	0.5162523138260002
subj03	session12	184	0.20623807489676774
subj03	session12	185	0.7480706250889934
subj03	session12	186	0.6061369784992169
subj03	session12	187	0.123421614694575
subj03	session12	188	0.12718638758365372
subj03	session12	189	0.09134130713370354
subj03	session12	190	0.028079168446532826
subj03	session12	191	-0.11612131567706112
subj03	session12	192	0.4453723479994305
subj03	session12	193	0.19942474725900614
subj03	session12	194	0.19967677630642172
subj03	session12	195	0.47063505624377044
subj03	session12	196	0.8224078029332195
subj03	session12	197	0.3668788267122312
subj03	session12	198	-0.06596753524134984
subj03	session12	199	0.30541364089420475
subj03	session12	200	0.026098533390289048
subj03	session12	201	-0.11183539797807206
subj03	session12	202	0.050748967677630624
subj03	session12	203	0.29800797380037014
subj03	session12	204	0.5643158194503775
subj03	session12	205	0.3781176135554606
subj03	session12	206	0.37019364943756233
subj03	session12	207	0.3393136836109924
subj03	session12	208	0.3202050405809483
subj03	session12	209	0.016810479851915132
subj03	session12	210	0.00991314253168161
subj03	session12	211	0.03377331624661825
subj03	session12	212	0.05608714224690301
subj03	session12	213	-0.18397266125587358
subj03	session12	214	0.2076092837818596
subj03	session12	215	0.4316702263989748
subj03	session12	216	-0.1252356542787982
subj03	session12	217	-0.002248326925815159
subj03	session12	218	0.24655133133988322
subj03	session12	219	-0.007845650007119467
subj03	session12	220	0.018398120461341316
subj03	session12	221	0.05305282642745266
subj03	session12	222	0.525291186102805
subj03	session12	223	0.1354236081446675
subj03	session12	224	0.08645593051402535
subj03	session12	225	-0.01589634059518725
subj03	session12	226	0.2747301722910437
subj03	session12	227	0.3050847216289335
subj03	session12	228	0.28468033603872983
subj03	session12	229	0.07569272390716217
subj03	session12	230	-0.060613697849921704
subj03	session12	231	0.26219421899473155
subj03	session12	232	0.8914751530684893
subj03	session12	233	0.5755304001139114
subj03	session12	234	0.43722056101381174
subj03	session12	235	0.44278086287911145
subj03	session12	236	-0.06627936779154206
subj03	session12	237	-0.11774597750249183
subj03	session12	238	-0.018254307276092833
subj03	session12	239	0.14455503346148368
subj03	session12	240	-0.06847358678627369
subj03	session12	241	0.27812615691300013
subj03	session12	242	0.17966253737718924
subj03	session12	243	-0.12805638615976078
subj03	session12	244	0.04763776164032466
subj03	session12	245	0.11765057667663395
subj03	session12	246	0.3039555745407945
subj03	session12	247	0.5958707105225687
subj03	session12	248	0.4754805638615976
subj03	session12	249	0.6958422326641037
subj03	session12	250	0.849293749110067
subj03	session12	251	0.3459960130998149
subj03	session12	252	0.23335326783425886
subj03	session12	253	0.6269799231097821
subj03	session12	254	0.4791200341734302
subj03	session12	255	-0.456351986330628
subj03	session12	256	-0.799678200199345
subj03	session12	257	-0.282800797380037
subj03	session12	258	-0.2699003274953724
subj03	session12	259	0.029429018937775886
subj03	session12	260	-0.3623736295030614
subj03	session12	261	-0.047056813327637774
subj03	session12	262	-0.05454933788979066
subj03	session12	263	0.003474298732735295
subj03	session12	264	0.3221016659547202
subj03	session12	265	0.2819735155916275
subj03	session12	266	0.34035312544496654
subj03	session12	267	0.4441492239783568
subj03	session12	268	0.25548768332621385
subj03	session12	269	0.10762067492524562
subj03	session12	270	0.9552313826000285
subj03	session12	271	0.9293236508614552
subj03	session12	272	0.8886772034742988
subj03	session12	273	0.5641791257297452
subj03	session12	274	0.34093834543642315
subj03	session12	275	0.016068631638900734
subj03	session12	276	0.1882443400256301
subj03	session12	277	0.1252427737434145
subj03	session12	278	-0.19236366225259863
subj03	session12	279	-0.10791114908158908
subj03	session12	280	-0.07386302150078315
subj03	session12	281	0.34757938203047134
subj03	session12	282	0.07012103089847645
subj03	session12	283	0.02634771465185815
subj03	session12	284	0.09004271678769757
subj03	session12	285	0.21468033603872985
subj03	session12	286	0.09981916559874697
subj03	session12	287	0.4393378897906877
subj03	session12	288	0.7789705254164887
subj03	session12	289	0.45604584935212866
subj03	session12	290	0.006218140395842229
subj03	session12	291	0.34945749679624094
subj03	session12	292	-0.035790972518866565
subj03	session12	293	0.2274170582372206
subj03	session12	294	0.10415491955004984
subj03	session12	295	0.39991456642460477
subj03	session12	296	0.4498818168873701
subj03	session12	297	0.16218994731596187
subj03	session12	298	-0.05974939484550762
subj03	session12	299	-0.1274127865584508
subj03	session12	300	0.06205182970240635
subj03	session12	301	-0.02906023067065363
subj03	session12	302	0.034960842944610555
subj03	session12	303	-0.016649579951587674
subj03	session12	304	0.1116360529688167
subj03	session12	305	-0.05753808913569699
subj03	session12	306	0.12991314253168162
subj03	session12	307	0.10966396127011252
subj03	session12	308	0.3092766623949879
subj03	session12	309	0.42794105083297734
subj03	session12	310	0.3790217855617257
subj03	session12	311	0.6386957140823011
subj03	session12	312	0.5890474156343443
subj03	session12	313	0.24170724761497933
subj03	session12	314	0.09620532535953297
subj03	session12	315	-0.17395130286202476
subj03	session12	316	-0.1526128435141677
subj03	session12	317	-0.31691015235654285
subj03	session12	318	-0.07011248754093692
subj03	session12	319	-0.4714011106364801
subj03	session12	320	-0.3239812046134131
subj03	session12	321	-0.15166168304143526
subj03	session12	322	0.3653666524277374
subj03	session12	323	0.2758322654136409
subj03	session12	324	0.5235170155204328
subj03	session12	325	0.5578342588637334
subj03	session12	326	0.3218966253737719
subj03	session12	327	0.20830271963548344
subj03	session12	328	0.24627224832692585
subj03	session12	329	0.55877402819308
subj03	session12	330	0.47150647871280077
subj03	session12	331	0.20009255304001136
subj03	session12	332	0.017324505197209183
subj03	session12	333	0.22024206179695288
subj03	session12	334	0.25256870283354693
subj03	session12	335	0.6490545350989606
subj03	session12	336	0.5731154777160757
subj03	session12	337	0.4713868717072477
subj03	session12	338	0.23664957995158764
subj03	session12	339	-0.006085718353979782
subj03	session12	340	0.19041435284066638
subj03	session12	341	-0.16333618111917986
subj03	session12	342	0.40569414780008545
subj03	session12	343	0.29808201623237934
subj03	session12	344	0.35015520432863445
subj03	session12	345	-0.19322369357824293
subj03	session12	346	-0.2600427167876976
subj03	session12	347	-0.16854620532535955
subj03	session12	348	0.3001722910437135
subj03	session12	349	0.09060230670653567
subj03	session12	350	-0.06513598177417057
subj03	session12	351	0.3546589776448811
subj03	session12	352	0.4114723052826428
subj03	session12	353	0.5116018795386588
subj03	session12	354	0.16720774597750251
subj03	session12	355	0.26850206464473875
subj03	session12	356	0.5803431581945038
subj03	session12	357	0.41038160330343154
subj03	session12	358	0.40465043428734165
subj03	session12	359	0.2194489534387014
subj03	session12	360	0.38166880250605156
subj03	session12	361	-0.16546632493236513
subj03	session12	362	-0.16695286914424032
subj03	session12	363	-0.011120603730599476
subj03	session12	364	-0.4016944325786701
subj03	session12	365	-0.3591428164602022
subj03	session12	366	-0.17916987042574395
subj03	session12	367	0.377035454933789
subj03	session12	368	0.24857610707674782
subj03	session12	369	0.6741292894774313
subj03	session12	370	0.9009597038302721
subj03	session12	371	0.06424889648298447
subj03	session12	372	0.1707731738573259
subj03	session12	373	0.0165228534814182
subj03	session12	374	0.24901751388295598
subj03	session12	375	0.4825459205467748
subj03	session12	376	-0.23380748967677628
subj03	session12	377	-0.2537818596041578
subj03	session12	378	0.24243628079168444
subj03	session12	379	0.378000854335754
subj03	session12	380	0.5654520860031326
subj03	session12	381	0.3686515734016802
subj03	session12	382	0.061364089420475595
subj03	session12	383	0.07903602449095826
subj03	session12	384	0.4437419906023067
subj03	session12	385	0.44913854478143245
subj03	session12	386	0.49110921258721346
subj03	session12	387	0.385059091556315
subj03	session12	388	0.29267122312402105
subj03	session12	389	0.27703687882671224
subj03	session12	390	0.23680478428022217
subj03	session12	391	0.2187640609426171
subj03	session12	392	0.25692011960700556
subj03	session12	393	0.09000996725046279
subj03	session12	394	0.023247899757938197
subj03	session12	395	0.2693421614694575
subj03	session12	396	0.21678627367221984
subj03	session12	397	-0.012362238359675351
subj03	session12	398	0.2898718496369073
subj03	session12	399	-0.25482699700982486
subj03	session12	400	0.23427167876975655
subj03	session12	401	0.2542019080165171
subj03	session12	402	0.10693863021500784
subj03	session12	403	0.12744126441691586
subj03	session12	404	-0.10760216431724333
subj03	session12	405	0.12584080877118042
subj03	session12	406	0.023663676491527834
subj03	session12	407	-0.2502790830129574
subj03	session12	408	0.033975509041720045
subj03	session12	409	-0.0025587355830841317
subj03	session12	410	0.046709383454364234
subj03	session12	411	0.45019222554463906
subj03	session12	412	0.32046846077174995
subj03	session12	413	0.18229673928520576
subj03	session12	414	0.4259476007404243
subj03	session12	415	0.13063790402961697
subj03	session12	416	0.06263277801509325
subj03	session12	417	0.024312971664530822
subj03	session12	418	-0.01508899330770327
subj03	session12	419	0.3141122027623523
subj03	session12	420	0.6518610280506906
subj03	session12	421	0.3582443400256301
subj03	session12	422	0.4680649295173004
subj03	session12	423	0.43393279225402254
subj03	session12	424	0.24474725900612276
subj03	session12	425	0.24685319663961264
subj03	session12	426	0.1638559020361669
subj03	session12	427	0.3259561440979638
subj03	session12	428	0.05494660401537806
subj03	session12	429	-0.13576107076747826
subj03	session12	430	0.017236223835967495
subj03	session12	431	0.3450904172006265
subj03	session12	432	0.2278954862594333
subj03	session12	433	0.4505182970240638
subj03	session12	434	0.4427381460914139
subj03	session12	435	0.1718781147657696
subj03	session12	436	-0.018910721913712087
subj03	session12	437	0.28558023636622526
subj03	session12	438	0.049008970525416494
subj03	session12	439	0.24633347572262565
subj03	session12	440	0.6729403388865158
subj03	session12	441	0.6688722768047843
subj03	session12	442	0.4741791257297451
subj03	session12	443	0.4451872419194077
subj03	session12	444	-0.0994817029759362
subj03	session12	445	-0.2554705966111348
subj03	session12	446	0.10923964117898335
subj03	session12	447	0.1268318382457639
subj03	session12	448	0.2566851772746689
subj03	session12	449	0.34866011675921965
subj03	session12	450	0.5648426598319806
subj03	session12	451	0.14800370212160047
subj03	session12	452	0.3035269827708957
subj03	session12	453	0.3873444396981347
subj03	session12	454	0.37253310551046565
subj03	session12	455	0.5227794389861883
subj03	session12	456	0.5037904029616972
subj03	session12	457	0.4067293179552897
subj03	session12	458	0.4183824576391855
subj03	session12	459	0.0869927381460914
subj03	session12	460	-0.01797380037021218
subj03	session12	461	-0.25544354264559305
subj03	session12	462	-0.24830556742132995
subj03	session12	463	-0.032451943613840226
subj03	session12	464	-0.21941478000854334
subj03	session12	465	0.3186757795813755
subj03	session12	466	0.7292965968959134
subj03	session12	467	0.473890075466325
subj03	session12	468	0.3774854050975367
subj03	session12	469	0.2861754236081447
subj03	session12	470	0.3508870852911861
subj03	session12	471	0.25697707532393566
subj03	session12	472	-0.18935640039869003
subj03	session12	473	0.053320518297024055
subj03	session12	474	0.4644354264559305
subj03	session12	475	0.2985234230385875
subj03	session12	476	-0.5075480563861597
subj03	session12	477	-0.8991328492097393
subj03	session12	478	-0.04657838530542502
subj03	session12	479	0.30990032749537233
subj03	session12	480	0.3987882671223124
subj03	session12	481	0.007314537946746396
subj03	session12	482	-0.1492439128577531
subj03	session12	483	0.6887085291186102
subj03	session12	484	0.5022084579239642
subj03	session12	485	0.5681873843087001
subj03	session12	486	0.4977374341449523
subj03	session12	487	0.17003702121600453
subj03	session12	488	0.08490103944183398
subj03	session12	489	0.6692282500355974
subj03	session12	490	0.14231240210736154
subj03	session12	491	-0.266228107646305
subj03	session12	492	0.10724761497935355
subj03	session12	493	0.2887469742275381
subj03	session12	494	0.9729673928520576
subj03	session12	495	0.6275580236366226
subj03	session12	496	0.2423394560729033
subj03	session12	497	0.19248326925815173
subj03	session12	498	0.35468460771749966
subj03	session12	499	0.2283411647444112
subj03	session12	500	0.4890645023494233
subj03	session12	501	0.6109112914708814
subj03	session12	502	0.24088993307703263
subj03	session12	503	0.31867293179552897
subj03	session12	504	0.5839911718638758
subj03	session12	505	0.4457112345151644
subj03	session12	506	0.2587768759789264
subj03	session12	507	0.15001566282215578
subj03	session12	508	-0.4115463477146518
subj03	session12	509	-0.07783853054250321
subj03	session12	510	-0.07331909440410078
subj03	session12	511	0.4590844368503489
subj03	session12	512	-0.022340879965826576
subj03	session12	513	0.2522554463904314
subj03	session12	514	0.6254990744695998
subj03	session12	515	0.822315249893208
subj03	session12	516	0.4473971237362951
subj03	session12	517	0.4729275238502064
subj03	session12	518	0.5642844938060658
subj03	session12	519	0.28136836109924535
subj03	session12	520	0.05157767335896342
subj03	session12	521	0.02221700128150364
subj03	session12	522	-0.23220276235227114
subj03	session12	523	-0.524003986900185
subj03	session12	524	-0.04391285775309697
subj03	session12	525	0.08622953153922829
subj03	session12	526	0.45315107503915714
subj03	session12	527	0.3502192795101808
subj03	session12	528	0.15540509753666523
subj03	session12	529	0.0057212017656272296
subj03	session12	530	0.07193507048269972
subj03	session12	531	-0.1335996013099815
subj03	session12	532	0.09225544639043144
subj03	session12	533	0.30093834543642317
subj03	session12	534	0.2867791542076036
subj03	session12	535	0.44526555603018647
subj03	session12	536	0.3260430015662822
subj03	session12	537	0.27394275950448527
subj03	session12	538	0.10242773743414495
subj03	session12	539	0.09309696710807344
subj03	session12	540	0.7775978926384736
subj03	session12	541	0.5584778584650434
subj03	session12	542	-0.07338459347857042
subj03	session12	543	-0.29746547059661116
subj03	session12	544	-0.41330912715363805
subj03	session12	545	0.2477701836821871
subj03	session12	546	0.19852199914566424
subj03	session12	547	0.29001993450092556
subj03	session12	548	0.5664018225829418
subj03	session12	549	0.2126954293037164
subj03	session12	550	0.16488822440552472
subj03	session12	551	0.2955631496511462
subj03	session12	552	0.3943756229531539
subj03	session12	553	0.34807204898191657
subj03	session12	554	0.15875694147800085
subj03	session12	555	-0.0633048554748683
subj03	session12	556	0.3792111633205183
subj03	session12	557	0.4210565285490531
subj03	session12	558	0.46828563292040437
subj03	session12	559	0.5515007831411077
subj03	session12	560	0.510321799800655
subj03	session12	561	0.6825715506193935
subj03	session12	562	0.12118183112629928
subj03	session12	563	-0.2750989605581661
subj03	session12	564	0.03245336750676352
subj03	session12	565	0.3701509326498647
subj03	session12	566	0.5123280649295173
subj03	session12	567	0.11860316104228963
subj03	session12	568	0.3844980777445536
subj03	session12	569	0.2709440410081162
subj03	session12	570	-0.03336038729887514
subj03	session12	571	-0.1638188808201623
subj03	session12	572	0.40866438843798947
subj03	session12	573	0.6247244767193507
subj03	session12	574	0.5249608429446105
subj03	session12	575	0.43535383739142813
subj03	session12	576	-0.10944895343870142
subj03	session12	577	-0.02869713797522426
subj03	session12	578	0.09751673074184822
subj03	session12	579	0.40459632635625803
subj03	session12	580	0.22608144667521002
subj03	session12	581	0.35160899900327497
subj03	session12	582	0.01831553467179266
subj03	session12	583	-0.17403388865157343
subj03	session12	584	0.295059091556315
subj03	session12	585	0.8878912145806636
subj03	session12	586	0.6582600028477859
subj03	session12	587	0.17721201765627223
subj03	session12	588	0.35771465185818024
subj03	session12	589	0.34499644026769194
subj03	session12	590	0.09083582514594904
subj03	session12	591	0.12858322654136412
subj03	session12	592	0.047918268546205345
subj03	session12	593	0.032672647016944334
subj03	session12	594	0.25333333333333335
subj03	session12	595	-0.31138829560017084
subj03	session12	596	-0.8331154777160757
subj03	session12	597	-0.6539157055389434
subj03	session12	598	-0.30125444966538517
subj03	session12	599	0.041637476861739985
subj03	session12	600	0.569186957140823
subj03	session12	601	0.5550790260572405
subj03	session12	602	0.8830314680336039
subj03	session12	603	0.6526228107646305
subj03	session12	604	0.7564132137263277
subj03	session12	605	0.6412686885946177
subj03	session12	606	0.5914367079595614
subj03	session12	607	0.3085006407518155
subj03	session12	608	0.004396981347002676
subj03	session12	609	0.05586501495087571
subj03	session12	610	0.10748113341876692
subj03	session12	611	0.13791969243912858
subj03	session12	612	0.31603303431581947
subj03	session12	613	-0.006981347002705396
subj03	session12	614	-0.24594190516873132
subj03	session12	615	-0.16327210593763347
subj03	session12	616	0.4004172006265129
subj03	session12	617	0.34186672362238363
subj03	session12	618	0.0944026769186957
subj03	session12	619	0.04100811618966254
subj03	session12	620	-0.18164459632635627
subj03	session12	621	0.150931225971807
subj03	session12	622	0.9026114196212445
subj03	session12	623	0.5012701124875409
subj03	session12	624	0.4136722198490673
subj03	session12	625	0.5139598462195644
subj03	session12	626	-0.01826569841947886
subj03	session12	627	-0.3492780862879111
subj03	session12	628	0.07935640039869
subj03	session12	629	-0.04290189377758793
subj03	session12	630	-0.07040580948312689
subj03	session12	631	0.42472590061227394
subj03	session12	632	0.49772177132279644
subj03	session12	633	0.538610280506906
subj03	session12	634	0.24493806065783852
subj03	session12	635	0.6614552185675637
subj03	session12	636	0.8587512459063078
subj03	session12	637	0.2801110636480137
subj03	session12	638	0.2659319379182685
subj03	session12	639	0.0728022212729603
subj03	session12	640	0.3442318097679054
subj03	session12	641	0.3150377331624662
subj03	session12	642	0.32188523423038584
subj03	session12	643	0.3812886230955432
subj03	session12	644	0.13206179695286913
subj03	session12	645	0.17790972518866582
subj03	session12	646	0.20695998860885664
subj03	session12	647	-0.2054734443969813
subj03	session12	648	-0.4696981347002705
subj03	session12	649	-0.20031468033603872
subj03	session12	650	0.07290331767051118
subj03	session12	651	0.04971379752242633
subj03	session12	652	0.20006407518154637
subj03	session12	653	0.20297024063790403
subj03	session12	654	0.31536238074896766
subj03	session12	655	0.4159532963121173
subj03	session12	656	-0.08043286344866869
subj03	session12	657	0.10107503915705542
subj03	session12	658	0.4480122454791399
subj03	session12	659	0.16137832834970803
subj03	session12	660	-0.06962836394703117
subj03	session12	661	0.05623949878969101
subj03	session12	662	0.07535526128435142
subj03	session12	663	0.48225687028335473
subj03	session12	664	0.05616403246475861
subj03	session12	665	0.06136836109924531
subj03	session12	666	0.6111035170155203
subj03	session12	667	0.5671749964402677
subj03	session12	668	0.413240780293322
subj03	session12	669	0.5596696568418055
subj03	session12	670	0.5062537377189236
subj03	session12	671	0.3733732023351844
subj03	session12	672	0.2091271536380464
subj03	session12	673	-0.09241349850491244
subj03	session12	674	-0.5959191228819591
subj03	session12	675	-0.5145536095685604
subj03	session12	676	-0.5065171579097252
subj03	session12	677	0.17569414780008544
subj03	session12	678	0.23729175565997437
subj03	session12	679	0.5105211448099103
subj03	session12	680	0.4463890075466326
subj03	session12	681	0.7581019507333049
subj03	session12	682	0.8680606578385306
subj03	session12	683	0.2963049978641606
subj03	session12	684	0.13517300299017515
subj03	session12	685	0.5410479851915135
subj03	session12	686	0.5597636337747401
subj03	session12	687	0.2032123024348569
subj03	session12	688	0.07381745692723908
subj03	session12	689	0.07265128862309556
subj03	session12	690	0.10642460486971382
subj03	session12	691	0.05332621386871706
subj03	session12	692	0.4286088566139826
subj03	session12	693	0.11270397266125588
subj03	session12	694	0.4317713227965257
subj03	session12	695	0.18158479282357964
subj03	session12	696	0.24680051260145236
subj03	session12	697	0.5391470881389719
subj03	session12	698	0.4939384878257155
subj03	session12	699	0.6121885234230385
subj03	session12	700	-0.05133133988324076
subj03	session12	701	-0.34221415349565715
subj03	session12	702	-0.17759077317385732
subj03	session12	703	0.0044325786700840026
subj03	session12	704	0.09432578670084009
subj03	session12	705	0.245239925957568
subj03	session12	706	0.33689021785561724
subj03	session12	707	0.047992310978214436
subj03	session12	708	-0.18672931795528977
subj03	session12	709	0.16061796952869145
subj03	session12	710	0.15062366510038447
subj03	session12	711	-0.23142816460202192
subj03	session12	712	-0.21112345151644596
subj03	session12	713	-0.1531795528976221
subj03	session12	714	-0.1471707247614979
subj03	session12	715	0.36497508187384314
subj03	session12	716	0.7656571265840808
subj03	session12	717	0.4759547202050406
subj03	session12	718	0.47875694147800085
subj03	session12	719	0.8736109924533676
subj03	session12	720	0.9270468460771748
subj03	session12	721	0.48937206322084575
subj03	session12	722	0.30945892068916414
subj03	session12	723	0.33832407802933223
subj03	session12	724	0.044234657553751965
subj03	session12	725	-0.10876975651431012
subj03	session12	726	-0.12100669229673927
subj03	session12	727	0.017728890787412792
subj03	session12	728	-0.08470169443257866
subj03	session12	729	-0.010653566851772734
subj03	session12	730	0.1442218425174427
subj03	session12	731	0.05801651715790971
subj03	session12	732	0.18555175850776018
subj03	session12	733	-0.19865157340168021
subj03	session12	734	-0.23037875551758505
subj03	session12	735	-0.11507902605724049
subj03	session12	736	0.01264844083724905
subj03	session12	737	-0.09907304570696282
subj03	session12	738	0.20171863875836538
subj03	session12	739	0.637391428164602
subj03	session12	740	0.673935640039869
subj03	session12	741	0.16273529830556743
subj03	session12	742	0.47262565855047695
subj03	session12	743	1.0248654421187526
subj03	session12	744	0.636475865014951
subj03	session12	745	0.20824861170439982
subj03	session12	746	-0.07214723052826427
subj03	session12	747	-0.04551758507760215
subj03	session12	748	0.13055674213299162
subj03	session12	749	0.06132564431154776
subj03	session13	0	0.2537334472447672
subj03	session13	1	-0.5383297736010252
subj03	session13	2	-0.2045877829987185
subj03	session13	3	-0.5341705823722056
subj03	session13	4	0.03622383596753524
subj03	session13	5	-0.12966538516303575
subj03	session13	6	0.35221842517442686
subj03	session13	7	0.1826527125160188
subj03	session13	8	-0.00015378043571121606
subj03	session13	9	0.759598462195643
subj03	session13	10	0.14659262423465755
subj03	session13	11	0.2143371778442261
subj03	session13	12	0.6843357539513029
subj03	session13	13	0.8677858465043428
subj03	session13	14	0.352145806635341
subj03	session13	15	-0.03388580378755518
subj03	session13	16	0.45024063790402963
subj03	session13	17	0.4431895201480849
subj03	session13	18	0.36881959276662396
subj03	session13	19	0.0892581517869856
subj03	session13	20	0.1555261284351417
subj03	session13	21	-0.2359903175281219
subj03	session13	22	-0.05629930229246759
subj03	session13	23	0.04467464046703687
subj03	session13	24	0.5519820589491671
subj03	session13	25	0.6160871422469031
subj03	session13	26	0.366041577673359
subj03	session13	27	-0.24242916132706818
subj03	session13	28	0.0682528833831696
subj03	session13	29	-0.0724533675067635
subj03	session13	30	-0.2929403388865157
subj03	session13	31	0.03985618681475153
subj03	session13	32	0.19308557596468745
subj03	session13	33	0.09869429018937777
subj03	session13	34	0.2917115192937491
subj03	session13	35	-0.07892068916417484
subj03	session13	36	0.24779438986188235
subj03	session13	37	0.6511106364801367
subj03	session13	38	0.48959561440979643
subj03	session13	39	0.19595329631211728
subj03	session13	40	-0.334725900612274
subj03	session13	41	-0.281349850491243
subj03	session13	42	-0.27083724903887224
subj03	session13	43	0.3615961839669657
subj03	session13	44	-0.28782286772034743
subj03	session13	45	-0.2335056243770469
subj03	session13	46	-0.2201765627224833
subj03	session13	47	0.03359390573828845
subj03	session13	48	0.2736280791684465
subj03	session13	49	0.3468361099245337
subj03	session13	50	-0.10791684465328207
subj03	session13	51	0.4380734728748398
subj03	session13	52	0.9189619820589492
subj03	session13	53	0.8234159191228819
subj03	session13	54	0.6543400256300725
subj03	session13	55	0.02566566994162042
subj03	session13	56	0.04817741705823722
subj03	session13	57	0.04747116616830415
subj03	session13	58	0.18508756941478
subj03	session13	59	0.3518510608002278
subj03	session13	60	0.3117798661540653
subj03	session13	61	-0.12151217428449382
subj03	session13	62	0.40680336038729886
subj03	session13	63	0.23989890360244912
subj03	session13	64	0.13644026769186957
subj03	session13	65	0.31413071337035453
subj03	session13	66	0.5313783283497081
subj03	session13	67	0.4189278086287911
subj03	session13	68	0.1861583368930656
subj03	session13	69	0.34608571835397983
subj03	session13	70	0.8356884522283925
subj03	session13	71	0.021347002705396554
subj03	session13	72	-0.060244909582799384
subj03	session13	73	-0.27785134557881247
subj03	session13	74	0.008751245906307844
subj03	session13	75	0.5086786273672219
subj03	session13	76	0.16084436850348852
subj03	session13	77	-0.1612971664530827
subj03	session13	78	0.3815776733589634
subj03	session13	79	0.24345721201765624
subj03	session13	80	0.508718496369073
subj03	session13	81	0.4368318382457639
subj03	session13	82	0.03421472305282643
subj03	session13	83	0.5806364801366937
subj03	session13	84	0.20456072903317674
subj03	session13	85	-0.30399117186387586
subj03	session13	86	0.3629958707105226
subj03	session13	87	0.26296739285205756
subj03	session13	88	0.21779866154065214
subj03	session13	89	0.6782386444539371
subj03	session13	90	0.5356528549053111
subj03	session13	91	0.43168731311405384
subj03	session13	92	0.14135412217001286
subj03	session13	93	0.4473145379467464
subj03	session13	94	0.1445479139968674
subj03	session13	95	-0.21377474013954148
subj03	session13	96	0.15809055958991886
subj03	session13	97	-0.09863306279367792
subj03	session13	98	-0.3355930514025346
subj03	session13	99	-0.23786558450804496
subj03	session13	100	-0.14875978926384736
subj03	session13	101	-0.009262423465755346
subj03	session13	102	-0.0921942189947316
subj03	session13	103	0.03967535241349849
subj03	session13	104	0.03327210593763346
subj03	session13	105	-0.4928719920261996
subj03	session13	106	-0.1996910152356543
subj03	session13	107	0.4561839669656842
subj03	session13	108	0.6721030898476436
subj03	session13	109	0.6404542218425174
subj03	session13	110	0.6808514879681048
subj03	session13	111	0.6506307845650007
subj03	session13	112	0.1683012957425602
subj03	session13	113	0.1467093834543642
subj03	session13	114	-0.0872077459775025
subj03	session13	115	-0.3561768475010679
subj03	session13	116	0.07588067777303145
subj03	session13	117	0.7256485832265414
subj03	session13	118	1.1032820731880963
subj03	session13	119	0.7684750106791969
subj03	session13	120	0.6712473302007689
subj03	session13	121	0.20928378185960417
subj03	session13	122	-0.10995158764060947
subj03	session13	123	0.2965584508044995
subj03	session13	124	0.22708813897194932
subj03	session13	125	0.6774512316673786
subj03	session13	126	-0.09736579809198348
subj03	session13	127	-0.021950733304855485
subj03	session13	128	0.030247757368645885
subj03	session13	129	0.3200797380037021
subj03	session13	130	0.6961013811761356
subj03	session13	131	-0.009214011106364798
subj03	session13	132	-0.07716360529688171
subj03	session13	133	-0.29407660543927094
subj03	session13	134	0.04420617969528692
subj03	session13	135	0.3481731453794674
subj03	session13	136	-0.13830129574256014
subj03	session13	137	-0.050559589918838084
subj03	session13	138	0.02628221557738857
subj03	session13	139	0.11114623380321802
subj03	session13	140	0.12434856898761214
subj03	session13	141	0.047798661540652154
subj03	session13	142	0.16052541648868007
subj03	session13	143	0.18768190232094548
subj03	session13	144	-0.016122739569984335
subj03	session13	145	0.19854193364658976
subj03	session13	146	0.7411661683041436
subj03	session13	147	0.5605567421329916
subj03	session13	148	0.6045080449950163
subj03	session13	149	0.7886401822582942
subj03	session13	150	0.6165342446248042
subj03	session13	151	0.783788979068774
subj03	session13	152	-0.007923964117898351
subj03	session13	153	-0.08628648725615834
subj03	session13	154	-0.1452427737434145
subj03	session13	155	-0.039356400398690025
subj03	session13	156	-0.3771892353695002
subj03	session13	157	-0.0922041862451944
subj03	session13	158	0.14563434429730882
subj03	session13	159	-0.1301025202904742
subj03	session13	160	-0.32141677345863595
subj03	session13	161	-0.031808344012530264
subj03	session13	162	-0.06471023779011821
subj03	session13	163	0.047317385732592886
subj03	session13	164	-0.28063790402961697
subj03	session13	165	0.10001423892923254
subj03	session13	166	-0.735725473444397
subj03	session13	167	-0.30587213441549194
subj03	session13	168	-0.05437419906023068
subj03	session13	169	0.4445521856756372
subj03	session13	170	0.17546774882528834
subj03	session13	171	0.6255304001139115
subj03	session13	172	0.4685447814324362
subj03	session13	173	0.2810308984764346
subj03	session13	174	0.2774341449522996
subj03	session13	175	0.5205154492382172
subj03	session13	176	0.9795101808344014
subj03	session13	177	0.5316944325786701
subj03	session13	178	0.11766908728463621
subj03	session13	179	0.19930371636052965
subj03	session13	180	0.09702406379040296
subj03	session13	181	-0.2879282357966681
subj03	session13	182	-0.27263135412217004
subj03	session13	183	-0.274742987327353
subj03	session13	184	0.22084721628933504
subj03	session13	185	0.35535668517727464
subj03	session13	186	0.49972661255873563
subj03	session13	187	0.19822867720347428
subj03	session13	188	0.400304713085576
subj03	session13	189	-0.08267122312402109
subj03	session13	190	0.020692011960700567
subj03	session13	191	0.8922782286772034
subj03	session13	192	0.4434999288053538
subj03	session13	193	0.23833831695856472
subj03	session13	194	0.047240495514737316
subj03	session13	195	-0.5717257582229816
subj03	session13	196	-0.884280222127296
subj03	session13	197	-0.26990032749537235
subj03	session13	198	0.08887227680478431
subj03	session13	199	0.5431040865726897
subj03	session13	200	0.5585874982201339
subj03	session13	201	-0.15178556172575824
subj03	session13	202	0.059241065071906594
subj03	session13	203	-0.13389861882386442
subj03	session13	204	-0.29267264701694434
subj03	session13	205	-0.19875694147800088
subj03	session13	206	0.3592980207888367
subj03	session13	207	0.25086145521856756
subj03	session13	208	0.69654990744696
subj03	session13	209	0.7199045991741421
subj03	session13	210	0.022473302007689034
subj03	session13	211	-0.36746547059661117
subj03	session13	212	-0.10856329204043857
subj03	session13	213	0.0752911861028051
subj03	session13	214	0.49200768902178554
subj03	session13	215	0.3048654421187527
subj03	session13	216	0.31133703545493374
subj03	session13	217	0.4602363662252599
subj03	session13	218	-0.10960130998148938
subj03	session13	219	0.10322654136408942
subj03	session13	220	0.5791114908158906
subj03	session13	221	0.3305382315249893
subj03	session13	222	-0.017744553609568593
subj03	session13	223	0.26365370924106507
subj03	session13	224	0.42560159476007403
subj03	session13	225	0.18171151929374907
subj03	session13	226	0.45137975224263127
subj03	session13	227	0.30817599316531397
subj03	session13	228	-0.10682899045991742
subj03	session13	229	-0.023986900185106033
subj03	session13	230	0.7234970810195074
subj03	session13	231	1.123467179268119
subj03	session13	232	-0.28617969528691445
subj03	session13	233	-0.2681233091271536
subj03	session13	234	-0.03269400541079309
subj03	session13	235	-0.2515705538943472
subj03	session13	236	-0.30736152641321374
subj03	session13	237	-0.36148084864018226
subj03	session13	238	-0.3498732735298306
subj03	session13	239	-0.058621671650291904
subj03	session13	240	-0.2010465612985904
subj03	session13	241	-0.3769286629645451
subj03	session13	242	-0.19551616118467888
subj03	session13	243	0.37336038729887516
subj03	session13	244	0.04402107361526411
subj03	session13	245	0.3171493663676492
subj03	session13	246	0.38454933788979073
subj03	session13	247	1.101140538231525
subj03	session13	248	0.7668104798519151
subj03	session13	249	0.6602235511889507
subj03	session13	250	0.2138373914281646
subj03	session13	251	0.314918126156913
subj03	session13	252	0.23330200768902182
subj03	session13	253	0.61461910864303
subj03	session13	254	0.09811476576961414
subj03	session13	255	0.2018766908728464
subj03	session13	256	0.21200484123593907
subj03	session13	257	0.26265698419478856
subj03	session13	258	-0.05607005553182398
subj03	session13	259	-0.06511319948739852
subj03	session13	260	-0.18995443542645596
subj03	session13	261	0.2616075751103517
subj03	session13	262	0.7461398262850634
subj03	session13	263	0.7327196354834117
subj03	session13	264	0.3854606293606721
subj03	session13	265	-0.34894347145094684
subj03	session13	266	0.17047558023636622
subj03	session13	267	-0.05064929517300301
subj03	session13	268	-0.19902605724049555
subj03	session13	269	-0.2344653282073188
subj03	session13	270	0.6833561156201053
subj03	session13	271	0.4833845934785704
subj03	session13	272	0.32979495941905174
subj03	session13	273	0.49577530969671085
subj03	session13	274	-0.1252356542787982
subj03	session13	275	-0.05729033176705111
subj03	session13	276	-0.303116901608999
subj03	session13	277	-0.05191228819592768
subj03	session13	278	0.32189092980207884
subj03	session13	279	0.161180407233376
subj03	session13	280	0.02814893919977218
subj03	session13	281	0.40584508044995016
subj03	session13	282	0.30535953296312124
subj03	session13	283	0.12496653851630359
subj03	session13	284	0.06215150220703405
subj03	session13	285	0.11650719065926245
subj03	session13	286	0.2056941478000854
subj03	session13	287	0.5084607717499645
subj03	session13	288	0.3563890075466325
subj03	session13	289	0.35875694147800086
subj03	session13	290	0.01000569557169299
subj03	session13	291	0.3397707532393564
subj03	session13	292	0.11182970240637902
subj03	session13	293	-0.03537234799943047
subj03	session13	294	0.1424320091129147
subj03	session13	295	0.021574825573116903
subj03	session13	296	0.04942474725900611
subj03	session13	297	-0.17262850633632354
subj03	session13	298	-0.0361925103232237
subj03	session13	299	-0.056545635768190244
subj03	session13	300	0.02403104086572691
subj03	session13	301	0.29264132137263277
subj03	session13	302	0.3346831838245764
subj03	session13	303	0.2382728178840951
subj03	session13	304	-0.13248042147230527
subj03	session13	305	0.12708956286487258
subj03	session13	306	0.2920660686316389
subj03	session13	307	0.05420760358821017
subj03	session13	308	0.20773885803787556
subj03	session13	309	0.19601309981489393
subj03	session13	310	0.08437989463192372
subj03	session13	311	0.3010479851915136
subj03	session13	312	0.289813470027054
subj03	session13	313	0.19342873415919123
subj03	session13	314	0.010570981062224146
subj03	session13	315	0.18242773743414492
subj03	session13	316	0.620451374056671
subj03	session13	317	0.2292666951445251
subj03	session13	318	0.05399401964972232
subj03	session13	319	-0.011375480563861607
subj03	session13	320	-0.3465029189804927
subj03	session13	321	0.8540054107931083
subj03	session13	322	0.3870283354691727
subj03	session13	323	0.5911732877687598
subj03	session13	324	0.15703830271963548
subj03	session13	325	-0.6235768190232094
subj03	session13	326	-0.9909468887939625
subj03	session13	327	-0.2076406094261711
subj03	session13	328	0.4143357539513029
subj03	session13	329	0.2777673358963406
subj03	session13	330	0.22759219706678055
subj03	session13	331	0.3157867008400968
subj03	session13	332	0.05430869998576106
subj03	session13	333	-0.26670368788267124
subj03	session13	334	0.0639797807204898
subj03	session13	335	0.2235540367364374
subj03	session13	336	0.40871707247614975
subj03	session13	337	0.026574113626655255
subj03	session13	338	-0.06211590488395272
subj03	session13	339	0.4072931795528976
subj03	session13	340	0.7968674355688452
subj03	session13	341	0.015608714224690306
subj03	session13	342	0.18163605296881674
subj03	session13	343	0.4040082585789549
subj03	session13	344	0.8443286344866866
subj03	session13	345	0.5146774882528834
subj03	session13	346	-0.0009141392567279003
subj03	session13	347	0.09697137975224264
subj03	session13	348	-0.04147657696141251
subj03	session13	349	0.16693435853623806
subj03	session13	350	0.1382016232379325
subj03	session13	351	0.06379467464046704
subj03	session13	352	-0.10029901751388294
subj03	session13	353	-0.2966837533817457
subj03	session13	354	0.5417414210451375
subj03	session13	355	1.0077716075751104
subj03	session13	356	0.5388366794817029
subj03	session13	357	0.3411761355546063
subj03	session13	358	0.14847501067919694
subj03	session13	359	0.23070197921116334
subj03	session13	360	-0.03913854478143244
subj03	session13	361	0.35489534387014093
subj03	session13	362	0.03250177986615405
subj03	session13	363	-0.019554321515022073
subj03	session13	364	0.19588494945180124
subj03	session13	365	0.1038316958564716
subj03	session13	366	-0.6255190089705254
subj03	session13	367	-0.017760216431724353
subj03	session13	368	-0.0475665669941621
subj03	session13	369	-0.262320945464901
subj03	session13	370	0.05140111063648013
subj03	session13	371	-0.11080592339456072
subj03	session13	372	0.7530044140680621
subj03	session13	373	0.6986999857610708
subj03	session13	374	0.4542432009112915
subj03	session13	375	-0.08867008400968249
subj03	session13	376	0.7243941335611562
subj03	session13	377	0.6312259718069202
subj03	session13	378	0.40116616830414353
subj03	session13	379	0.17354122170012815
subj03	session13	380	0.12782571550619393
subj03	session13	381	0.5594005410793108
subj03	session13	382	0.7408059233945608
subj03	session13	383	0.5773487113769045
subj03	session13	384	0.6427595044852628
subj03	session13	385	0.10667236223835966
subj03	session13	386	0.241835397978072
subj03	session13	387	0.7624918126156913
subj03	session13	388	0.7551473729175566
subj03	session13	389	-0.05015805211448098
subj03	session13	390	0.4100897052541649
subj03	session13	391	-0.49530115335326785
subj03	session13	392	-0.641597607859889
subj03	session13	393	-0.5746062936067207
subj03	session13	394	0.19176562722483273
subj03	session13	395	0.6154734443969814
subj03	session13	396	-0.5610422896198205
subj03	session13	397	-0.5348312686885947
subj03	session13	398	-0.6198376762067492
subj03	session13	399	0.28107788694290187
subj03	session13	400	0.10801224547913997
subj03	session13	401	-0.03677203474298732
subj03	session13	402	-0.029169870425743982
subj03	session13	403	0.16345436423180976
subj03	session13	404	-0.169695286914424
subj03	session13	405	0.2588922113057098
subj03	session13	406	-0.33759362095970386
subj03	session13	407	-0.003919977217713221
subj03	session13	408	-0.33046988466467314
subj03	session13	409	0.23577388580378758
subj03	session13	410	0.6282614267407091
subj03	session13	411	-0.27399971522141536
subj03	session13	412	-0.08873558308415205
subj03	session13	413	0.20594048127580808
subj03	session13	414	0.6519236793393137
subj03	session13	415	0.41048697137975226
subj03	session13	416	0.3213826000284779
subj03	session13	417	-0.36064644738715645
subj03	session13	418	0.20425032037590773
subj03	session13	419	0.7160102520290474
subj03	session13	420	0.5768873700697708
subj03	session13	421	0.9023636622525987
subj03	session13	422	0.29697565143101234
subj03	session13	423	-0.10347145094688881
subj03	session13	424	-0.25854620532535955
subj03	session13	425	0.1602748113341877
subj03	session13	426	0.07622953153922825
subj03	session13	427	-0.10014096539940194
subj03	session13	428	0.009839100099672492
subj03	session13	429	0.1700626512886231
subj03	session13	430	-0.007980919834828399
subj03	session13	431	0.14512031895201483
subj03	session13	432	0.6303374626228108
subj03	session13	433	0.13172860600882813
subj03	session13	434	0.4523807489676777
subj03	session13	435	0.2973928520575253
subj03	session13	436	0.03200341734301576
subj03	session13	437	0.45543784707390006
subj03	session13	438	0.032410650719065924
subj03	session13	439	-0.08536807632066065
subj03	session13	440	-0.1806008828136124
subj03	session13	441	-0.35300014238929234
subj03	session13	442	-0.055474868289904604
subj03	session13	443	0.29403104086572684
subj03	session13	444	0.4144354264559305
subj03	session13	445	0.12411789833404528
subj03	session13	446	0.3449722340879966
subj03	session13	447	0.39595899188381034
subj03	session13	448	0.04995728321230242
subj03	session13	449	-0.26870995301153355
subj03	session13	450	0.055565997436992746
subj03	session13	451	-0.9199202619962978
subj03	session13	452	-0.2593635198633063
subj03	session13	453	0.08191798376762065
subj03	session13	454	0.10698419478855187
subj03	session13	455	-0.04851060800227823
subj03	session13	456	-0.24500783141107788
subj03	session13	457	0.14166880250605157
subj03	session13	458	0.3540367364374199
subj03	session13	459	0.2508828136124163
subj03	session13	460	-0.13310551046561298
subj03	session13	461	0.1865043428734159
subj03	session13	462	0.5288993307703261
subj03	session13	463	0.5552342303858749
subj03	session13	464	0.8133461483696427
subj03	session13	465	0.6572504627652002
subj03	session13	466	0.24563007261853909
subj03	session13	467	-0.18731880962551617
subj03	session13	468	0.13810337462622813
subj03	session13	469	0.31738003702121603
subj03	session13	470	0.7320561013811762
subj03	session13	471	0.2249323650861455
subj03	session13	472	0.910768902178556
subj03	session13	473	0.42060942617115193
subj03	session13	474	0.22832265413640895
subj03	session13	475	0.1820731880962552
subj03	session13	476	0.42323650861455214
subj03	session13	477	0.5192852057525273
subj03	session13	478	0.38704826997009817
subj03	session13	479	0.060674925245621535
subj03	session13	480	-0.01351986330627937
subj03	session13	481	0.09205182970240638
subj03	session13	482	0.30489534387014094
subj03	session13	483	0.007483981204613417
subj03	session13	484	0.13963548341164744
subj03	session13	485	-0.6448227253310551
subj03	session13	486	-0.5867506763491386
subj03	session13	487	-0.45339740851487964
subj03	session13	488	-0.10271536380464188
subj03	session13	489	0.600902748113342
subj03	session13	490	-0.0409696710807347
subj03	session13	491	-0.253783283497081
subj03	session13	492	0.24916132706820446
subj03	session13	493	-0.425239925957568
subj03	session13	494	-0.2666623949878969
subj03	session13	495	0.07620390146660969
subj03	session13	496	0.3312017656272249
subj03	session13	497	0.41600882813612416
subj03	session13	498	0.4984792823579667
subj03	session13	499	0.4818681475153068
subj03	session13	500	0.3853837391428165
subj03	session13	501	-0.022517442688309828
subj03	session13	502	0.08838388153210879
subj03	session13	503	0.5088722768047843
subj03	session13	504	0.7126527125160188
subj03	session13	505	0.9000512601452371
subj03	session13	506	0.4340908443685035
subj03	session13	507	0.6691000996725046
subj03	session13	508	0.19091556314965116
subj03	session13	509	0.5176320660686317
subj03	session13	510	0.21551473729175566
subj03	session13	511	-0.07181119179837676
subj03	session13	512	-0.5355517585077602
subj03	session13	513	-0.17202050405809483
subj03	session13	514	-0.33977075323935646
subj03	session13	515	-0.0327324505197209
subj03	session13	516	0.043730599458920674
subj03	session13	517	0.21033746262281075
subj03	session13	518	0.13613555460629362
subj03	session13	519	0.35998148939199776
subj03	session13	520	0.06598889363519862
subj03	session13	521	0.17936921543499929
subj03	session13	522	0.6181631781290047
subj03	session13	523	0.4633817456927239
subj03	session13	524	0.7258792538801082
subj03	session13	525	1.0438174569272392
subj03	session13	526	0.36701552043286345
subj03	session13	527	0.09337747401395417
subj03	session13	528	-0.0023793250747543757
subj03	session13	529	-0.3366851772746689
subj03	session13	530	-0.22092268261426742
subj03	session13	531	-0.4740324647586502
subj03	session13	532	0.1547728890787413
subj03	session13	533	0.5388922113057097
subj03	session13	534	0.3983767620674925
subj03	session13	535	-0.14701836821870992
subj03	session13	536	-0.4502790830129575
subj03	session13	537	-0.36928662964545067
subj03	session13	538	-0.5157582229816318
subj03	session13	539	0.15377189235369504
subj03	session13	540	0.6811419621244482
subj03	session13	541	0.6387711804072334
subj03	session13	542	-0.04159048839527269
subj03	session13	543	0.037801509326498665
subj03	session13	544	0.004368503488537641
subj03	session13	545	0.5732293891499358
subj03	session13	546	1.0913114053823152
subj03	session13	547	0.4720304713085576
subj03	session13	548	-0.04390289050263419
subj03	session13	549	-0.39008400968247187
subj03	session13	550	-0.40787839954435434
subj03	session13	551	0.4673900042716787
subj03	session13	552	0.6312074611989179
subj03	session13	553	0.31937491100669235
subj03	session13	554	-0.18642318097679053
subj03	session13	555	-0.13239498789691012
subj03	session13	556	0.6270682044710237
subj03	session13	557	0.8428705681332765
subj03	session13	558	0.3593535526128435
subj03	session13	559	0.025667093834543634
subj03	session13	560	0.07108927808628791
subj03	session13	561	0.3126641036594048
subj03	session13	562	0.2494019649722341
subj03	session13	563	-0.10083012957425598
subj03	session13	564	-0.18750533959846216
subj03	session13	565	-0.4327737434144952
subj03	session13	566	0.12532251174711662
subj03	session13	567	0.23345151644596332
subj03	session13	568	0.1932080307560871
subj03	session13	569	0.15798519151359816
subj03	session13	570	0.1813683610992453
subj03	session13	571	0.7585689876121315
subj03	session13	572	1.2154478143243628
subj03	session13	573	0.5641136266552755
subj03	session13	574	0.14078456500071196
subj03	session13	575	0.35970667805781004
subj03	session13	576	-0.15893635198633063
subj03	session13	577	0.5526626797664815
subj03	session13	578	0.16204043855902037
subj03	session13	579	0.058695714082301044
subj03	session13	580	0.19947173572547347
subj03	session13	581	-0.06256300726185392
subj03	session13	582	-0.09462622810764629
subj03	session13	583	0.26777872703972666
subj03	session13	584	0.3349651146233803
subj03	session13	585	-0.14446675210024207
subj03	session13	586	-0.24537234799943047
subj03	session13	587	-0.25213299159903174
subj03	session13	588	-0.5356144097963833
subj03	session13	589	-0.38363947031183254
subj03	session13	590	0.05495372347999432
subj03	session13	591	0.7209283781859606
subj03	session13	592	0.6766467321657411
subj03	session13	593	0.7312430585219992
subj03	session13	594	-0.10285205752527407
subj03	session13	595	-0.35444396981347004
subj03	session13	596	-0.05685889221130572
subj03	session13	597	0.37094831268688594
subj03	session13	598	-0.0017029759362096023
subj03	session13	599	0.16522283924248898
subj03	session13	600	0.567362950306137
subj03	session13	601	0.09265271251601881
subj03	session13	602	0.1182600028477858
subj03	session13	603	0.07785134557881246
subj03	session13	604	-0.004295884949451791
subj03	session13	605	-0.22833974085148795
subj03	session13	606	-0.09779438986188238
subj03	session13	607	-0.5533845934785704
subj03	session13	608	-0.10306564146376192
subj03	session13	609	-0.005560301865299702
subj03	session13	610	0.15903744838388156
subj03	session13	611	0.34063932792254026
subj03	session13	612	0.32412501779866154
subj03	session13	613	-0.10995585931937917
subj03	session13	614	0.06430300441406803
subj03	session13	615	0.25234515164459626
subj03	session13	616	0.4642674070909868
subj03	session13	617	0.17098106222412074
subj03	session13	618	0.08965826569841948
subj03	session13	619	0.2895927666239499
subj03	session13	620	0.5460344582087427
subj03	session13	621	0.6834258863733448
subj03	session13	622	0.5598447956713655
subj03	session13	623	0.6753951302862025
subj03	session13	624	1.3618895059091556
subj03	session13	625	-0.08548198775452087
subj03	session13	626	-0.33386159760785994
subj03	session13	627	0.08174711661683043
subj03	session13	628	0.2049323650861455
subj03	session13	629	0.2877587925388011
subj03	session13	630	-0.15617827139399118
subj03	session13	631	-0.11351843941335611
subj03	session13	632	0.2671977787270397
subj03	session13	633	0.2902235511889506
subj03	session13	634	0.34474725900612274
subj03	session13	635	0.6064388437989463
subj03	session13	636	0.055480563861597616
subj03	session13	637	0.44993022924676074
subj03	session13	638	0.5321600455645735
subj03	session13	639	0.3768475010679197
subj03	session13	640	0.04261569130001425
subj03	session13	641	-0.04705966111348427
subj03	session13	642	0.4010365940481276
subj03	session13	643	0.5924348568987613
subj03	session13	644	0.06044852627082443
subj03	session13	645	0.42769186957140826
subj03	session13	646	-0.11562295315392286
subj03	session13	647	0.3166680905595899
subj03	session13	648	0.049878969101523556
subj03	session13	649	0.12775736864587783
subj03	session13	650	0.2739142816460202
subj03	session13	651	0.6105766766339171
subj03	session13	652	0.4880378755517585
subj03	session13	653	0.34515164459632636
subj03	session13	654	0.19431012387868435
subj03	session13	655	0.4130215007831411
subj03	session13	656	-0.019853339028905036
subj03	session13	657	-0.14154919550049835
subj03	session13	658	-0.2539598462195643
subj03	session13	659	-0.5804798519151361
subj03	session13	660	-0.027751673074184833
subj03	session13	661	0.17280649295173003
subj03	session13	662	-0.1215862167165029
subj03	session13	663	-0.13137120888509185
subj03	session13	664	-0.2897408514879681
subj03	session13	665	-0.36608287056813327
subj03	session13	666	-0.6468959134273102
subj03	session13	667	-0.30397693293464334
subj03	session13	668	0.03947600740424322
subj03	session13	669	0.14446390431439557
subj03	session13	670	0.4448184536522854
subj03	session13	671	0.41254592054677486
subj03	session13	672	0.5357724619108643
subj03	session13	673	0.023101238786843215
subj03	session13	674	0.32222696853196636
subj03	session13	675	-0.4253737718923537
subj03	session13	676	0.6457610707674782
subj03	session13	677	0.33173572547344443
subj03	session13	678	0.5580649295173002
subj03	session13	679	0.05921543499928805
subj03	session13	680	1.2817926811903746
subj03	session13	681	0.5516645308272818
subj03	session13	682	0.6926171151929374
subj03	session13	683	0.21434144952299589
subj03	session13	684	0.4204499501637477
subj03	session13	685	0.4138786843229389
subj03	session13	686	0.27823010109639756
subj03	session13	687	0.05918695714082301
subj03	session13	688	0.33079738003702125
subj03	session13	689	0.14450946888793964
subj03	session13	690	-0.4239513028620248
subj03	session13	691	-0.3211277231952157
subj03	session13	692	-0.3630215007831411
subj03	session13	693	0.37848782571550615
subj03	session13	694	0.5589235369500214
subj03	session13	695	0.11613840239214011
subj03	session13	696	0.05043286344866866
subj03	session13	697	-0.04690303289192652
subj03	session13	698	-0.26844653282073183
subj03	session13	699	-0.3080976790545351
subj03	session13	700	0.01264701694432579
subj03	session13	701	0.14498077744553609
subj03	session13	702	0.1448967677630642
subj03	session13	703	0.774381318524847
subj03	session13	704	0.879661113484266
subj03	session13	705	0.7665940481275808
subj03	session13	706	0.16940054107931082
subj03	session13	707	0.3186800512601452
subj03	session13	708	-0.15567848497792963
subj03	session13	709	-0.2225544639043144
subj03	session13	710	-0.08083012957425602
subj03	session13	711	-0.054337177844226085
subj03	session13	712	0.09724476719350704
subj03	session13	713	0.5192026199629788
subj03	session13	714	1.0578257155061939
subj03	session13	715	0.18331482272533106
subj03	session13	716	0.17985618681475152
subj03	session13	717	-0.20015235654278793
subj03	session13	718	0.3722511747116617
subj03	session13	719	0.9202164317243342
subj03	session13	720	-0.07921116332051828
subj03	session13	721	-0.12901893777587925
subj03	session13	722	0.3680848640182258
subj03	session13	723	0.6074996440267693
subj03	session13	724	0.46523565427879826
subj03	session13	725	0.47311974939484547
subj03	session13	726	0.5064915278371067
subj03	session13	727	-0.02563576819023209
subj03	session13	728	0.038389577103801795
subj03	session13	729	-0.2587754520860031
subj03	session13	730	-0.28214295884949453
subj03	session13	731	-0.3691328492097395
subj03	session13	732	-0.19942474725900614
subj03	session13	733	-0.2905823722056101
subj03	session13	734	-0.049585647159333626
subj03	session13	735	0.037260430015662795
subj03	session13	736	0.032036166880250634
subj03	session13	737	0.3144567848497793
subj03	session13	738	-0.37923964117898334
subj03	session13	739	0.2729787839954435
subj03	session13	740	0.5422298163178129
subj03	session13	741	-0.011866723622383621
subj03	session13	742	-0.08031895201480847
subj03	session13	743	0.16371636052968813
subj03	session13	744	0.7417599316531397
subj03	session13	745	0.9249423323366083
subj03	session13	746	0.35881389719493095
subj03	session13	747	0.1705638615976079
subj03	session13	748	0.3018339740851488
subj03	session13	749	-0.09991599031752815
subj03	session14	0	0.5723536950021358
subj03	session14	1	0.28863306279367784
subj03	session14	2	0.2673501352698277
subj03	session14	3	-0.010926954293037163
subj03	session14	4	-0.048375338174569266
subj03	session14	5	0.34103374626228106
subj03	session14	6	0.20320233518439412
subj03	session14	7	0.22686316389007544
subj03	session14	8	0.06868289904599173
subj03	session14	9	-0.23605724049551474
subj03	session14	10	0.126380464189093
subj03	session14	11	0.5540723337605012
subj03	session14	12	0.4391769898903602
subj03	session14	13	0.2819464616260857
subj03	session14	14	0.14582372205610133
subj03	session14	15	0.04714509468887941
subj03	session14	16	0.21766766339171295
subj03	session14	17	0.1603901466609711
subj03	session14	18	0.2714267407090987
subj03	session14	19	0.384432578670084
subj03	session14	20	0.34781290046988467
subj03	session14	21	0.08772889078741279
subj03	session14	22	0.0514765769614125
subj03	session14	23	0.1366154065214296
subj03	session14	24	0.18214723052826426
subj03	session14	25	0.07694432578670085
subj03	session14	26	0.2868916417485405
subj03	session14	27	0.26511319948739853
subj03	session14	28	0.41944610565285484
subj03	session14	29	0.39810337462622813
subj03	session14	30	-0.2772191371208885
subj03	session14	31	0.07321515022070345
subj03	session14	32	0.32282642745265555
subj03	session14	33	0.15684465328207317
subj03	session14	34	0.36918553324789977
subj03	session14	35	0.3629631211732878
subj03	session14	36	0.34890787412786556
subj03	session14	37	0.20712088850918411
subj03	session14	38	0.4769101523565428
subj03	session14	39	0.4114936636764915
subj03	session14	40	0.369841947885519
subj03	session14	41	0.28628648725615835
subj03	session14	42	0.17504058094831268
subj03	session14	43	0.41653851630357397
subj03	session14	44	0.21780720489819166
subj03	session14	45	0.1536052968816745
subj03	session14	46	-0.018843798946319233
subj03	session14	47	0.11270397266125587
subj03	session14	48	-0.07319948739854763
subj03	session14	49	-0.04269827708956286
subj03	session14	50	-0.017297451231667357
subj03	session14	51	0.2258009397693294
subj03	session14	52	0.34635910579524415
subj03	session14	53	0.1210422896198206
subj03	session14	54	0.03499928805353837
subj03	session14	55	0.19271963548341164
subj03	session14	56	0.07275808059233943
subj03	session14	57	0.5380207888366795
subj03	session14	58	0.21918553324789977
subj03	session14	59	0.18701552043286349
subj03	session14	60	0.26326783425886374
subj03	session14	61	0.3858322654136409
subj03	session14	62	0.1143200911291471
subj03	session14	63	0.3942787982343728
subj03	session14	64	0.4083425886373345
subj03	session14	65	0.2585874982201338
subj03	session14	66	0.3371963548341165
subj03	session14	67	0.05328349708101951
subj03	session14	68	-0.2222739569984337
subj03	session14	69	0.026038729887512452
subj03	session14	70	-0.09941193222269687
subj03	session14	71	0.12144809910294749
subj03	session14	72	0.3307076747828563
subj03	session14	73	0.21456072903317674
subj03	session14	74	0.22534102235511888
subj03	session14	75	0.4750135269827709
subj03	session14	76	0.2075580236366225
subj03	session14	77	-0.09720205040580947
subj03	session14	78	-0.3098006549907447
subj03	session14	79	0.06887797237647728
subj03	session14	80	0.12855759646874557
subj03	session14	81	0.14893919977217715
subj03	session14	82	0.47722768047842806
subj03	session14	83	0.33532108785419334
subj03	session14	84	0.27623807489676777
subj03	session14	85	0.1194261711519294
subj03	session14	86	0.010048412359390566
subj03	session14	87	0.23685462053253598
subj03	session14	88	0.2768531966396128
subj03	session14	89	0.7073259290901324
subj03	session14	90	0.49382315249893205
subj03	session14	91	0.5330969671080735
subj03	session14	92	0.8150605154492383
subj03	session14	93	0.455257012672647
subj03	session14	94	0.2928207318809626
subj03	session14	95	0.25110921258721347
subj03	session14	96	-0.033743414495229974
subj03	session14	97	-0.2582785134557881
subj03	session14	98	0.06615691300014244
subj03	session14	99	0.057334472447671946
subj03	session14	100	0.3364174854050975
subj03	session14	101	0.3217129431866724
subj03	session14	102	0.5624291613270682
subj03	session14	103	0.6079652570126727
subj03	session14	104	0.19859319379182686
subj03	session14	105	0.08841093549765058
subj03	session14	106	0.1553282073188096
subj03	session14	107	0.17900754663249327
subj03	session14	108	0.15531254449665385
subj03	session14	109	-0.02543642318097677
subj03	session14	110	0.23526697992310977
subj03	session14	111	-0.0988153210878542
subj03	session14	112	0.21347287483981206
subj03	session14	113	0.21510323223693575
subj03	session14	114	-0.054290189377758785
subj03	session14	115	-0.14029332194218996
subj03	session14	116	-0.0013555460629360607
subj03	session14	117	0.22685889221130573
subj03	session14	118	0.394527979495942
subj03	session14	119	0.6640196497223408
subj03	session14	120	0.26014666097109496
subj03	session14	121	0.29967535241349846
subj03	session14	122	-0.12244767193507052
subj03	session14	123	0.13738715648583227
subj03	session14	124	0.19027908301295746
subj03	session14	125	0.5104570696283639
subj03	session14	126	0.4591356969955859
subj03	session14	127	-0.2751245906307846
subj03	session14	128	0.4884052399259575
subj03	session14	129	0.17419051687313114
subj03	session14	130	0.10918126156913
subj03	session14	131	0.0734771465185818
subj03	session14	132	0.5569101523565428
subj03	session14	133	0.6984992168588922
subj03	session14	134	0.2841207461198918
subj03	session14	135	-0.19689876121315678
subj03	session14	136	-0.2248725615833689
subj03	session14	137	-0.1889904599174142
subj03	session14	138	-0.05487398547629221
subj03	session14	139	-0.06159760785988893
subj03	session14	140	0.4025701267264702
subj03	session14	141	0.19457781574825572
subj03	session14	142	0.2696013099814894
subj03	session14	143	0.5465299729460344
subj03	session14	144	0.8497280364516588
subj03	session14	145	0.7325145949024633
subj03	session14	146	0.0829503061369785
subj03	session14	147	-0.07626797664815607
subj03	session14	148	0.30014238929232523
subj03	session14	149	0.057576534244624805
subj03	session14	150	0.38434572120176563
subj03	session14	151	0.23362380748967682
subj03	session14	152	0.4824562152926099
subj03	session14	153	0.27655845080449953
subj03	session14	154	0.3139313683610993
subj03	session14	155	0.2514381318524847
subj03	session14	156	0.24892353695002137
subj03	session14	157	-0.299164174854051
subj03	session14	158	-0.29220276235227116
subj03	session14	159	0.48976363377474014
subj03	session14	160	0.872393564003987
subj03	session14	161	0.32883383169585645
subj03	session14	162	0.7227452655560302
subj03	session14	163	0.6675039157055389
subj03	session14	164	0.07272105937633493
subj03	session14	165	0.08462053253595327
subj03	session14	166	0.22954293037163606
subj03	session14	167	0.07734871137690444
subj03	session14	168	-0.37632208457923966
subj03	session14	169	-0.03750106791969246
subj03	session14	170	-0.317741705823722
subj03	session14	171	-0.1263519863306279
subj03	session14	172	-0.259226826142674
subj03	session14	173	-0.18517869856186817
subj03	session14	174	0.04639897479709526
subj03	session14	175	0.06923109782144385
subj03	session14	176	0.5757681902320946
subj03	session14	177	0.6150491243058521
subj03	session14	178	0.3924818453652285
subj03	session14	179	0.20894489534387017
subj03	session14	180	0.7512017656272248
subj03	session14	181	0.7223437277516732
subj03	session14	182	1.085200056955717
subj03	session14	183	1.3024405524704543
subj03	session14	184	0.3216873131140538
subj03	session14	185	-0.32112345151644595
subj03	session14	186	-0.02050690588067777
subj03	session14	187	-0.02021073615264133
subj03	session14	188	0.08864730172291042
subj03	session14	189	0.24823864445393706
subj03	session14	190	0.3274797095258436
subj03	session14	191	0.542755232806493
subj03	session14	192	0.9483397408514881
subj03	session14	193	0.4770724761497935
subj03	session14	194	0.39036878826712235
subj03	session14	195	0.2878342588637335
subj03	session14	196	0.38577103801794105
subj03	session14	197	0.6247159333618112
subj03	session14	198	0.47970667805781003
subj03	session14	199	-0.3747956713655133
subj03	session14	200	-0.2569073045706963
subj03	session14	201	-0.23324647586501493
subj03	session14	202	0.16320660686316388
subj03	session14	203	0.22469884664673215
subj03	session14	204	0.10873700697707535
subj03	session14	205	0.21131852484693153
subj03	session14	206	0.40719493094119324
subj03	session14	207	0.32154634771465185
subj03	session14	208	-0.30093122597180694
subj03	session14	209	-0.04188665812330913
subj03	session14	210	-0.008829560017086697
subj03	session14	211	0.4174882528833832
subj03	session14	212	0.3684194788551901
subj03	session14	213	0.5059205467748825
subj03	session14	214	0.507859888936352
subj03	session14	215	0.5510850064075182
subj03	session14	216	0.2332009112914709
subj03	session14	217	-0.3197408514879681
subj03	session14	218	-0.10654990744695995
subj03	session14	219	0.4604100811618967
subj03	session14	220	0.6886003132564431
subj03	session14	221	1.0845137405667093
subj03	session14	222	0.8471550619393422
subj03	session14	223	0.3768859461768475
subj03	session14	224	0.3168161754236081
subj03	session14	225	0.33684750106791966
subj03	session14	226	-0.07070625088993311
subj03	session14	227	-0.41173999715221415
subj03	session14	228	-0.08060657838530544
subj03	session14	229	-0.03410935497650579
subj03	session14	230	0.13765200056955715
subj03	session14	231	0.10311832550192226
subj03	session14	232	0.2940438559020362
subj03	session14	233	0.13932934643314826
subj03	session14	234	-0.11766623949878965
subj03	session14	235	0.19197921116332053
subj03	session14	236	0.174777160757511
subj03	session14	237	0.18667093834543644
subj03	session14	238	0.5234102235511889
subj03	session14	239	0.5860785988893634
subj03	session14	240	-0.20240495514737292
subj03	session14	241	-0.19748398120461338
subj03	session14	242	0.5280677773031467
subj03	session14	243	0.9336252313826001
subj03	session14	244	0.7075309696710808
subj03	session14	245	0.43503488537661966
subj03	session14	246	0.26039014666097104
subj03	session14	247	0.3706008828136124
subj03	session14	248	0.43849779296596897
subj03	session14	249	0.3220148084864019
subj03	session14	250	0.10821870995301154
subj03	session14	251	0.20445251317100951
subj03	session14	252	0.07910864303004415
subj03	session14	253	0.0679253880108216
subj03	session14	254	0.04643884379894632
subj03	session14	255	0.47321799800655
subj03	session14	256	0.677006977075324
subj03	session14	257	0.6523124021073615
subj03	session14	258	0.47118467891214577
subj03	session14	259	0.2874854050975367
subj03	session14	260	0.19646874555033464
subj03	session14	261	0.0704172006265129
subj03	session14	262	0.061900897052541634
subj03	session14	263	0.21912288195927662
subj03	session14	264	-0.07091271536380468
subj03	session14	265	0.011213156770610843
subj03	session14	266	0.027146518581802642
subj03	session14	267	-0.16119607005553183
subj03	session14	268	0.0942303858749822
subj03	session14	269	0.09265983198063507
subj03	session14	270	0.45522426313541214
subj03	session14	271	0.4315520432863449
subj03	session14	272	0.15921116332051832
subj03	session14	273	0.3853040011391143
subj03	session14	274	0.2745279794959419
subj03	session14	275	0.5643400256300726
subj03	session14	276	0.5262736722198491
subj03	session14	277	0.4007290331767051
subj03	session14	278	0.19838245763918558
subj03	session14	279	0.2364829844795671
subj03	session14	280	0.15608002278228678
subj03	session14	281	0.172930371636053
subj03	session14	282	0.04946176847501067
subj03	session14	283	-0.056396127011248756
subj03	session14	284	0.058796810479851906
subj03	session14	285	0.09732877687597892
subj03	session14	286	0.13681902320945466
subj03	session14	287	0.1311362665527553
subj03	session14	288	0.24736437419906024
subj03	session14	289	0.38836821870995303
subj03	session14	290	0.07825715506193937
subj03	session14	291	0.21541791257297455
subj03	session14	292	0.3721429588494945
subj03	session14	293	0.06198205894916703
subj03	session14	294	0.1497792965968959
subj03	session14	295	0.2416531396838958
subj03	session14	296	0.33741990602306704
subj03	session14	297	0.15668517727466894
subj03	session14	298	0.027140823010109626
subj03	session14	299	0.18509753666524276
subj03	session14	300	0.3269471735725474
subj03	session14	301	0.32322226968531964
subj03	session14	302	0.44959276662394987
subj03	session14	303	0.32168588922113056
subj03	session14	304	0.18235654278798233
subj03	session14	305	0.11310693435853622
subj03	session14	306	0.061382600028477854
subj03	session14	307	0.2233262138687171
subj03	session14	308	-0.05247330200768901
subj03	session14	309	0.07243912857753096
subj03	session14	310	0.3132863448668661
subj03	session14	311	0.2693863021500783
subj03	session14	312	0.38877687597892635
subj03	session14	313	0.4813413071337036
subj03	session14	314	0.607770183682187
subj03	session14	315	0.517086715079026
subj03	session14	316	0.048986188238644465
subj03	session14	317	0.4108913569699558
subj03	session14	318	0.3429901751388295
subj03	session14	319	0.31757795813754797
subj03	session14	320	0.3021942189947316
subj03	session14	321	0.2320034173430158
subj03	session14	322	-0.10736722198490672
subj03	session14	323	-0.05906877402819308
subj03	session14	324	0.04181403958422319
subj03	session14	325	-0.057323081304285914
subj03	session14	326	-0.10607290331767051
subj03	session14	327	-0.047871280079738
subj03	session14	328	-0.17253595329631216
subj03	session14	329	-0.020237790118183118
subj03	session14	330	0.3849907446959989
subj03	session14	331	0.6097864160615121
subj03	session14	332	0.4680734728748397
subj03	session14	333	0.13020361668802508
subj03	session14	334	0.35595472020504054
subj03	session14	335	0.601665954720205
subj03	session14	336	0.32710807347287485
subj03	session14	337	0.4714950875694148
subj03	session14	338	0.23454364231809766
subj03	session14	339	0.07817314537946746
subj03	session14	340	0.20915420760358822
subj03	session14	341	0.12289050263420188
subj03	session14	342	0.284748682899046
subj03	session14	343	0.29279367791542077
subj03	session14	344	0.18418197351559162
subj03	session14	345	0.2258593193791827
subj03	session14	346	-0.02219849067350136
subj03	session14	347	-0.40410935497650574
subj03	session14	348	0.2528093407375766
subj03	session14	349	0.3316887370069771
subj03	session14	350	-0.178373914281646
subj03	session14	351	-0.036780578100526824
subj03	session14	352	0.18114765769614127
subj03	session14	353	0.3194005410793108
subj03	session14	354	0.07348853766196782
subj03	session14	355	0.0569898903602449
subj03	session14	356	0.501134842659832
subj03	session14	357	0.34130001423892925
subj03	session14	358	0.2619849067350135
subj03	session14	359	0.3207560871422469
subj03	session14	360	0.7714352840666382
subj03	session14	361	0.37657411362665527
subj03	session14	362	-0.0405097536665243
subj03	session14	363	-0.10295600170867147
subj03	session14	364	-0.10583653709241064
subj03	session14	365	0.1736266552755233
subj03	session14	366	-0.20910579524419762
subj03	session14	367	0.11069201196070055
subj03	session14	368	-0.1501224547913997
subj03	session14	369	0.2071123451516446
subj03	session14	370	0.60461910864303
subj03	session14	371	0.6056300726185391
subj03	session14	372	0.350180834401253
subj03	session14	373	0.48081019507333056
subj03	session14	374	0.5189021785561726
subj03	session14	375	0.38780720489819165
subj03	session14	376	0.6135996013099814
subj03	session14	377	0.21873843086999856
subj03	session14	378	0.3733760501210309
subj03	session14	379	0.5682728178840951
subj03	session14	380	0.41487256158336894
subj03	session14	381	0.2328492097394276
subj03	session14	382	0.33193649437562295
subj03	session14	383	0.1404656129859035
subj03	session14	384	0.5056343442973088
subj03	session14	385	0.16408087711804076
subj03	session14	386	0.1381532108785419
subj03	session14	387	0.3154663249323651
subj03	session14	388	0.5418069201196071
subj03	session14	389	-0.04106080022782285
subj03	session14	390	-0.09690018510608
subj03	session14	391	0.07768759789263847
subj03	session14	392	-0.006678057810052681
subj03	session14	393	-0.2944283069913142
subj03	session14	394	-0.2310408657268974
subj03	session14	395	-0.23891072191371207
subj03	session14	396	0.3881959276662395
subj03	session14	397	0.09768475010679198
subj03	session14	398	0.06645877829987187
subj03	session14	399	0.3156969955859319
subj03	session14	400	0.5030642175708387
subj03	session14	401	0.060969671080734734
subj03	session14	402	-0.005907731738573266
subj03	session14	403	0.15294745835113197
subj03	session14	404	0.46939199772177137
subj03	session14	405	0.3985362380748968
subj03	session14	406	0.724940908443685
subj03	session14	407	0.23319948739854765
subj03	session14	408	0.40065641463761925
subj03	session14	409	0.3281916559874698
subj03	session14	410	0.3099060230670654
subj03	session14	411	0.3128620247757368
subj03	session14	412	0.37419051687313115
subj03	session14	413	0.26983340452797944
subj03	session14	414	0.15162323793250748
subj03	session14	415	-0.5222753808913569
subj03	session14	416	-0.5256001708671507
subj03	session14	417	-0.196380464189093
subj03	session14	418	0.4278356827566567
subj03	session14	419	0.2339484550761783
subj03	session14	420	0.16457354406948596
subj03	session14	421	0.3879139968674356
subj03	session14	422	0.48780435711234515
subj03	session14	423	0.4098604584935213
subj03	session14	424	0.42063078456500064
subj03	session14	425	0.29221557738858045
subj03	session14	426	-0.04346290758934928
subj03	session14	427	0.1275352413498505
subj03	session14	428	0.02021073615264132
subj03	session14	429	0.13801936494375622
subj03	session14	430	0.7449622668375339
subj03	session14	431	0.9114723052826428
subj03	session14	432	0.4054919550049836
subj03	session14	433	0.05309554321515021
subj03	session14	434	0.13112487540936923
subj03	session14	435	0.38445251317100954
subj03	session14	436	-0.10371208885091837
subj03	session14	437	0.22751245906307846
subj03	session14	438	-0.5305852199914566
subj03	session14	439	0.00859319379182684
subj03	session14	440	0.44704399829132857
subj03	session14	441	0.9266922967392852
subj03	session14	442	0.6726057240495515
subj03	session14	443	-0.26130855759646876
subj03	session14	444	-0.15316673786131285
subj03	session14	445	0.32421329915990316
subj03	session14	446	0.5437960985333903
subj03	session14	447	0.30391997721771324
subj03	session14	448	0.006598319806350559
subj03	session14	449	0.03240922682614264
subj03	session14	450	0.13269685319663965
subj03	session14	451	0.10497223408799658
subj03	session14	452	-0.056782001993450085
subj03	session14	453	0.16899473159618392
subj03	session14	454	0.09161896625373771
subj03	session14	455	0.005779581375480564
subj03	session14	456	-0.05039726612558736
subj03	session14	457	-0.04713085575964689
subj03	session14	458	0.7170553894347145
subj03	session14	459	0.8718382457639184
subj03	session14	460	0.9111248754093694
subj03	session14	461	0.4997622098818169
subj03	session14	462	0.3886529972946034
subj03	session14	463	0.018714224690303267
subj03	session14	464	0.04626512886230956
subj03	session14	465	0.03804214723052829
subj03	session14	466	-0.0631411077886943
subj03	session14	467	0.3270397266125588
subj03	session14	468	0.30525416488680057
subj03	session14	469	0.017468318382457645
subj03	session14	470	0.10837960985333901
subj03	session14	471	0.3523109782144383
subj03	session14	472	0.5906820447102379
subj03	session14	473	0.4754549337889791
subj03	session14	474	0.5023821728606009
subj03	session14	475	0.5223565427879823
subj03	session14	476	0.17182258294176278
subj03	session14	477	-0.016455930514025337
subj03	session14	478	-0.46577815748255735
subj03	session14	479	-0.7474911006692296
subj03	session14	480	0.15739854762921826
subj03	session14	481	-0.15312829275238504
subj03	session14	482	-0.17843514167734587
subj03	session14	483	-0.09029189804926673
subj03	session14	484	0.3180022782286772
subj03	session14	485	1.0498134700270538
subj03	session14	486	0.8744809910294745
subj03	session14	487	0.7222625658550478
subj03	session14	488	0.9412615691300015
subj03	session14	489	0.39488110494090845
subj03	session14	490	0.41916132706820447
subj03	session14	491	-0.06791969243912858
subj03	session14	492	0.05836394703118328
subj03	session14	493	0.15864303004414068
subj03	session14	494	-0.314935212871992
subj03	session14	495	-0.4399202619962979
subj03	session14	496	-0.3296055816602592
subj03	session14	497	-0.3696881674498078
subj03	session14	498	-0.17350704826997007
subj03	session14	499	-0.1476007404243201
subj03	session14	500	0.09168873700697706
subj03	session14	501	0.12817029759362092
subj03	session14	502	-0.4213754805638616
subj03	session14	503	-0.1373230813042859
subj03	session14	504	-0.06637334472447677
subj03	session14	505	-0.35717499644026773
subj03	session14	506	-0.31119464616260856
subj03	session14	507	0.02330770326071477
subj03	session14	508	0.5349266695144526
subj03	session14	509	1.306183966965684
subj03	session14	510	1.1066339171294317
subj03	session14	511	0.11512886230955431
subj03	session14	512	-0.049255304001139096
subj03	session14	513	-0.18025487683326213
subj03	session14	514	0.3012316673786131
subj03	session14	515	0.2411647444112203
subj03	session14	516	0.0493208030756087
subj03	session14	517	-0.4146860316104229
subj03	session14	518	-0.12200484123593903
subj03	session14	519	0.16849636907304572
subj03	session14	520	0.23460202192795104
subj03	session14	521	0.6915264132137263
subj03	session14	522	0.28108500640751816
subj03	session14	523	0.5825615833689306
subj03	session14	524	0.5899686743556884
subj03	session14	525	0.4532322369357824
subj03	session14	526	0.3778513455788125
subj03	session14	527	0.23528549053111203
subj03	session14	528	0.2953182400683469
subj03	session14	529	-0.18840239214011104
subj03	session14	530	-0.530603730599459
subj03	session14	531	-0.2415933361811192
subj03	session14	532	0.4529574256015948
subj03	session14	533	0.6309767905453509
subj03	session14	534	0.13248184536522856
subj03	session14	535	0.2597721771322797
subj03	session14	536	-0.0029545778157482883
subj03	session14	537	0.019044567848497784
subj03	session14	538	-0.21999572832123024
subj03	session14	539	-0.45917698989036027
subj03	session14	540	0.22720347429873272
subj03	session14	541	-0.10371920831553468
subj03	session14	542	-0.04179552897622099
subj03	session14	543	-0.000642175708386747
subj03	session14	544	0.5773629503061369
subj03	session14	545	0.6365712658408087
subj03	session14	546	0.28658265698419483
subj03	session14	547	-0.08638473586786277
subj03	session14	548	0.016726470169443244
subj03	session14	549	-0.049700982486117075
subj03	session14	550	0.17730599458920687
subj03	session14	551	0.4014751530684892
subj03	session14	552	0.6836707959561441
subj03	session14	553	0.062265413640894225
subj03	session14	554	0.01362380748967677
subj03	session14	555	-0.033478570411505065
subj03	session14	556	0.4368588922113057
subj03	session14	557	0.4335725473444397
subj03	session14	558	0.39965826569841945
subj03	session14	559	-0.12963690730457067
subj03	session14	560	0.005047700412928952
subj03	session14	561	0.40733162466182543
subj03	session14	562	0.38968674355688454
subj03	session14	563	-0.30685889221130574
subj03	session14	564	0.2655873558308416
subj03	session14	565	0.3229873273529831
subj03	session14	566	0.31101523565427874
subj03	session14	567	-0.3317556599743699
subj03	session14	568	-0.37825145949024636
subj03	session14	569	-0.06384878257155062
subj03	session14	570	0.3763434429730884
subj03	session14	571	0.29843514167734586
subj03	session14	572	0.22840951160472733
subj03	session14	573	0.1485675637192083
subj03	session14	574	0.7433247899757937
subj03	session14	575	0.5355033461483697
subj03	session14	576	-0.3279211163320518
subj03	session14	577	-0.03264559305140255
subj03	session14	578	0.44434572120176563
subj03	session14	579	0.14270824434002566
subj03	session14	580	0.8506777730314681
subj03	session14	581	1.1477075323935637
subj03	session14	582	0.40860458493521284
subj03	session14	583	0.499802078883668
subj03	session14	584	0.7900911291470882
subj03	session14	585	0.3055759646874555
subj03	session14	586	0.30631211732877683
subj03	session14	587	0.12134842659831982
subj03	session14	588	0.028631638900754684
subj03	session14	589	-0.581304285917699
subj03	session14	590	-0.45022782286772045
subj03	session14	591	-0.24096255161611843
subj03	session14	592	0.035916275096112775
subj03	session14	593	0.04746831838245761
subj03	session14	594	-0.5445863591057952
subj03	session14	595	-0.45076035882101667
subj03	session14	596	-0.006757795813754803
subj03	session14	597	0.425877829987185
subj03	session14	598	0.5464915278371066
subj03	session14	599	0.13235654278798237
subj03	session14	600	0.45730884237505337
subj03	session14	601	0.22815178698561864
subj03	session14	602	0.4498177417058237
subj03	session14	603	0.7322113057098106
subj03	session14	604	0.45817741705823717
subj03	session14	605	0.32744695998860884
subj03	session14	606	0.22300441406806212
subj03	session14	607	0.5635056243770468
subj03	session14	608	0.38553751957852767
subj03	session14	609	0.643783283497081
subj03	session14	610	0.18925672789406234
subj03	session14	611	0.213297736010252
subj03	session14	612	0.11268973373202336
subj03	session14	613	-0.26521429588494944
subj03	session14	614	0.18968959134273103
subj03	session14	615	0.3328392424889648
subj03	session14	616	0.09368788267122313
subj03	session14	617	0.14061085006407517
subj03	session14	618	0.13276947173572548
subj03	session14	619	0.23669372063220848
subj03	session14	620	0.46995870710522564
subj03	session14	621	0.12950590915563148
subj03	session14	622	0.2477374341449523
subj03	session14	623	0.2657938203047131
subj03	session14	624	0.4780862879111491
subj03	session14	625	0.35185960415776735
subj03	session14	626	0.3033589634059518
subj03	session14	627	0.034201908016517166
subj03	session14	628	0.02040580948312687
subj03	session14	629	0.29303289192652715
subj03	session14	630	0.33636907304570696
subj03	session14	631	0.6060458493521287
subj03	session14	632	0.6891627509611277
subj03	session14	633	0.9508984764345721
subj03	session14	634	0.8457212017656273
subj03	session14	635	0.10068916417485406
subj03	session14	636	-0.1916218140395842
subj03	session14	637	-0.03129004698846646
subj03	session14	638	0.01417343015805213
subj03	session14	639	0.06218282785134555
subj03	session14	640	0.2178000854335754
subj03	session14	641	0.32331197493948455
subj03	session14	642	0.333444396981347
subj03	session14	643	0.28197493948455077
subj03	session14	644	0.39586786273672214
subj03	session14	645	0.16999857610707672
subj03	session14	646	0.11631923679339312
subj03	session14	647	0.03614836964260288
subj03	session14	648	-0.18707532393564003
subj03	session14	649	-0.13940766054392711
subj03	session14	650	-0.2263049978641606
subj03	session14	651	-0.18784565000711947
subj03	session14	652	0.24129574256015948
subj03	session14	653	0.328503488537662
subj03	session14	654	0.6109696710807347
subj03	session14	655	0.5112259718069201
subj03	session14	656	0.29299302292467605
subj03	session14	657	-0.13081873843086994
subj03	session14	658	0.456334899615549
subj03	session14	659	-0.2298818168873701
subj03	session14	660	0.13438986188238644
subj03	session14	661	0.32516161184678916
subj03	session14	662	0.421801224547914
subj03	session14	663	1.005544639043144
subj03	session14	664	0.6685305425032038
subj03	session14	665	0.4588110494090844
subj03	session14	666	0.1608671507902606
subj03	session14	667	0.16102235511889507
subj03	session14	668	0.21391855332479
subj03	session14	669	-0.09083012957425604
subj03	session14	670	0.396239498789691
subj03	session14	671	0.716465897764488
subj03	session14	672	0.25644738715648585
subj03	session14	673	0.39361953581090703
subj03	session14	674	0.1966396127011249
subj03	session14	675	-0.22018652997294605
subj03	session14	676	-0.238052114480991
subj03	session14	677	-0.1816673786131283
subj03	session14	678	-0.500180834401253
subj03	session14	679	0.07212302434856896
subj03	session14	680	0.10927381460914139
subj03	session14	681	0.0805097536665243
subj03	session14	682	0.3570183682187099
subj03	session14	683	0.33431012387868425
subj03	session14	684	0.4649622668375337
subj03	session14	685	0.4845949024633347
subj03	session14	686	0.5839256727894063
subj03	session14	687	0.550180834401253
subj03	session14	688	0.17832550192225544
subj03	session14	689	0.1356172575822298
subj03	session14	690	0.34796668090559596
subj03	session14	691	0.05719635483411647
subj03	session14	692	0.06444824149223978
subj03	session14	693	0.09951587640609426
subj03	session14	694	0.039699558593193796
subj03	session14	695	-0.059756514310123895
subj03	session14	696	-0.25155204328634484
subj03	session14	697	-0.079345009255304
subj03	session14	698	-0.08661398262850635
subj03	session14	699	0.05696853196639613
subj03	session14	700	0.3134842659831981
subj03	session14	701	0.0988808201623238
subj03	session14	702	0.07000996725046275
subj03	session14	703	0.32782144382742423
subj03	session14	704	-0.24431866723622386
subj03	session14	705	0.10510892780862882
subj03	session14	706	0.6226911576249466
subj03	session14	707	0.6284023921401112
subj03	session14	708	0.8801295742560159
subj03	session14	709	0.8498647301722912
subj03	session14	710	0.3776648156058664
subj03	session14	711	0.2415933361811192
subj03	session14	712	0.1600441406806208
subj03	session14	713	0.25226683753381746
subj03	session14	714	0.4325729745123167
subj03	session14	715	-0.2441691584792823
subj03	session14	716	0.015430727609283759
subj03	session14	717	0.16069485974654704
subj03	session14	718	-0.5182870568133277
subj03	session14	719	-0.09772034742987327
subj03	session14	720	-0.010271963548341171
subj03	session14	721	0.4103573971237363
subj03	session14	722	0.49174711661683046
subj03	session14	723	0.8225701267264701
subj03	session14	724	0.6934999288053538
subj03	session14	725	0.3120176562722483
subj03	session14	726	0.20119749394845507
subj03	session14	727	-0.16643884379894633
subj03	session14	728	0.04392424889648298
subj03	session14	729	0.04361384023921401
subj03	session14	730	-0.13891214580663536
subj03	session14	731	0.1383098391000997
subj03	session14	732	0.35349138544781433
subj03	session14	733	-0.021856756371920815
subj03	session14	734	0.5660202192795102
subj03	session14	735	0.384438274241777
subj03	session14	736	-0.10404670368788267
subj03	session14	737	-0.13908016517157912
subj03	session14	738	-0.03537377189235369
subj03	session14	739	0.042881959276662406
subj03	session14	740	-0.1889036024490958
subj03	session14	741	-0.11682756656699417
subj03	session14	742	0.5090887085291186
subj03	session14	743	0.28271393991171867
subj03	session14	744	0.45047130855759643
subj03	session14	745	0.7837263277801508
subj03	session14	746	0.4901480848640182
subj03	session14	747	0.06586786273672222
subj03	session14	748	0.1291898049266695
subj03	session14	749	0.15125729745123165
subj03	session15	0	0.20937633489961555
subj03	session15	1	0.18937348711376906
subj03	session15	2	-0.020954008258578936
subj03	session15	3	0.16593763348996154
subj03	session15	4	0.12089705254164886
subj03	session15	5	0.5378727039726612
subj03	session15	6	0.474556457354407
subj03	session15	7	0.9044297308842375
subj03	session15	8	0.7008272817884095
subj03	session15	9	0.5136067207745978
subj03	session15	10	0.41893065641463756
subj03	session15	11	0.5711391143386019
subj03	session15	12	0.2117328776875979
subj03	session15	13	0.10437135127438416
subj03	session15	14	-0.003149651146233822
subj03	session15	15	-0.03354834116474439
subj03	session15	16	0.08515306848924961
subj03	session15	17	0.032834970810195055
subj03	session15	18	0.015208600313256458
subj03	session15	19	0.5125815178698562
subj03	session15	20	0.31231240210736155
subj03	session15	21	0.06687740281930799
subj03	session15	22	-0.005561725758222986
subj03	session15	23	-0.2189762209881817
subj03	session15	24	0.11754948027908299
subj03	session15	25	0.15789406236651007
subj03	session15	26	0.1858877972376477
subj03	session15	27	0.2853865869286629
subj03	session15	28	0.10559447529545776
subj03	session15	29	0.1857098106222412
subj03	session15	30	-0.00905880677773035
subj03	session15	31	0.5027338744126442
subj03	session15	32	0.7423479994304428
subj03	session15	33	0.5176534244624804
subj03	session15	34	0.39180976790545347
subj03	session15	35	-0.13795386586928665
subj03	session15	36	0.011096397550904188
subj03	session15	37	0.13674640467036878
subj03	session15	38	0.3573059945892069
subj03	session15	39	-0.18461483696426031
subj03	session15	40	0.22584508044995014
subj03	session15	41	0.2371678769756514
subj03	session15	42	0.9806934358536238
subj03	session15	43	1.161964972234088
subj03	session15	44	0.6800313256443116
subj03	session15	45	0.10222839242488965
subj03	session15	46	0.0747842802221273
subj03	session15	47	0.08257724619108645
subj03	session15	48	0.02875409369215435
subj03	session15	49	0.2971721486544212
subj03	session15	50	0.305081873843087
subj03	session15	51	0.0038858037875551628
subj03	session15	52	-0.08612843514167735
subj03	session15	53	-0.013921401110636491
subj03	session15	54	0.2765883525558878
subj03	session15	55	0.34710522568702834
subj03	session15	56	0.09238359675352414
subj03	session15	57	0.03513740566709384
subj03	session15	58	0.1845294033888652
subj03	session15	59	0.29701979211163315
subj03	session15	60	-0.05049551473729175
subj03	session15	61	0.3547102377901181
subj03	session15	62	0.2791072191371209
subj03	session15	63	0.3607446959988609
subj03	session15	64	0.7453225117471166
subj03	session15	65	0.7650092553040011
subj03	session15	66	0.46935640039869003
subj03	session15	67	0.1942773743414495
subj03	session15	68	0.4505837960985334
subj03	session15	69	0.8787569414780009
subj03	session15	70	0.9020646447387157
subj03	session15	71	0.35342303858749824
subj03	session15	72	0.29099102947458355
subj03	session15	73	-0.16032891926527126
subj03	session15	74	0.0053979780720489895
subj03	session15	75	-0.08875409369215433
subj03	session15	76	0.409870425743984
subj03	session15	77	0.2583867293179553
subj03	session15	78	0.3616930086857468
subj03	session15	79	0.09910294745835112
subj03	session15	80	0.016209597038302704
subj03	session15	81	0.2079453225117471
subj03	session15	82	0.3089178413783284
subj03	session15	83	-0.017384308699985744
subj03	session15	84	0.052194218994731596
subj03	session15	85	0.7139285205752528
subj03	session15	86	0.4474398405239926
subj03	session15	87	0.5625145949024634
subj03	session15	88	0.4486800512601453
subj03	session15	89	0.23698846646732163
subj03	session15	90	0.05370496938630215
subj03	session15	91	-0.24842802221272964
subj03	session15	92	-0.2994646162608572
subj03	session15	93	-0.12761640324647586
subj03	session15	94	-0.10491100669229675
subj03	session15	95	0.04494233233660829
subj03	session15	96	0.2516844653282073
subj03	session15	97	0.20084864018225831
subj03	session15	98	0.5893692154349993
subj03	session15	99	0.5846575537519578
subj03	session15	100	0.3466025914851203
subj03	session15	101	0.2749950163747686
subj03	session15	102	0.4271151929374912
subj03	session15	103	0.17711804072333764
subj03	session15	104	0.08289762209881817
subj03	session15	105	-0.026910152356542785
subj03	session15	106	0.11235939057382884
subj03	session15	107	0.14568702833546915
subj03	session15	108	0.5008571835397978
subj03	session15	109	0.21369357824291618
subj03	session15	110	0.16524419763633777
subj03	session15	111	-0.13927523850206464
subj03	session15	112	-0.1762039014666097
subj03	session15	113	0.18532393564003985
subj03	session15	114	0.49479994304428315
subj03	session15	115	0.5497778727039726
subj03	session15	116	0.6601765627224833
subj03	session15	117	0.619841947885519
subj03	session15	118	0.4365484835540367
subj03	session15	119	0.6473771892353696
subj03	session15	120	0.6430613697849922
subj03	session15	121	0.13843514167734589
subj03	session15	122	0.05833262138687171
subj03	session15	123	0.23009397693293462
subj03	session15	124	-0.1138672931795529
subj03	session15	125	0.22938345436423183
subj03	session15	126	0.08981774170582371
subj03	session15	127	0.671129147088139
subj03	session15	128	0.6778356827566567
subj03	session15	129	0.450310408657269
subj03	session15	130	0.41325359532963113
subj03	session15	131	0.4994788551900896
subj03	session15	132	0.3182614267407091
subj03	session15	133	0.008539085860743275
subj03	session15	134	0.11616545635768187
subj03	session15	135	0.3710750391570554
subj03	session15	136	0.13645308272817885
subj03	session15	137	0.25395699843371783
subj03	session15	138	0.6645835113199487
subj03	session15	139	0.3294147800085434
subj03	session15	140	0.23770468460771751
subj03	session15	141	0.008883667948170321
subj03	session15	142	0.1568503488537662
subj03	session15	143	0.3427822867720347
subj03	session15	144	0.3697052541648868
subj03	session15	145	0.39373487113769046
subj03	session15	146	-0.07257155061939345
subj03	session15	147	0.11346148369642603
subj03	session15	148	0.07936209597038303
subj03	session15	149	-0.15009967250462766
subj03	session15	150	0.2929830556742133
subj03	session15	151	0.527204898191656
subj03	session15	152	0.16265128862309552
subj03	session15	153	-0.10320091129147087
subj03	session15	154	0.19051402534529407
subj03	session15	155	0.20159048839527272
subj03	session15	156	0.0394375622953154
subj03	session15	157	0.1152783710664958
subj03	session15	158	-0.254935212871992
subj03	session15	159	0.36338459347857044
subj03	session15	160	0.4015847928235797
subj03	session15	161	0.422625658550477
subj03	session15	162	0.2632621386871707
subj03	session15	163	0.3400469884664673
subj03	session15	164	0.20295457781574824
subj03	session15	165	-0.009695286914424037
subj03	session15	166	0.7105311120603731
subj03	session15	167	0.6009397693293465
subj03	session15	168	0.36644596326356255
subj03	session15	169	0.7115947600740424
subj03	session15	170	0.2162750961127723
subj03	session15	171	-0.1444966538516304
subj03	session15	172	-0.4602933219421899
subj03	session15	173	-0.07443685034885379
subj03	session15	174	0.6388665812330913
subj03	session15	175	0.5501423892923252
subj03	session15	176	0.2910323223693578
subj03	session15	177	0.28051829702406383
subj03	session15	178	-0.09249608429446109
subj03	session15	179	0.696521429588495
subj03	session15	180	0.38072760928378196
subj03	session15	181	-0.09921970667805782
subj03	session15	182	0.3013541221700128
subj03	session15	183	0.12115050548198776
subj03	session15	184	-0.09076890217855618
subj03	session15	185	0.711530684892496
subj03	session15	186	0.9518482130143813
subj03	session15	187	0.17189520148084866
subj03	session15	188	0.17265413640894203
subj03	session15	189	-0.3874426883098391
subj03	session15	190	-0.0995386586928663
subj03	session15	191	0.09697565143101239
subj03	session15	192	0.15189235369500215
subj03	session15	193	0.07138829560017085
subj03	session15	194	-0.15669372063220852
subj03	session15	195	-0.07867720347429871
subj03	session15	196	0.00516445963263564
subj03	session15	197	0.299666809055959
subj03	session15	198	0.047247614979353585
subj03	session15	199	0.3310565285490531
subj03	session15	200	0.6736565570269115
subj03	session15	201	0.6426085718353979
subj03	session15	202	0.5379225402249751
subj03	session15	203	0.3231767051117756
subj03	session15	204	0.19248184536522858
subj03	session15	205	0.2021429588494945
subj03	session15	206	0.5724875409369216
subj03	session15	207	0.1078242916132707
subj03	session15	208	-0.05255304001139115
subj03	session15	209	0.5452698277089563
subj03	session15	210	0.6612900469884664
subj03	session15	211	0.5578499216858892
subj03	session15	212	0.5616075751103518
subj03	session15	213	0.10984337177844228
subj03	session15	214	0.0059105795244197784
subj03	session15	215	-0.024220418624519405
subj03	session15	216	0.3744923821728606
subj03	session15	217	0.12433575395130281
subj03	session15	218	0.26970240637904025
subj03	session15	219	0.039446105652854904
subj03	session15	220	0.11040011391143378
subj03	session15	221	0.8650064075181545
subj03	session15	222	0.9544966538516303
subj03	session15	223	0.3312857753096967
subj03	session15	224	0.3024718781147658
subj03	session15	225	0.41618966253737716
subj03	session15	226	0.7033703545493378
subj03	session15	227	0.8593264986473017
subj03	session15	228	-0.23475865014950878
subj03	session15	229	-0.47790545350989605
subj03	session15	230	-0.7055076178271393
subj03	session15	231	-0.5120817314537947
subj03	session15	232	-0.04047558023636622
subj03	session15	233	0.03127153638046422
subj03	session15	234	0.23850206464473872
subj03	session15	235	0.16336608287056809
subj03	session15	236	0.5392182827851345
subj03	session15	237	0.9329004698846645
subj03	session15	238	0.48827993734871133
subj03	session15	239	0.1040908443685035
subj03	session15	240	-0.0314765769614125
subj03	session15	241	-0.12142389292325217
subj03	session15	242	0.26654848355403676
subj03	session15	243	0.3662551616118468
subj03	session15	244	0.42168161754236083
subj03	session15	245	0.44791399686743555
subj03	session15	246	0.5899572832123025
subj03	session15	247	0.444760074042432
subj03	session15	248	0.6418111917983768
subj03	session15	249	0.6517798661540651
subj03	session15	250	0.014930941193222252
subj03	session15	251	0.412958849494518
subj03	session15	252	0.21243200911291468
subj03	session15	253	0.6298049266695145
subj03	session15	254	0.8354577815748256
subj03	session15	255	0.8369016089990032
subj03	session15	256	0.5285490531112061
subj03	session15	257	-0.0478271393991172
subj03	session15	258	-0.1895301153353268
subj03	session15	259	-0.25616972803645166
subj03	session15	260	0.09620532535953298
subj03	session15	261	0.31623807489676775
subj03	session15	262	0.7168218709953011
subj03	session15	263	0.6042702548768333
subj03	session15	264	0.27238074896767756
subj03	session15	265	0.5377502491812616
subj03	session15	266	0.37635768190232094
subj03	session15	267	0.18586216716502918
subj03	session15	268	0.3679353552612843
subj03	session15	269	0.23252883383169587
subj03	session15	270	0.03634629075893492
subj03	session15	271	0.06838815321087856
subj03	session15	272	0.23877972376477288
subj03	session15	273	0.1727039726612559
subj03	session15	274	0.15836821870995302
subj03	session15	275	-0.09346433148227251
subj03	session15	276	-0.0007304570696283673
subj03	session15	277	0.1887498220133846
subj03	session15	278	0.6557254734443969
subj03	session15	279	0.7017129431866724
subj03	session15	280	0.28206606863163886
subj03	session15	281	0.023041435284066603
subj03	session15	282	0.3821287199202621
subj03	session15	283	0.49059661113484265
subj03	session15	284	0.3108728463619536
subj03	session15	285	0.2533276377616403
subj03	session15	286	0.04274953723479993
subj03	session15	287	-0.031581945037733164
subj03	session15	288	-0.1456087142246903
subj03	session15	289	0.053186672362238355
subj03	session15	290	0.1787512459063078
subj03	session15	291	0.4901950733304855
subj03	session15	292	0.32849067350135264
subj03	session15	293	0.25644453937063927
subj03	session15	294	0.2509953011533533
subj03	session15	295	0.37792681190374483
subj03	session15	296	0.3741235939057383
subj03	session15	297	0.2870852911861028
subj03	session15	298	0.23645450662110207
subj03	session15	299	0.23095685604442548
subj03	session15	300	0.16899757938203047
subj03	session15	301	0.1776391855332479
subj03	session15	302	0.27640609426171153
subj03	session15	303	0.40451943613840236
subj03	session15	304	0.3513640894204756
subj03	session15	305	0.29268546205325363
subj03	session15	306	0.12877545208600313
subj03	session15	307	0.07046846077174998
subj03	session15	308	0.17856329204043855
subj03	session15	309	0.43433575395130286
subj03	session15	310	0.3527879823437277
subj03	session15	311	0.41797522426313544
subj03	session15	312	0.3057212017656272
subj03	session15	313	0.31119749394845503
subj03	session15	314	0.5504371351274384
subj03	session15	315	0.259982913284921
subj03	session15	316	0.17525274099387725
subj03	session15	317	0.03545493378897904
subj03	session15	318	-0.27810907019792114
subj03	session15	319	-0.3504698846646732
subj03	session15	320	0.014109354976505737
subj03	session15	321	0.06635056243770471
subj03	session15	322	0.08251601879538657
subj03	session15	323	-0.2646333475722626
subj03	session15	324	-0.09584080877118037
subj03	session15	325	0.001589064502349435
subj03	session15	326	-0.025734016801936484
subj03	session15	327	-0.06196070055531824
subj03	session15	328	0.5586487256158338
subj03	session15	329	0.48103232236935767
subj03	session15	330	1.0397422753808914
subj03	session15	331	1.1050832977360103
subj03	session15	332	0.5194532251174712
subj03	session15	333	0.12184536522853481
subj03	session15	334	0.16303289192652712
subj03	session15	335	0.14146945749679624
subj03	session15	336	0.1910721913712089
subj03	session15	337	0.48245336750676343
subj03	session15	338	0.6950576676633917
subj03	session15	339	0.8488893635198631
subj03	session15	340	1.1251345578812473
subj03	session15	341	0.7719977217713228
subj03	session15	342	0.2555004983625231
subj03	session15	343	-0.03016659547202051
subj03	session15	344	-0.27989178413783283
subj03	session15	345	-0.12162750961127719
subj03	session15	346	0.0682343727751673
subj03	session15	347	0.17715933361811192
subj03	session15	348	-0.07593763348996155
subj03	session15	349	0.4822355118895059
subj03	session15	350	0.345855047700413
subj03	session15	351	0.07035882101665954
subj03	session15	352	0.11090417200626511
subj03	session15	353	0.33710664957995157
subj03	session15	354	0.37922540224975076
subj03	session15	355	-0.022689733732023362
subj03	session15	356	-0.035295457781574814
subj03	session15	357	-0.547859888936352
subj03	session15	358	-0.0702961697280364
subj03	session15	359	-0.06289477431297166
subj03	session15	360	0.05862024775736864
subj03	session15	361	0.4538729887512459
subj03	session15	362	0.15089278086287908
subj03	session15	363	0.016757795813754837
subj03	session15	364	0.6149636907304571
subj03	session15	365	0.47476007404243203
subj03	session15	366	0.2630271963548341
subj03	session15	367	0.42123309127153635
subj03	session15	368	0.5215933361811191
subj03	session15	369	0.31408942047558025
subj03	session15	370	0.5374668944895344
subj03	session15	371	0.691903744838388
subj03	session15	372	0.5014281646020219
subj03	session15	373	0.11878826712231237
subj03	session15	374	0.18158906450234943
subj03	session15	375	-0.08755944752954575
subj03	session15	376	-0.17130428591769903
subj03	session15	377	-0.21923252171436708
subj03	session15	378	0.05466324932365085
subj03	session15	379	0.43984764345721206
subj03	session15	380	0.34073045706962835
subj03	session15	381	0.16228534814181972
subj03	session15	382	0.5381987754520859
subj03	session15	383	0.4538587498220134
subj03	session15	384	0.6672533105510465
subj03	session15	385	0.7854805638615977
subj03	session15	386	0.5436124163462909
subj03	session15	387	0.5407817172148653
subj03	session15	388	0.06414637619251037
subj03	session15	389	0.03286344866866015
subj03	session15	390	0.39703545493378894
subj03	session15	391	0.5436209597038303
subj03	session15	392	0.5800313256443116
subj03	session15	393	0.4261341307133703
subj03	session15	394	0.2947671935070483
subj03	session15	395	-0.020324647586501512
subj03	session15	396	-0.11577958137548054
subj03	session15	397	0.1041791257297451
subj03	session15	398	-0.0715990317528122
subj03	session15	399	-0.06069058806777729
subj03	session15	400	0.09250320375907735
subj03	session15	401	0.15234372775167307
subj03	session15	402	-0.07967820019934503
subj03	session15	403	-0.08994446817599315
subj03	session15	404	-0.23785561725758225
subj03	session15	405	-0.0973116901608999
subj03	session15	406	0.41683326213868716
subj03	session15	407	0.0649508756941478
subj03	session15	408	0.17272533105510465
subj03	session15	409	0.2747145094688879
subj03	session15	410	0.2730400113911434
subj03	session15	411	0.699514452513171
subj03	session15	412	0.6431026626797666
subj03	session15	413	0.6396169728036452
subj03	session15	414	0.4233418766908728
subj03	session15	415	0.2768788267122313
subj03	session15	416	0.3824918126156913
subj03	session15	417	0.478046418909298
subj03	session15	418	0.22080877118040723
subj03	session15	419	-0.05437704684607718
subj03	session15	420	0.2855118895059092
subj03	session15	421	0.3615961839669657
subj03	session15	422	-0.0634201908016517
subj03	session15	423	0.37624377046846075
subj03	session15	424	0.02105937633489957
subj03	session15	425	-0.3599444681759931
subj03	session15	426	0.13948312686885944
subj03	session15	427	-0.009995728321230222
subj03	session15	428	0.42385020646447386
subj03	session15	429	0.6364929517300298
subj03	session15	430	0.311275808059234
subj03	session15	431	0.3060116759219707
subj03	session15	432	0.24825003559732306
subj03	session15	433	0.21040296169728037
subj03	session15	434	0.050216431724334334
subj03	session15	435	0.19198348284209024
subj03	session15	436	0.2915107503915705
subj03	session15	437	0.5031952157197779
subj03	session15	438	0.4194788551900897
subj03	session15	439	0.47408799658265705
subj03	session15	440	0.31318240068346864
subj03	session15	441	0.41537946746404675
subj03	session15	442	0.377736010252029
subj03	session15	443	0.2918838103374626
subj03	session15	444	0.8188808201623238
subj03	session15	445	0.5338986188238645
subj03	session15	446	0.5914922397835684
subj03	session15	447	-0.03501352698277086
subj03	session15	448	0.3352071764203332
subj03	session15	449	0.42663676491527824
subj03	session15	450	0.33157055389434714
subj03	session15	451	-0.16560871422469028
subj03	session15	452	-0.25728606008828137
subj03	session15	453	-0.28298875124590633
subj03	session15	454	-0.2249636907304571
subj03	session15	455	-0.562580093976933
subj03	session15	456	0.21095827993734867
subj03	session15	457	0.3346860316104229
subj03	session15	458	0.5727481133418767
subj03	session15	459	0.6148597465470597
subj03	session15	460	1.140378755517585
subj03	session15	461	0.4008756941478001
subj03	session15	462	0.5182827851345579
subj03	session15	463	0.2322597180692012
subj03	session15	464	0.02781147657696142
subj03	session15	465	-0.02661113484265984
subj03	session15	466	0.2057112345151645
subj03	session15	467	0.4676747828563293
subj03	session15	468	0.23352698277089565
subj03	session15	469	-0.2965570269115762
subj03	session15	470	0.35392140111063647
subj03	session15	471	0.2930485547486829
subj03	session15	472	0.3346974227538089
subj03	session15	473	0.4755759646874555
subj03	session15	474	0.39892353695002136
subj03	session15	475	0.33443115477716073
subj03	session15	476	0.6438601737149366
subj03	session15	477	0.5124106507190659
subj03	session15	478	0.7604086572689734
subj03	session15	479	0.7300783141107788
subj03	session15	480	0.5801794105083298
subj03	session15	481	0.2958678627367222
subj03	session15	482	-0.05103374626228108
subj03	session15	483	-0.27760216431724327
subj03	session15	484	-0.3326299302292468
subj03	session15	485	-0.18595472020504056
subj03	session15	486	0.23153353267834262
subj03	session15	487	0.0632948882244055
subj03	session15	488	0.1565826569841948
subj03	session15	489	-0.02329061654563579
subj03	session15	490	0.04829132849209739
subj03	session15	491	0.10352698277089563
subj03	session15	492	0.3062608571835398
subj03	session15	493	0.33233233660828704
subj03	session15	494	0.36353695002135844
subj03	session15	495	0.6076762067492525
subj03	session15	496	0.13632635625800943
subj03	session15	497	0.34647301722910434
subj03	session15	498	0.6267122312402108
subj03	session15	499	0.5055417912572975
subj03	session15	500	-0.22250747543784713
subj03	session15	501	0.045852199914566426
subj03	session15	502	0.2274697422753809
subj03	session15	503	0.44092980207888366
subj03	session15	504	0.5104243200911291
subj03	session15	505	0.21196070055531824
subj03	session15	506	0.25438986188238644
subj03	session15	507	-0.11589918838103377
subj03	session15	508	-0.4842189947315962
subj03	session15	509	0.6292496084294462
subj03	session15	510	0.8903602449095831
subj03	session15	511	0.140017086715079
subj03	session15	512	0.2536579809198348
subj03	session15	513	0.4280037021216005
subj03	session15	514	0.5377559447529546
subj03	session15	515	0.24519151359817742
subj03	session15	516	0.5814381318524846
subj03	session15	517	0.017536665242773742
subj03	session15	518	-0.3863562580093977
subj03	session15	519	0.1279908870852912
subj03	session15	520	0.43828705681332775
subj03	session15	521	0.32321372632778017
subj03	session15	522	1.051512174284494
subj03	session15	523	0.5234515164459633
subj03	session15	524	0.45833119749394846
subj03	session15	525	0.8307361526413214
subj03	session15	526	0.42627794389861884
subj03	session15	527	0.5480008543357539
subj03	session15	528	0.295160187953866
subj03	session15	529	0.23376192510323224
subj03	session15	530	0.17516018795386587
subj03	session15	531	-0.39312971664530827
subj03	session15	532	-0.04552612843514167
subj03	session15	533	0.3029446105652855
subj03	session15	534	-0.11260430015662823
subj03	session15	535	-0.18888224405524706
subj03	session15	536	-0.013542645593051397
subj03	session15	537	0.06420475580236364
subj03	session15	538	0.43874697422753806
subj03	session15	539	0.5770795956144097
subj03	session15	540	0.14933219421899477
subj03	session15	541	-0.3379980065499075
subj03	session15	542	0.14883240780293325
subj03	session15	543	-0.3451060800227823
subj03	session15	544	-0.04373914281646018
subj03	session15	545	0.08430442830699132
subj03	session15	546	0.3683781859604157
subj03	session15	547	0.5054990744696
subj03	session15	548	0.23999003274953726
subj03	session15	549	0.16192937491100667
subj03	session15	550	0.07525843656557027
subj03	session15	551	0.40428164602021927
subj03	session15	552	0.20009682471878112
subj03	session15	553	0.2973544069485975
subj03	session15	554	0.6928990459917413
subj03	session15	555	0.938752669799231
subj03	session15	556	0.5344510892780864
subj03	session15	557	0.4687526697992311
subj03	session15	558	0.21753951302862023
subj03	session15	559	0.2382785134557881
subj03	session15	560	-0.02817029759362097
subj03	session15	561	0.41643884379894636
subj03	session15	562	0.28354264559305137
subj03	session15	563	0.21866438843798947
subj03	session15	564	0.33071479424747263
subj03	session15	565	0.20443969813470025
subj03	session15	566	0.22491385447814324
subj03	session15	567	0.49575252740993875
subj03	session15	568	0.5483326213868717
subj03	session15	569	1.040213583938488
subj03	session15	570	0.7360942617115193
subj03	session15	571	0.2906037305994589
subj03	session15	572	0.2805866438843799
subj03	session15	573	-0.12188523423038584
subj03	session15	574	0.024304428306991307
subj03	session15	575	-0.13758222981631782
subj03	session15	576	-0.16335753951302862
subj03	session15	577	-0.03457781574825574
subj03	session15	578	0.19765057667663388
subj03	session15	579	0.19645593051402532
subj03	session15	580	0.7042474725900613
subj03	session15	581	0.7095343870140965
subj03	session15	582	0.4267606435996013
subj03	session15	583	0.3431197493948455
subj03	session15	584	0.21966396127011245
subj03	session15	585	0.0060885661398262835
subj03	session15	586	0.15532393564003988
subj03	session15	587	0.16361526413213728
subj03	session15	588	-0.18853623807489678
subj03	session15	589	-0.3372063220845793
subj03	session15	590	0.04117471166168304
subj03	session15	591	0.3721329915990318
subj03	session15	592	0.17406379040296166
subj03	session15	593	0.2787612131567706
subj03	session15	594	0.1269386302150078
subj03	session15	595	0.01582799373487114
subj03	session15	596	-0.03514310123878686
subj03	session15	597	0.08050975366652428
subj03	session15	598	-0.056712231240210756
subj03	session15	599	0.1570938345436423
subj03	session15	600	-0.007558023636622542
subj03	session15	601	0.6150391570553894
subj03	session15	602	0.70345009255304
subj03	session15	603	0.5512060373059946
subj03	session15	604	0.3992197066780578
subj03	session15	605	0.5758422326641036
subj03	session15	606	0.2126697992310978
subj03	session15	607	-0.24201338459347854
subj03	session15	608	-0.14026484408372486
subj03	session15	609	0.30638473586786275
subj03	session15	610	0.2449394845507618
subj03	session15	611	0.37779866154065217
subj03	session15	612	0.9040210736152642
subj03	session15	613	0.3987697565143101
subj03	session15	614	0.08807774455360957
subj03	session15	615	-0.38305282642745264
subj03	session15	616	-0.11002563007261856
subj03	session15	617	0.32188523423038584
subj03	session15	618	0.6662679766481561
subj03	session15	619	0.6865926242346575
subj03	session15	620	0.3507489676776306
subj03	session15	621	0.2621970667805781
subj03	session15	622	0.6352086003132564
subj03	session15	623	0.5566709383454364
subj03	session15	624	-0.2797707532393564
subj03	session15	625	0.43612416346290755
subj03	session15	626	0.577103801794105
subj03	session15	627	0.632370781717215
subj03	session15	628	0.9454463904314395
subj03	session15	629	0.8168702833546918
subj03	session15	630	0.5196582656984194
subj03	session15	631	0.09527409938772605
subj03	session15	632	0.03924391285775311
subj03	session15	633	0.10479567136551332
subj03	session15	634	-0.032224120746119904
subj03	session15	635	0.24344439698134698
subj03	session15	636	0.030133845934785707
subj03	session15	637	0.4937633489961554
subj03	session15	638	0.6862352271109212
subj03	session15	639	0.6009796383311975
subj03	session15	640	0.5381859604157768
subj03	session15	641	0.7865242773743414
subj03	session15	642	0.7082614267407091
subj03	session15	643	0.836707959561441
subj03	session15	644	0.31490531112060377
subj03	session15	645	-0.23407375765342447
subj03	session15	646	-0.09174996440267695
subj03	session15	647	0.02229958707105225
subj03	session15	648	0.1529787839954435
subj03	session15	649	0.16173714936636766
subj03	session15	650	-0.22120034173430156
subj03	session15	651	-0.1955517585077602
subj03	session15	652	-0.0037576534244624623
subj03	session15	653	-0.2974369927381461
subj03	session15	654	-0.46122454791399686
subj03	session15	655	-0.059121458066353424
subj03	session15	656	-0.08615691300014237
subj03	session15	657	0.09950306136978501
subj03	session15	658	0.4741577673358963
subj03	session15	659	0.596357681902321
subj03	session15	660	0.13101665954720204
subj03	session15	661	0.007019792111633182
subj03	session15	662	-0.023306279367791533
subj03	session15	663	0.4379139968674356
subj03	session15	664	0.3581019507333048
subj03	session15	665	0.5313640894204756
subj03	session15	666	0.15432436280791684
subj03	session15	667	0.3206692296739285
subj03	session15	668	0.12738573259290903
subj03	session15	669	0.0284166310693436
subj03	session15	670	0.16210593763348996
subj03	session15	671	0.3709668232948882
subj03	session15	672	0.24505339598462197
subj03	session15	673	0.31842802221272964
subj03	session15	674	0.5391257297451232
subj03	session15	675	0.6881119179837676
subj03	session15	676	0.5182115904883953
subj03	session15	677	0.7644781432436282
subj03	session15	678	0.4940808771180408
subj03	session15	679	0.07046846077174997
subj03	session15	680	-0.05032749537234799
subj03	session15	681	0.19520290474156343
subj03	session15	682	0.04549195500498364
subj03	session15	683	-0.03405809483126868
subj03	session15	684	0.0946418909298021
subj03	session15	685	0.562648440837249
subj03	session15	686	0.6117058237220561
subj03	session15	687	0.34237220561013815
subj03	session15	688	0.0624775736864588
subj03	session15	689	0.25806350562437697
subj03	session15	690	0.15172148654421186
subj03	session15	691	0.5526242346575537
subj03	session15	692	0.8022141534956572
subj03	session15	693	0.5302093122597181
subj03	session15	694	-0.0730158052114481
subj03	session15	695	0.5137177844226114
subj03	session15	696	0.6620034173430158
subj03	session15	697	0.23688309839100097
subj03	session15	698	-0.3734002563007262
subj03	session15	699	-0.07898476434572119
subj03	session15	700	0.2732379325074754
subj03	session15	701	0.14569841947885515
subj03	session15	702	0.49775024918126165
subj03	session15	703	0.22552470454221846
subj03	session15	704	0.1635098960558166
subj03	session15	705	0.2304527979495942
subj03	session15	706	0.3086544211875267
subj03	session15	707	0.6927367221984907
subj03	session15	708	0.7771949309411932
subj03	session15	709	0.25647301722910437
subj03	session15	710	0.5255318240068346
subj03	session15	711	-0.007280364516588369
subj03	session15	712	0.19708386729317956
subj03	session15	713	0.43169728036451666
subj03	session15	714	-0.0015135981774170415
subj03	session15	715	-0.07824861170439984
subj03	session15	716	-0.0794090844368504
subj03	session15	717	-0.04418482130143815
subj03	session15	718	0.3468645877829988
subj03	session15	719	0.37292894774312974
subj03	session15	720	0.5632920404385591
subj03	session15	721	0.36837249038872283
subj03	session15	722	0.2618054962266837
subj03	session15	723	0.10359390573828849
subj03	session15	724	-0.00012245479139967857
subj03	session15	725	0.0874611989178414
subj03	session15	726	0.18145806635341022
subj03	session15	727	0.17283781859604158
subj03	session15	728	0.09499359248184536
subj03	session15	729	0.27105368076320663
subj03	session15	730	-0.09626797664815606
subj03	session15	731	-0.3633589634059518
subj03	session15	732	0.6804627652000569
subj03	session15	733	0.5970126726470169
subj03	session15	734	0.12168731311405385
subj03	session15	735	-0.17788409511604727
subj03	session15	736	-0.08931368361099244
subj03	session15	737	0.2315990317528122
subj03	session15	738	0.30599601309981483
subj03	session15	739	0.2225473444396981
subj03	session15	740	0.2786871707247615
subj03	session15	741	0.44747686173999723
subj03	session15	742	0.4532023351843942
subj03	session15	743	0.3974982201338459
subj03	session15	744	0.6808756941478001
subj03	session15	745	0.6299800654990745
subj03	session15	746	0.5283582514594903
subj03	session15	747	0.45063932792254024
subj03	session15	748	0.6680449950163748
subj03	session15	749	0.5773501352698277
subj03	session16	0	0.5139513028620248
subj03	session16	1	0.3787583653709241
subj03	session16	2	-0.08899757938203047
subj03	session16	3	-0.12083297736010247
subj03	session16	4	0.029006122739569967
subj03	session16	5	0.7229616972803645
subj03	session16	6	0.5078556172575822
subj03	session16	7	0.32898191655987463
subj03	session16	8	0.37133988324078027
subj03	session16	9	0.3312430585219991
subj03	session16	10	0.38034173430158047
subj03	session16	11	0.1396369073045707
subj03	session16	12	0.23370212160045561
subj03	session16	13	0.27479994304428307
subj03	session16	14	0.42707959561440983
subj03	session16	15	0.40614836964260287
subj03	session16	16	0.32597892638473586
subj03	session16	17	0.14801936494375623
subj03	session16	18	-0.4351772746689449
subj03	session16	19	0.46607717499644025
subj03	session16	20	0.1631937918268546
subj03	session16	21	0.6589591342731027
subj03	session16	22	0.41900897052541647
subj03	session16	23	0.1441449522995871
subj03	session16	24	-0.16578670084009683
subj03	session16	25	-0.016105652854905318
subj03	session16	26	0.37301580521144817
subj03	session16	27	0.27649437562295315
subj03	session16	28	-0.1549223978356828
subj03	session16	29	0.28157767335896344
subj03	session16	30	0.2820646447387156
subj03	session16	31	0.136397550904172
subj03	session16	32	-0.11331482272533107
subj03	session16	33	0.3097081019507333
subj03	session16	34	0.525872134415492
subj03	session16	35	0.08722340879965826
subj03	session16	36	0.5627039726612558
subj03	session16	37	0.2527068204471024
subj03	session16	38	0.05452940338886514
subj03	session16	39	0.057862736722198486
subj03	session16	40	0.10640751815463474
subj03	session16	41	-0.06444681759931653
subj03	session16	42	0.15935212871992024
subj03	session16	43	0.11866723622383595
subj03	session16	44	0.20789406236651004
subj03	session16	45	-0.12000427167876973
subj03	session16	46	0.049505909155631474
subj03	session16	47	0.38746547059661113
subj03	session16	48	0.1178413783283497
subj03	session16	49	-0.031795528976220976
subj03	session16	50	0.16876833262138685
subj03	session16	51	0.41242488964829843
subj03	session16	52	0.3304385590203617
subj03	session16	53	0.5793293464331483
subj03	session16	54	0.45855759646874555
subj03	session16	55	0.3679965826569842
subj03	session16	56	0.24507475437847076
subj03	session16	57	0.3239441833974085
subj03	session16	58	0.12187811476576961
subj03	session16	59	0.4084878257155062
subj03	session16	60	0.426211020931226
subj03	session16	61	0.47751103517015525
subj03	session16	62	0.12436423180976793
subj03	session16	63	-0.21967962409226827
subj03	session16	64	0.3444197636337748
subj03	session16	65	0.3460942617115193
subj03	session16	66	0.34164744411220277
subj03	session16	67	0.3751573401680194
subj03	session16	68	0.6338302719635484
subj03	session16	69	0.2762252598604585
subj03	session16	70	0.2709454649010395
subj03	session16	71	0.1907147942474726
subj03	session16	72	0.13723622383596756
subj03	session16	73	0.11665812330912717
subj03	session16	74	0.08816602591485123
subj03	session16	75	0.3435526128435142
subj03	session16	76	0.35960558166025913
subj03	session16	77	0.15116474441122027
subj03	session16	78	0.0455261284351417
subj03	session16	79	-0.14806350562437703
subj03	session16	80	-0.17540224975081878
subj03	session16	81	-0.20550619393421615
subj03	session16	82	-0.5145721201765627
subj03	session16	83	0.10662394987896912
subj03	session16	84	0.17651858180264846
subj03	session16	85	0.038949167022639924
subj03	session16	86	0.2451630357397124
subj03	session16	87	0.0241534956571266
subj03	session16	88	0.47708956286487264
subj03	session16	89	1.0739327922540225
subj03	session16	90	0.8497593620959704
subj03	session16	91	0.44253168161754236
subj03	session16	92	0.29983910009967246
subj03	session16	93	0.434426883098391
subj03	session16	94	0.449186957140823
subj03	session16	95	0.7859960130998149
subj03	session16	96	0.5463206606863164
subj03	session16	97	-0.11764772889078742
subj03	session16	98	-0.0004798519151359839
subj03	session16	99	0.10673358963405952
subj03	session16	100	0.317905453509896
subj03	session16	101	0.3392681190374484
subj03	session16	102	0.5450647871280079
subj03	session16	103	-0.2705610138117613
subj03	session16	104	-0.11729033176705114
subj03	session16	105	0.19172575822298163
subj03	session16	106	-0.08292182827851348
subj03	session16	107	0.06532393564003987
subj03	session16	108	0.20707959561440975
subj03	session16	109	0.38770468460771745
subj03	session16	110	0.25820731880962555
subj03	session16	111	-0.18259148512031892
subj03	session16	112	-0.10839527267549476
subj03	session16	113	0.0594162039014666
subj03	session16	114	-0.233071337035455
subj03	session16	115	-0.1967649152783711
subj03	session16	116	0.2711761355546063
subj03	session16	117	0.42664815605866435
subj03	session16	118	0.7413968389577104
subj03	session16	119	0.16823010109639758
subj03	session16	120	0.0971806920119607
subj03	session16	121	0.2801509326498647
subj03	session16	122	0.2704542218425175
subj03	session16	123	0.4311889505909155
subj03	session16	124	0.5468802506051544
subj03	session16	125	0.2084864018225829
subj03	session16	126	0.43478000854335763
subj03	session16	127	0.2562936067207746
subj03	session16	128	0.45953153922825
subj03	session16	129	0.9372675494802791
subj03	session16	130	1.0466467321657411
subj03	session16	131	0.3125644311547772
subj03	session16	132	0.12241065071906596
subj03	session16	133	0.012309554321515015
subj03	session16	134	0.08461056528549055
subj03	session16	135	0.22980777445536096
subj03	session16	136	-0.03287626370496939
subj03	session16	137	-0.035365228534814164
subj03	session16	138	0.029732308130428587
subj03	session16	139	0.42309269542930367
subj03	session16	140	0.18240637904029616
subj03	session16	141	-0.1669784992168589
subj03	session16	142	-0.08864160615121743
subj03	session16	143	-0.18415919122881957
subj03	session16	144	0.140333190944041
subj03	session16	145	0.08667805781005268
subj03	session16	146	0.2868375338174569
subj03	session16	147	0.14910721913712086
subj03	session16	148	0.6272632778015094
subj03	session16	149	0.3998860885661399
subj03	session16	150	0.379023209454649
subj03	session16	151	0.14146660971094976
subj03	session16	152	0.1893037163605297
subj03	session16	153	-0.2359817741705824
subj03	session16	154	-0.0971721486544212
subj03	session16	155	0.4424006834686032
subj03	session16	156	0.4922910437135128
subj03	session16	157	1.0428079168446531
subj03	session16	158	0.3093578242916133
subj03	session16	159	0.31391997721771325
subj03	session16	160	0.19789406236651003
subj03	session16	161	0.10543784707390005
subj03	session16	162	0.04889221130570979
subj03	session16	163	0.026945749679624084
subj03	session16	164	0.08771892353695003
subj03	session16	165	-0.08400541079310837
subj03	session16	166	-0.06119322226968531
subj03	session16	167	0.17798091983482842
subj03	session16	168	0.30910009967250457
subj03	session16	169	0.09527409938772605
subj03	session16	170	0.17347572262565855
subj03	session16	171	0.012924676064359961
subj03	session16	172	-0.01915847928235797
subj03	session16	173	0.26699131425316813
subj03	session16	174	0.5564459632635627
subj03	session16	175	0.5685960415776734
subj03	session16	176	0.1622711092125872
subj03	session16	177	0.24311547771607575
subj03	session16	178	0.5135768190232094
subj03	session16	179	0.4264602021927951
subj03	session16	180	0.062318097679054545
subj03	session16	181	-0.15917271821159049
subj03	session16	182	0.5936394703118326
subj03	session16	183	0.2667065356685177
subj03	session16	184	0.17806920119607006
subj03	session16	185	0.24810479851915143
subj03	session16	186	0.628514879681048
subj03	session16	187	0.26806350562437703
subj03	session16	188	0.3496853196639612
subj03	session16	189	0.12931368361099246
subj03	session16	190	0.34977502491812623
subj03	session16	191	0.503122597180692
subj03	session16	192	0.6672390716218141
subj03	session16	193	0.26645165883525557
subj03	session16	194	0.30057382884807066
subj03	session16	195	0.42901751388295595
subj03	session16	196	0.39428734159191225
subj03	session16	197	0.6163220845792396
subj03	session16	198	0.43905453509896053
subj03	session16	199	-0.19040153780435712
subj03	session16	200	-0.07084864018225832
subj03	session16	201	0.6298917841378328
subj03	session16	202	-0.02978499216858892
subj03	session16	203	0.38635056243770466
subj03	session16	204	0.5572817884095116
subj03	session16	205	0.21118325501922253
subj03	session16	206	0.05676776306421756
subj03	session16	207	0.009389149935924827
subj03	session16	208	0.07611989178413785
subj03	session16	209	-0.05091413925672788
subj03	session16	210	0.504240353125445
subj03	session16	211	0.13514025345294034
subj03	session16	212	-0.051608999003274966
subj03	session16	213	-0.28135269827708953
subj03	session16	214	-0.39008258578954863
subj03	session16	215	-0.34779296596895914
subj03	session16	216	-0.3201594760074042
subj03	session16	217	-0.15023351843941338
subj03	session16	218	0.25424747259006125
subj03	session16	219	0.5740523992595756
subj03	session16	220	0.8703915705538944
subj03	session16	221	0.25176847501067917
subj03	session16	222	-0.13375195785276947
subj03	session16	223	0.06957567990887088
subj03	session16	224	-0.014752954577815757
subj03	session16	225	0.08363092695429306
subj03	session16	226	0.22938203047130856
subj03	session16	227	-0.056794817029759394
subj03	session16	228	-0.10460771749964407
subj03	session16	229	-0.20348996155489105
subj03	session16	230	0.038405239925957554
subj03	session16	231	0.40776306421757086
subj03	session16	232	0.23746262281076466
subj03	session16	233	0.37528976220988186
subj03	session16	234	0.7048141819735156
subj03	session16	235	0.42857325929090134
subj03	session16	236	0.4514893919977218
subj03	session16	237	0.3475736864587783
subj03	session16	238	0.19837533817456926
subj03	session16	239	0.18521287199202616
subj03	session16	240	0.4418852342303859
subj03	session16	241	0.4989890360244909
subj03	session16	242	0.6112031895201482
subj03	session16	243	0.2625459205467749
subj03	session16	244	0.21076178271393992
subj03	session16	245	-0.22060088281361245
subj03	session16	246	-0.10690303289192653
subj03	session16	247	0.13501210308984765
subj03	session16	248	0.7602192795101808
subj03	session16	249	0.5059347857041151
subj03	session16	250	0.44883810337462626
subj03	session16	251	0.3538345436423181
subj03	session16	252	0.23506905880677773
subj03	session16	253	0.3292481845365228
subj03	session16	254	0.30190801651715793
subj03	session16	255	0.08217143670795954
subj03	session16	256	0.6215321087854193
subj03	session16	257	0.6122440552470454
subj03	session16	258	0.3802947458351132
subj03	session16	259	-0.07721486544211877
subj03	session16	260	0.20459632635625796
subj03	session16	261	0.5418980492666952
subj03	session16	262	0.6900868574683184
subj03	session16	263	0.3573330485547487
subj03	session16	264	0.47377189235369505
subj03	session16	265	0.5123280649295172
subj03	session16	266	0.23582656984194786
subj03	session16	267	-0.12639185533247901
subj03	session16	268	-0.41260857183539806
subj03	session16	269	-0.11161184678912149
subj03	session16	270	0.033334757226256576
subj03	session16	271	-0.13425459205467746
subj03	session16	272	-0.4561141962124448
subj03	session16	273	0.5187583653709241
subj03	session16	274	0.7870639327922541
subj03	session16	275	0.402258294176278
subj03	session16	276	0.4165100384451089
subj03	session16	277	0.34877545208600313
subj03	session16	278	-0.06665527552328065
subj03	session16	279	0.07592054677488252
subj03	session16	280	-0.18578812473302006
subj03	session16	281	0.04587782998718497
subj03	session16	282	0.09335469172718212
subj03	session16	283	0.10834401253025772
subj03	session16	284	-0.15407945322511743
subj03	session16	285	-0.011564858322654161
subj03	session16	286	0.3210693435853624
subj03	session16	287	0.22024775736864588
subj03	session16	288	0.37380464189092977
subj03	session16	289	0.559554321515022
subj03	session16	290	0.5659775024918127
subj03	session16	291	0.5356258009397693
subj03	session16	292	0.4079011818311263
subj03	session16	293	0.27008258578954863
subj03	session16	294	-0.2714167734586359
subj03	session16	295	-0.29129147088138974
subj03	session16	296	-0.1250477004129289
subj03	session16	297	-0.1743457212017656
subj03	session16	298	0.2673956998433718
subj03	session16	299	0.28528976220988184
subj03	session16	300	-0.050838672931795496
subj03	session16	301	0.15690872846361953
subj03	session16	302	0.22166025914851206
subj03	session16	303	0.41098248611704397
subj03	session16	304	0.2249437562295316
subj03	session16	305	0.1678285632920405
subj03	session16	306	0.21536950021358392
subj03	session16	307	0.3456913000142389
subj03	session16	308	0.604189092980208
subj03	session16	309	0.46866581233091265
subj03	session16	310	0.5869685319663961
subj03	session16	311	0.3957112345151645
subj03	session16	312	0.10925957567990889
subj03	session16	313	0.19994446817599315
subj03	session16	314	0.18259718069201195
subj03	session16	315	0.01882956001708671
subj03	session16	316	-0.06953723479994305
subj03	session16	317	-0.017180692011960708
subj03	session16	318	-0.1337277516730742
subj03	session16	319	0.3271507902605725
subj03	session16	320	0.37004271678769757
subj03	session16	321	-0.030400113911433876
subj03	session16	322	-0.4051559162750961
subj03	session16	323	0.09301153353267835
subj03	session16	324	0.0826228107646305
subj03	session16	325	0.2829659689591343
subj03	session16	326	0.20983910009967252
subj03	session16	327	0.23751673074184826
subj03	session16	328	0.13015235654278798
subj03	session16	329	0.22537661967820016
subj03	session16	330	0.19484123593905733
subj03	session16	331	0.0016688025060515325
subj03	session16	332	-0.28515449238217283
subj03	session16	333	0.10549765057667661
subj03	session16	334	0.5177502491812616
subj03	session16	335	0.23064217570838674
subj03	session16	336	0.2637049693863021
subj03	session16	337	0.3880279083012957
subj03	session16	338	0.45148512031895205
subj03	session16	339	0.40996582656984193
subj03	session16	340	0.7678299871849636
subj03	session16	341	0.5928335469172717
subj03	session16	342	0.5294774312971664
subj03	session16	343	0.19152356542787982
subj03	session16	344	0.4501224547913997
subj03	session16	345	0.41636907304570686
subj03	session16	346	0.5115007831411078
subj03	session16	347	0.5919863306279368
subj03	session16	348	0.6690616545635768
subj03	session16	349	0.13492239783568277
subj03	session16	350	-0.20180264844083726
subj03	session16	351	-0.1955318240068347
subj03	session16	352	-0.1512088850918411
subj03	session16	353	0.44576534244624805
subj03	session16	354	0.684725900612274
subj03	session16	355	-0.02113199487398549
subj03	session16	356	-0.2526726470169443
subj03	session16	357	0.11486117043998291
subj03	session16	358	0.1956898761213157
subj03	session16	359	0.04268403816033035
subj03	session16	360	0.1438131852484693
subj03	session16	361	0.02132564431154778
subj03	session16	362	-0.11125017798661543
subj03	session16	363	-0.6043656557026912
subj03	session16	364	-0.3270795956144098
subj03	session16	365	0.07818311262993022
subj03	session16	366	0.12324789975793819
subj03	session16	367	0.6048711376904456
subj03	session16	368	0.3860059803502776
subj03	session16	369	0.6729503061369786
subj03	session16	370	0.23348996155489107
subj03	session16	371	0.5133803217998006
subj03	session16	372	0.3128435141677346
subj03	session16	373	0.3510437135127438
subj03	session16	374	0.25183824576391856
subj03	session16	375	0.3616431724334331
subj03	session16	376	0.35430869998576103
subj03	session16	377	0.48984479567136563
subj03	session16	378	0.6700142389292324
subj03	session16	379	0.7003545493378898
subj03	session16	380	0.4477146518581802
subj03	session16	381	0.10106649579951588
subj03	session16	382	0.16236651003844507
subj03	session16	383	0.0652427737434145
subj03	session16	384	0.14218425174426885
subj03	session16	385	-0.003467179268119053
subj03	session16	386	0.2714993592481845
subj03	session16	387	0.2432251174711662
subj03	session16	388	0.5594831268688595
subj03	session16	389	0.3610807347287484
subj03	session16	390	0.5644567848497793
subj03	session16	391	0.1135284066638189
subj03	session16	392	0.06081873843087
subj03	session16	393	0.42962551616118466
subj03	session16	394	0.4195799515876406
subj03	session16	395	0.4244610565285491
subj03	session16	396	-0.21202477573686457
subj03	session16	397	0.11442973088423751
subj03	session16	398	0.21290474156343442
subj03	session16	399	-0.18162466182543072
subj03	session16	400	0.14485974654705966
subj03	session16	401	-0.031005268403816025
subj03	session16	402	-0.300017086715079
subj03	session16	403	0.22527552328064926
subj03	session16	404	0.7052029047415634
subj03	session16	405	0.4228791114908159
subj03	session16	406	0.3383739142816461
subj03	session16	407	0.03703687882671225
subj03	session16	408	-0.07084721628933505
subj03	session16	409	0.0799316531396839
subj03	session16	410	0.11541648868005121
subj03	session16	411	0.019419051687313112
subj03	session16	412	0.3516104228961982
subj03	session16	413	0.08327068204471022
subj03	session16	414	-0.07199345009255305
subj03	session16	415	0.2148084864018226
subj03	session16	416	0.06700555318240069
subj03	session16	417	0.24458208742702547
subj03	session16	418	0.14925957567990886
subj03	session16	419	0.40824291613270686
subj03	session16	420	0.33345436423180974
subj03	session16	421	0.5109098675779581
subj03	session16	422	0.12139256727894063
subj03	session16	423	0.2786828990459918
subj03	session16	424	0.434901039441834
subj03	session16	425	0.49061512174284505
subj03	session16	426	0.47375480563861605
subj03	session16	427	0.6192467606435996
subj03	session16	428	0.4933618111917984
subj03	session16	429	0.15171721486544215
subj03	session16	430	-0.28198490673501353
subj03	session16	431	-0.36462338032179975
subj03	session16	432	-0.2726940054107931
subj03	session16	433	0.18251459490246336
subj03	session16	434	-0.01936494375622956
subj03	session16	435	-0.013252171436707963
subj03	session16	436	0.11050405809483127
subj03	session16	437	0.3885860743272106
subj03	session16	438	0.6589719493094118
subj03	session16	439	0.7519236793393137
subj03	session16	440	0.6050904172006264
subj03	session16	441	0.9602392140111063
subj03	session16	442	0.27171721486544215
subj03	session16	443	-0.1990260572404955
subj03	session16	444	-0.3791129147088139
subj03	session16	445	-0.587656272248327
subj03	session16	446	0.2457966680905596
subj03	session16	447	-0.11530400113911432
subj03	session16	448	-0.18898334045279797
subj03	session16	449	-0.14578242916132705
subj03	session16	450	0.002859176989890376
subj03	session16	451	0.1394489534387014
subj03	session16	452	0.09551616118467893
subj03	session16	453	0.1457753096967108
subj03	session16	454	-0.006051544923821725
subj03	session16	455	0.067701836821871
subj03	session16	456	0.15827566566994164
subj03	session16	457	0.111151929374911
subj03	session16	458	0.7178613128292752
subj03	session16	459	0.9635924818453652
subj03	session16	460	0.8564174854050974
subj03	session16	461	0.5274312971664531
subj03	session16	462	0.17713227965257017
subj03	session16	463	0.3412658408087712
subj03	session16	464	0.10231097821443824
subj03	session16	465	0.3226228107646305
subj03	session16	466	0.01622953153922824
subj03	session16	467	-0.29589064502349427
subj03	session16	468	-0.35726327780150935
subj03	session16	469	-0.05744268830983911
subj03	session16	470	-0.48818738430870007
subj03	session16	471	-0.3148184536522853
subj03	session16	472	0.31672362238359675
subj03	session16	473	0.6455403673643743
subj03	session16	474	0.8613911433860174
subj03	session16	475	0.3929018937775879
subj03	session16	476	0.30329346433148224
subj03	session16	477	0.2008201623237933
subj03	session16	478	0.10969243912857754
subj03	session16	479	0.8890089705254165
subj03	session16	480	1.267035454933789
subj03	session16	481	1.0369585647159334
subj03	session16	482	0.10123166737861308
subj03	session16	483	-0.06595899188381037
subj03	session16	484	-0.16297593620959702
subj03	session16	485	-0.01211448099102942
subj03	session16	486	0.38593478570411505
subj03	session16	487	0.1320575252740994
subj03	session16	488	-0.03116616830414353
subj03	session16	489	-0.41305709810622243
subj03	session16	490	0.13460202192795104
subj03	session16	491	-0.12879965826569845
subj03	session16	492	0.11930941193222272
subj03	session16	493	-0.6165043428734159
subj03	session16	494	-0.2396596895913427
subj03	session16	495	0.11879965826569842
subj03	session16	496	0.5545137405667094
subj03	session16	497	0.23641748540509755
subj03	session16	498	0.4079196924391286
subj03	session16	499	0.4028335469172718
subj03	session16	500	0.19589349280934074
subj03	session16	501	-0.11489534387014097
subj03	session16	502	-0.25516018795386586
subj03	session16	503	-0.08596183966965684
subj03	session16	504	-0.5144881104940908
subj03	session16	505	-0.1791342731026627
subj03	session16	506	-0.3943727751673074
subj03	session16	507	-0.280361668802506
subj03	session16	508	0.006764915278371093
subj03	session16	509	-0.11903317670511177
subj03	session16	510	-0.4208771180407233
subj03	session16	511	-0.2768247187811476
subj03	session16	512	0.23479567136551335
subj03	session16	513	0.43695714082301007
subj03	session16	514	0.3527053965541791
subj03	session16	515	0.2553552612843514
subj03	session16	516	0.35291898049266696
subj03	session16	517	0.5213826000284777
subj03	session16	518	0.8191727182115905
subj03	session16	519	0.5884892496084294
subj03	session16	520	0.5555674213299161
subj03	session16	521	0.3426555603018653
subj03	session16	522	0.3479894631923679
subj03	session16	523	0.6398348284209027
subj03	session16	524	0.3917385732592909
subj03	session16	525	0.10383311974939483
subj03	session16	526	0.08012387868432294
subj03	session16	527	-0.12427310266267977
subj03	session16	528	0.16875409369215438
subj03	session16	529	0.4721628933504201
subj03	session16	530	0.4732834970810195
subj03	session16	531	0.31804357112345155
subj03	session16	532	0.3768304143528407
subj03	session16	533	0.4146561298590346
subj03	session16	534	0.5287540936921543
subj03	session16	535	0.11731453794674637
subj03	session16	536	-0.06569130001423895
subj03	session16	537	-0.5332649864730172
subj03	session16	538	0.10502349423323364
subj03	session16	539	0.18995728321230246
subj03	session16	540	-0.1040495514737292
subj03	session16	541	-0.23312971664530827
subj03	session16	542	0.16879538658692866
subj03	session16	543	0.5565912003417343
subj03	session16	544	0.4469642602876263
subj03	session16	545	-0.41899900327495365
subj03	session16	546	-0.506719350704827
subj03	session16	547	0.1287113769044568
subj03	session16	548	0.22373771892353694
subj03	session16	549	0.23899330770326066
subj03	session16	550	0.43185960415776736
subj03	session16	551	0.2740780293321942
subj03	session16	552	0.25399829132849217
subj03	session16	553	0.17589206891641745
subj03	session16	554	0.20480848640182256
subj03	session16	555	-0.15985618681475153
subj03	session16	556	-0.18775594475295457
subj03	session16	557	-0.041946461626085715
subj03	session16	558	0.35768190232094543
subj03	session16	559	0.10804357112345152
subj03	session16	560	0.2772248326925815
subj03	session16	561	0.4793720632208457
subj03	session16	562	0.7961939342161469
subj03	session16	563	0.27292325217143665
subj03	session16	564	0.27494518012245484
subj03	session16	565	0.5824305852199915
subj03	session16	566	0.39110921258721343
subj03	session16	567	0.3367108073472875
subj03	session16	568	0.4204499501637477
subj03	session16	569	-0.32015947600740424
subj03	session16	570	-0.3043499928805354
subj03	session16	571	-0.21782286772034742
subj03	session16	572	0.23219991456642458
subj03	session16	573	0.6873729175565998
subj03	session16	574	-0.01203474298732737
subj03	session16	575	0.10992168588922115
subj03	session16	576	0.4640666381888082
subj03	session16	577	0.015842232664103662
subj03	session16	578	-0.1972077459775025
subj03	session16	579	0.5383895771038018
subj03	session16	580	0.41908443685034885
subj03	session16	581	0.2507560871422469
subj03	session16	582	-0.30960558166025914
subj03	session16	583	-0.25412928947743135
subj03	session16	584	0.10418482130143811
subj03	session16	585	0.6381731453794673
subj03	session16	586	0.7611889505909155
subj03	session16	587	0.5899615548910722
subj03	session16	588	0.6358650149508758
subj03	session16	589	1.214992168588922
subj03	session16	590	0.3136693720632208
subj03	session16	591	-0.3510679196924391
subj03	session16	592	-0.5351459490246333
subj03	session16	593	-0.3118752669799231
subj03	session16	594	0.18472020504058093
subj03	session16	595	0.21948597465470593
subj03	session16	596	0.10947600740424324
subj03	session16	597	0.40938630215007826
subj03	session16	598	0.012736722198490672
subj03	session16	599	-0.27049266695144525
subj03	session16	600	-0.24406806208173146
subj03	session16	601	0.2691769898903602
subj03	session16	602	0.36353552612843515
subj03	session16	603	0.9530570981062224
subj03	session16	604	0.9627751673074184
subj03	session16	605	0.502507475437847
subj03	session16	606	0.6813925672789406
subj03	session16	607	0.8622412074611988
subj03	session16	608	0.49499928805353843
subj03	session16	609	0.3436707959561441
subj03	session16	610	0.4478755517585077
subj03	session16	611	0.6770197921116331
subj03	session16	612	0.2028150363092695
subj03	session16	613	-0.17109070197921114
subj03	session16	614	-0.6302207034031041
subj03	session16	615	-0.5958749822013385
subj03	session16	616	-0.532619962978784
subj03	session16	617	-0.7480962551616118
subj03	session16	618	-0.5185547486828991
subj03	session16	619	-0.31252883383169583
subj03	session16	620	0.07031183255019223
subj03	session16	621	0.30203901466609706
subj03	session16	622	0.1747757368645878
subj03	session16	623	0.2885746831838246
subj03	session16	624	0.5776562722483269
subj03	session16	625	-0.191976363377474
subj03	session16	626	0.19875694147800083
subj03	session16	627	0.3239669656841806
subj03	session16	628	0.5750804499501637
subj03	session16	629	0.6325516161184679
subj03	session16	630	1.104404100811619
subj03	session16	631	0.5357610707674783
subj03	session16	632	0.32140965399401966
subj03	session16	633	0.05358963405951872
subj03	session16	634	0.43377474013954154
subj03	session16	635	0.2770212160045565
subj03	session16	636	-0.055074754378470744
subj03	session16	637	0.19456215292609996
subj03	session16	638	0.08735013526982768
subj03	session16	639	0.14519008970525416
subj03	session16	640	0.25484977929659686
subj03	session16	641	0.18303858749822013
subj03	session16	642	0.5301281503630927
subj03	session16	643	0.5170439982913284
subj03	session16	644	0.2128662964545066
subj03	session16	645	0.3094731596183967
subj03	session16	646	0.17420760358821016
subj03	session16	647	-0.10575110351701551
subj03	session16	648	-0.045158764060942644
subj03	session16	649	0.11086715079026056
subj03	session16	650	0.4473045706962836
subj03	session16	651	0.47185248469315105
subj03	session16	652	0.030086857468318386
subj03	session16	653	0.24035170155204327
subj03	session16	654	-0.22149223978356827
subj03	session16	655	-0.12081589064502346
subj03	session16	656	0.576030186529973
subj03	session16	657	0.2905268403816033
subj03	session16	658	-0.07673501352698278
subj03	session16	659	-0.04969528691442406
subj03	session16	660	-0.06871707247614979
subj03	session16	661	-0.04515306848924962
subj03	session16	662	-0.26137120888509185
subj03	session16	663	0.14112914708813898
subj03	session16	664	0.44767051117755946
subj03	session16	665	0.1512886230955432
subj03	session16	666	0.03219279510180834
subj03	session16	667	0.10513455788124731
subj03	session16	668	0.28538089135697003
subj03	session16	669	0.572315249893208
subj03	session16	670	0.08025345294033887
subj03	session16	671	0.3389491670226399
subj03	session16	672	0.8448825288338317
subj03	session16	673	1.1557667663391713
subj03	session16	674	0.7161184678912146
subj03	session16	675	0.26569557169300867
subj03	session16	676	0.47550619393421606
subj03	session16	677	0.43823294888224407
subj03	session16	678	-0.1972590061227396
subj03	session16	679	-0.11965257012672648
subj03	session16	680	0.06188950590915563
subj03	session16	681	0.05120461341307133
subj03	session16	682	0.04803360387298875
subj03	session16	683	0.055993165313968384
subj03	session16	684	0.2786985618681475
subj03	session16	685	0.641220276235227
subj03	session16	686	0.24681047985191512
subj03	session16	687	0.18352555887797237
subj03	session16	688	0.6412544496653851
subj03	session16	689	0.8150220703403104
subj03	session16	690	0.484567848497793
subj03	session16	691	0.27808344012530256
subj03	session16	692	0.0657852769471736
subj03	session16	693	0.4102007689021786
subj03	session16	694	0.26158621671650295
subj03	session16	695	0.08114908158906449
subj03	session16	696	-0.14391000996725045
subj03	session16	697	-0.16260714794247472
subj03	session16	698	-0.14763776164032466
subj03	session16	699	-0.18739997152214155
subj03	session16	700	0.16179125729745128
subj03	session16	701	0.12862879111490816
subj03	session16	702	0.2602563007261854
subj03	session16	703	0.12557881247330205
subj03	session16	704	-0.2778912145806635
subj03	session16	705	-0.22088850918410932
subj03	session16	706	-0.11834401253025774
subj03	session16	707	-0.4157567990887085
subj03	session16	708	0.36710664957995165
subj03	session16	709	1.2064673216574113
subj03	session16	710	0.5943015805211447
subj03	session16	711	0.09583084152071766
subj03	session16	712	0.3072461910864303
subj03	session16	713	0.24760501210308983
subj03	session16	714	0.045012103089847634
subj03	session16	715	0.23331482272533102
subj03	session16	716	0.334274526555603
subj03	session16	717	-0.06496796240922682
subj03	session16	718	-0.09041008116189661
subj03	session16	719	1.1820062651288623
subj03	session16	720	0.8337818596041578
subj03	session16	721	0.4438815321087854
subj03	session16	722	0.712241207461199
subj03	session16	723	0.48272533105510473
subj03	session16	724	0.10833404527979494
subj03	session16	725	-0.033024348568987616
subj03	session16	726	-0.3440068346860316
subj03	session16	727	-0.1754592054677488
subj03	session16	728	-0.0635924818453652
subj03	session16	729	-0.09846646732165742
subj03	session16	730	-0.15997721771322795
subj03	session16	731	0.005365228534814159
subj03	session16	732	-0.12684465328207317
subj03	session16	733	0.1619948739854763
subj03	session16	734	0.03285205752527409
subj03	session16	735	0.544782856329204
subj03	session16	736	0.37524419763633776
subj03	session16	737	0.20010394418339741
subj03	session16	738	0.031996297878399554
subj03	session16	739	-0.1957724619108643
subj03	session16	740	0.05803502776591201
subj03	session16	741	0.17523280649295173
subj03	session16	742	0.23653424462480427
subj03	session16	743	0.2826171151929375
subj03	session16	744	0.5247629218282786
subj03	session16	745	0.38354406948597464
subj03	session16	746	0.7190331767051118
subj03	session16	747	0.6106863163890076
subj03	session16	748	0.3514651858180265
subj03	session16	749	0.2853994019649722
subj03	session17	0	0.37427879823437277
subj03	session17	1	-0.10228107646304997
subj03	session17	2	-0.23444824149223975
subj03	session17	3	-0.21972091698704257
subj03	session17	4	-0.21568133276377618
subj03	session17	5	0.4202847785846504
subj03	session17	6	0.48091129147088135
subj03	session17	7	0.3828036451658835
subj03	session17	8	-0.08599886088566142
subj03	session17	9	-0.4121685889221131
subj03	session17	10	0.6361910864303004
subj03	session17	11	0.5243685034885377
subj03	session17	12	0.5432165741136267
subj03	session17	13	0.06775594475295459
subj03	session17	14	-0.03799373487113768
subj03	session17	15	0.47708244340025624
subj03	session17	16	-0.00531254449665384
subj03	session17	17	0.790428591769899
subj03	session17	18	0.6491670226398975
subj03	session17	19	0.2607888366794817
subj03	session17	20	0.014770041292894769
subj03	session17	21	-0.38097679054535105
subj03	session17	22	0.16689448953438704
subj03	session17	23	-0.14457923964117897
subj03	session17	24	0.15952157197778724
subj03	session17	25	0.6473544069485975
subj03	session17	26	0.35819450377331624
subj03	session17	27	0.06236651003844511
subj03	session17	28	0.031755659974369944
subj03	session17	29	-0.1547928235796668
subj03	session17	30	0.6853381745692725
subj03	session17	31	0.32777445536095684
subj03	session17	32	-0.3046433148227253
subj03	session17	33	-0.21422184251744272
subj03	session17	34	0.4006179695286914
subj03	session17	35	0.8922226968531968
subj03	session17	36	0.8981176135554606
subj03	session17	37	-0.11648298447956716
subj03	session17	38	0.4233361811191798
subj03	session17	39	0.163257867008401
subj03	session17	40	0.3397679054535098
subj03	session17	41	-0.13663818880820164
subj03	session17	42	-0.5514594902463335
subj03	session17	43	0.1334358536238075
subj03	session17	44	0.8848697137975227
subj03	session17	45	0.5474725900612274
subj03	session17	46	0.6489933077032608
subj03	session17	47	0.20157340168019364
subj03	session17	48	0.16492239783568272
subj03	session17	49	0.14512601452370782
subj03	session17	50	-0.14999430442830702
subj03	session17	51	0.021725758222981655
subj03	session17	52	-0.2038573259290901
subj03	session17	53	-0.10815890645023492
subj03	session17	54	0.12174284493806066
subj03	session17	55	0.27778015093264985
subj03	session17	56	0.18677061085006408
subj03	session17	57	-0.15034315819450378
subj03	session17	58	0.5119393421614694
subj03	session17	59	0.11796240922682616
subj03	session17	60	0.3962651288623096
subj03	session17	61	0.642760928378186
subj03	session17	62	0.03700840096824718
subj03	session17	63	0.2685789548625943
subj03	session17	64	0.3492951730029902
subj03	session17	65	0.4614879681047986
subj03	session17	66	0.4265655702691158
subj03	session17	67	0.8878015093264986
subj03	session17	68	0.21175850776021643
subj03	session17	69	0.11863875836537091
subj03	session17	70	-0.0247330200768902
subj03	session17	71	0.4261384023921401
subj03	session17	72	0.2911490815890645
subj03	session17	73	0.23226968531966397
subj03	session17	74	0.23739569984337183
subj03	session17	75	0.10244197636337744
subj03	session17	76	0.15819165598746976
subj03	session17	77	0.2718895059091556
subj03	session17	78	0.922292467606436
subj03	session17	79	0.6439171294318667
subj03	session17	80	0.015466324932365105
subj03	session17	81	-0.49310978214438267
subj03	session17	82	0.40481702975936207
subj03	session17	83	0.2630129574256016
subj03	session17	84	0.34954435426455926
subj03	session17	85	-0.08829132849209739
subj03	session17	86	-0.13188808201623237
subj03	session17	87	-0.6106663818880821
subj03	session17	88	-0.31832692581517874
subj03	session17	89	-0.18712800797380033
subj03	session17	90	0.020266267976648142
subj03	session17	91	0.2551473729175566
subj03	session17	92	0.1941250177986615
subj03	session17	93	-0.021848213014381335
subj03	session17	94	0.26065926242346577
subj03	session17	95	0.7682713939911718
subj03	session17	96	0.7959390573828848
subj03	session17	97	0.4071507902605724
subj03	session17	98	0.011852484693151064
subj03	session17	99	0.049790687740281954
subj03	session17	100	-0.07819307988039301
subj03	session17	101	0.0299373487113769
subj03	session17	102	0.41701552043286344
subj03	session17	103	-0.2219464616260857
subj03	session17	104	0.44510180834401253
subj03	session17	105	0.36785561725758215
subj03	session17	106	0.43359817741705825
subj03	session17	107	0.3355104656129858
subj03	session17	108	0.4764758650149508
subj03	session17	109	0.15731026626797667
subj03	session17	110	0.6384251744268831
subj03	session17	111	0.23279794959419053
subj03	session17	112	0.30054677488252884
subj03	session17	113	0.3312957425601595
subj03	session17	114	-0.3683610992453367
subj03	session17	115	-0.19811049409084436
subj03	session17	116	0.1263334757226256
subj03	session17	117	0.25003274953723476
subj03	session17	118	0.33965399401964974
subj03	session17	119	0.38312117328776873
subj03	session17	120	0.505860743272106
subj03	session17	121	0.018278513455788122
subj03	session17	122	-0.14831411077886944
subj03	session17	123	-0.11397978072048984
subj03	session17	124	0.5735426455930515
subj03	session17	125	0.12780008543357538
subj03	session17	126	-0.024381318524846877
subj03	session17	127	0.05192225544639044
subj03	session17	128	0.35172860600882816
subj03	session17	129	0.06189377758792538
subj03	session17	130	0.35071052256870283
subj03	session17	131	-0.18361811191798377
subj03	session17	132	-0.45278513455788116
subj03	session17	133	0.5172347999430443
subj03	session17	134	0.23832123024348573
subj03	session17	135	0.6323252171436707
subj03	session17	136	0.5639327922540225
subj03	session17	137	0.30598746974227536
subj03	session17	138	0.5376776306421758
subj03	session17	139	0.7710664957995159
subj03	session17	140	0.3051843941335612
subj03	session17	141	-0.4613413071337035
subj03	session17	142	-0.3859205467748826
subj03	session17	143	-0.12000284778584648
subj03	session17	144	-0.01717926811903746
subj03	session17	145	0.3376534244624804
subj03	session17	146	-0.0692823579666809
subj03	session17	147	0.30033176705111775
subj03	session17	148	0.2553296312117329
subj03	session17	149	0.5438815321087853
subj03	session17	150	0.019175565997436975
subj03	session17	151	-0.21075181546347713
subj03	session17	152	-0.061912288195927645
subj03	session17	153	-0.1133162466182543
subj03	session17	154	-0.26215007831411075
subj03	session17	155	0.13751388295600173
subj03	session17	156	0.38655417912572976
subj03	session17	157	0.2172974512316674
subj03	session17	158	0.28748967677630644
subj03	session17	159	0.28823864445393704
subj03	session17	160	0.4239712373629503
subj03	session17	161	0.3797436992738146
subj03	session17	162	0.18790830129574254
subj03	session17	163	0.40058664388438
subj03	session17	164	0.26636337747401395
subj03	session17	165	0.6131297166453082
subj03	session17	166	0.48487113769044576
subj03	session17	167	0.03460771749964401
subj03	session17	168	0.10688879396269402
subj03	session17	169	0.09893919977217713
subj03	session17	170	0.3151245906307845
subj03	session17	171	0.1737035454933789
subj03	session17	172	0.2931097821443827
subj03	session17	173	0.43307845650007115
subj03	session17	174	0.5049708101950734
subj03	session17	175	0.15095116047273244
subj03	session17	176	0.16472305282642744
subj03	session17	177	-0.1886031610422896
subj03	session17	178	-0.38043713512743843
subj03	session17	179	-0.1822938914993593
subj03	session17	180	-0.11515022070340312
subj03	session17	181	0.2683198063505624
subj03	session17	182	0.042843514167734596
subj03	session17	183	0.3919379182685462
subj03	session17	184	0.14918126156913
subj03	session17	185	0.199689591342731
subj03	session17	186	0.3640694859746547
subj03	session17	187	0.40969243912857756
subj03	session17	188	0.30076178271393994
subj03	session17	189	0.012464758650149493
subj03	session17	190	-0.08333760501210309
subj03	session17	191	-0.06704115050548201
subj03	session17	192	0.4280108215862167
subj03	session17	193	0.9564359960130997
subj03	session17	194	0.30601167592197065
subj03	session17	195	0.3035640039869002
subj03	session17	196	0.8320361668802506
subj03	session17	197	0.538684322938915
subj03	session17	198	0.34475295457781574
subj03	session17	199	0.17300014238929232
subj03	session17	200	0.07130428591769902
subj03	session17	201	-0.21882244055247044
subj03	session17	202	-0.31840808771180407
subj03	session17	203	0.31847358678627363
subj03	session17	204	-0.47673216574113625
subj03	session17	205	-0.37679766481560584
subj03	session17	206	0.2598049266695145
subj03	session17	207	-0.0521586216716503
subj03	session17	208	-0.46150932649864734
subj03	session17	209	-0.06512743841663103
subj03	session17	210	0.41440125302577246
subj03	session17	211	0.9518766908728463
subj03	session17	212	0.7949038872276805
subj03	session17	213	0.5716118467891215
subj03	session17	214	0.630237790118183
subj03	session17	215	0.19833831695856471
subj03	session17	216	-0.13674213299159904
subj03	session17	217	-0.5033618111917983
subj03	session17	218	-0.4113000142389292
subj03	session17	219	-0.027701836821871006
subj03	session17	220	0.1294760074042432
subj03	session17	221	0.15952869144240356
subj03	session17	222	0.05635768190232095
subj03	session17	223	0.36212160045564573
subj03	session17	224	0.31654136408942046
subj03	session17	225	-0.008416631069343603
subj03	session17	226	0.23086003132564428
subj03	session17	227	0.3310864303004414
subj03	session17	228	0.09009255304001142
subj03	session17	229	0.28285775309696715
subj03	session17	230	0.2887839954435426
subj03	session17	231	0.33763918553324795
subj03	session17	232	0.2575395130286202
subj03	session17	233	0.2963747686174
subj03	session17	234	-0.03348711376904456
subj03	session17	235	0.5797636337747402
subj03	session17	236	0.03479139968674358
subj03	session17	237	0.3198903602449096
subj03	session17	238	0.30371636052968815
subj03	session17	239	0.30471593336181113
subj03	session17	240	0.07440125302577244
subj03	session17	241	0.11989890360244908
subj03	session17	242	-0.32767905453509893
subj03	session17	243	-0.05638046418909298
subj03	session17	244	0.024321515022070323
subj03	session17	245	0.2419122881959277
subj03	session17	246	-0.26930086857468316
subj03	session17	247	0.30202192795101807
subj03	session17	248	0.3697849921685889
subj03	session17	249	0.581304285917699
subj03	session17	250	0.4270739000427168
subj03	session17	251	0.23867293179552898
subj03	session17	252	0.29513598177417055
subj03	session17	253	0.25450804499501634
subj03	session17	254	0.7788452228392426
subj03	session17	255	1.0434372775167307
subj03	session17	256	0.7874569272390716
subj03	session17	257	0.3590360244909583
subj03	session17	258	-0.27238502064644743
subj03	session17	259	-0.13675921970667806
subj03	session17	260	0.39953438701409655
subj03	session17	261	0.3400284778584651
subj03	session17	262	0.5788210166595472
subj03	session17	263	0.4935910579524419
subj03	session17	264	0.03986757795813756
subj03	session17	265	0.20898476434572122
subj03	session17	266	0.12380606578385307
subj03	session17	267	-0.12746119891784138
subj03	session17	268	-0.3793592481845365
subj03	session17	269	-0.36469315107503913
subj03	session17	270	-0.076572689733732
subj03	session17	271	-0.23047415634344295
subj03	session17	272	-0.6460373059945893
subj03	session17	273	-0.3829389149935925
subj03	session17	274	-0.047757368645877825
subj03	session17	275	0.4839669656841806
subj03	session17	276	0.3763833119749395
subj03	session17	277	0.8232066068631638
subj03	session17	278	0.8354520860031327
subj03	session17	279	0.5758692866296455
subj03	session17	280	0.8620703403104086
subj03	session17	281	0.17097251886658124
subj03	session17	282	0.18105510465612987
subj03	session17	283	0.16516303573971236
subj03	session17	284	-0.10358393848782571
subj03	session17	285	0.04279652570126729
subj03	session17	286	-0.036541364089420485
subj03	session17	287	0.1273444396981347
subj03	session17	288	0.12280649295173003
subj03	session17	289	0.2612971664530827
subj03	session17	290	-0.03252029047415632
subj03	session17	291	0.5423465755375195
subj03	session17	292	0.5248782571550619
subj03	session17	293	0.2995272675494803
subj03	session17	294	0.26177986615406523
subj03	session17	295	-0.07704826997009824
subj03	session17	296	-0.07473444396981346
subj03	session17	297	0.5522839242488964
subj03	session17	298	0.7589790687740282
subj03	session17	299	0.12426028762637051
subj03	session17	300	0.21880392994446815
subj03	session17	301	-0.11742417770183682
subj03	session17	302	-0.1244596326356258
subj03	session17	303	0.05929374911006693
subj03	session17	304	0.25244909582799374
subj03	session17	305	0.09263135412217
subj03	session17	306	0.8055232806492951
subj03	session17	307	0.2835454933788979
subj03	session17	308	0.5021885234230387
subj03	session17	309	0.352953153922825
subj03	session17	310	-0.21986188238644455
subj03	session17	311	0.2488153210878542
subj03	session17	312	0.26638473586786277
subj03	session17	313	0.30304428306991316
subj03	session17	314	0.2551174711661683
subj03	session17	315	0.6517300299017513
subj03	session17	316	0.6215363804641891
subj03	session17	317	0.4806051544923821
subj03	session17	318	0.3369671080734729
subj03	session17	319	0.37504912430585213
subj03	session17	320	0.7536722198490673
subj03	session17	321	0.2567876975651431
subj03	session17	322	-0.26437704684607716
subj03	session17	323	-0.27313683610992456
subj03	session17	324	0.03297308842375056
subj03	session17	325	-0.21844368503488537
subj03	session17	326	-0.18662252598604584
subj03	session17	327	-0.0024747259006122724
subj03	session17	328	0.23229673928520572
subj03	session17	329	0.1926299302292468
subj03	session17	330	0.3779083012957426
subj03	session17	331	0.16204043855902034
subj03	session17	332	0.5485789548625943
subj03	session17	333	0.5106848924960843
subj03	session17	334	0.009839100099672505
subj03	session17	335	-0.24364943756229532
subj03	session17	336	-0.1769799231097821
subj03	session17	337	-0.10284778584650434
subj03	session17	338	0.01692154349992882
subj03	session17	339	0.385578812473302
subj03	session17	340	0.6870254876833262
subj03	session17	341	0.59900612273957
subj03	session17	342	0.8653652285348142
subj03	session17	343	0.22260857183539803
subj03	session17	344	0.2813697849921686
subj03	session17	345	0.17917414210451374
subj03	session17	346	0.2419749394845508
subj03	session17	347	0.28304855474868285
subj03	session17	348	0.36789975793820306
subj03	session17	349	0.041832550192225544
subj03	session17	350	0.1585305425032038
subj03	session17	351	0.13412501779866154
subj03	session17	352	0.5402762352271109
subj03	session17	353	0.2556799088708529
subj03	session17	354	0.006031610422896194
subj03	session17	355	0.17980777445536097
subj03	session17	356	0.09536380464189093
subj03	session17	357	-0.060334614836964236
subj03	session17	358	-0.12612273956998435
subj03	session17	359	-0.051731453794674635
subj03	session17	360	-0.06360244909582802
subj03	session17	361	0.22087142246903035
subj03	session17	362	0.4019265271251602
subj03	session17	363	0.26342446248042145
subj03	session17	364	0.2644368503488537
subj03	session17	365	0.24627367221984905
subj03	session17	366	-0.08677488252883382
subj03	session17	367	-0.3660045564573544
subj03	session17	368	-0.26211590488395276
subj03	session17	369	0.14039014666097108
subj03	session17	370	0.5416360529688169
subj03	session17	371	1.0398277089562864
subj03	session17	372	0.6729659689591343
subj03	session17	373	1.2769429018937777
subj03	session17	374	0.7144824149223978
subj03	session17	375	0.3700242061796952
subj03	session17	376	0.07433575395130287
subj03	session17	377	0.09193079880392996
subj03	session17	378	0.2080264844083725
subj03	session17	379	0.14318667236223837
subj03	session17	380	0.16961412501779868
subj03	session17	381	0.6008500640751815
subj03	session17	382	0.5860045564573544
subj03	session17	383	0.17050690588067777
subj03	session17	384	0.2012330912715364
subj03	session17	385	0.11159048839527268
subj03	session17	386	0.3133774740139542
subj03	session17	387	0.34791969243912857
subj03	session17	388	0.24315249893208032
subj03	session17	389	0.1893749110066923
subj03	session17	390	-0.08697422753808913
subj03	session17	391	0.07031468033603873
subj03	session17	392	0.46710807347287486
subj03	session17	393	0.23950590915563147
subj03	session17	394	-0.07294461056528549
subj03	session17	395	0.014157767335896333
subj03	session17	396	-0.04822582941762781
subj03	session17	397	0.18554179125729744
subj03	session17	398	0.2987227680478428
subj03	session17	399	0.0006250889933077175
subj03	session17	400	-0.06503203759077315
subj03	session17	401	0.368193079880393
subj03	session17	402	0.4826954293037163
subj03	session17	403	-0.07125160187953866
subj03	session17	404	-0.1602121600455646
subj03	session17	405	-0.6692026199629788
subj03	session17	406	-0.41234372775167305
subj03	session17	407	-0.12226541364089419
subj03	session17	408	0.5996127011248754
subj03	session17	409	0.2604271678769757
subj03	session17	410	0.31781005268403817
subj03	session17	411	0.6547401395415064
subj03	session17	412	0.653088423750534
subj03	session17	413	0.5355873558308415
subj03	session17	414	0.11388580378755515
subj03	session17	415	0.02535383739142818
subj03	session17	416	0.7295429303716361
subj03	session17	417	0.3979652570126727
subj03	session17	418	0.07374341449522996
subj03	session17	419	-0.04304570696283638
subj03	session17	420	0.050207888366794816
subj03	session17	421	0.12257155061939343
subj03	session17	422	0.10265128862309554
subj03	session17	423	0.4772376477288909
subj03	session17	424	0.5845607290331768
subj03	session17	425	0.35017656272248326
subj03	session17	426	0.12445678484977933
subj03	session17	427	-0.20015378043571122
subj03	session17	428	-0.17551473729175565
subj03	session17	429	0.06843229389149935
subj03	session17	430	-0.22666239498789692
subj03	session17	431	-0.08579524419763633
subj03	session17	432	0.36030898476434575
subj03	session17	433	0.4921102093122597
subj03	session17	434	0.30441691584792824
subj03	session17	435	0.5280435711234516
subj03	session17	436	0.3425231382600028
subj03	session17	437	0.191643172433433
subj03	session17	438	-0.014429730884237522
subj03	session17	439	0.13887654848355405
subj03	session17	440	0.19307703260714795
subj03	session17	441	0.14348568987612131
subj03	session17	442	-0.024888224405524698
subj03	session17	443	0.09162181403958423
subj03	session17	444	0.40435853623807494
subj03	session17	445	0.2784422611419621
subj03	session17	446	-0.01689876121315678
subj03	session17	447	0.2992339456072904
subj03	session17	448	0.49403816033034326
subj03	session17	449	0.7479624092268261
subj03	session17	450	0.3852698277089563
subj03	session17	451	0.24113626655275527
subj03	session17	452	0.37032607147942476
subj03	session17	453	0.10207318809625515
subj03	session17	454	-0.01834116474441122
subj03	session17	455	0.10760928378185959
subj03	session17	456	0.08414495229958707
subj03	session17	457	0.10944752954577815
subj03	session17	458	0.3082827851345579
subj03	session17	459	0.2937462622810765
subj03	session17	460	-0.05839669656841805
subj03	session17	461	-0.018425174426883118
subj03	session17	462	0.1479581375480564
subj03	session17	463	-0.13333760501210307
subj03	session17	464	0.1972347999430443
subj03	session17	465	0.49120888509184113
subj03	session17	466	0.538644453937064
subj03	session17	467	0.3406621102093123
subj03	session17	468	0.09301865299729457
subj03	session17	469	0.20921543499928807
subj03	session17	470	0.33052541648868006
subj03	session17	471	0.5040538231524988
subj03	session17	472	-0.01095685604442545
subj03	session17	473	-0.07703118325501922
subj03	session17	474	-0.024041008116189675
subj03	session17	475	0.464398405239926
subj03	session17	476	0.18319663961270113
subj03	session17	477	0.056635341022355144
subj03	session17	478	0.026807632066068628
subj03	session17	479	-0.4332564431154777
subj03	session17	480	0.04457212017656272
subj03	session17	481	0.1972746689448954
subj03	session17	482	0.5642702548768331
subj03	session17	483	0.1971393991171864
subj03	session17	484	-0.001308557596468733
subj03	session17	485	0.5167492524562153
subj03	session17	486	0.42163035739712373
subj03	session17	487	0.5707931083582515
subj03	session17	488	0.5519621244482416
subj03	session17	489	0.4849651146233803
subj03	session17	490	0.44205467748825283
subj03	session17	491	0.11830414352840664
subj03	session17	492	-0.0008372490388722923
subj03	session17	493	-0.05336750676349139
subj03	session17	494	-0.07175993165313965
subj03	session17	495	0.2906279367791543
subj03	session17	496	0.5932507475437847
subj03	session17	497	0.5300626512886232
subj03	session17	498	0.3924519436138402
subj03	session17	499	0.16981489391997723
subj03	session17	500	0.37878684322938916
subj03	session17	501	0.38134700270539656
subj03	session17	502	0.2212003417343016
subj03	session17	503	-0.051812615691300024
subj03	session17	504	0.15835397978072047
subj03	session17	505	0.709514452513171
subj03	session17	506	0.9191898049266695
subj03	session17	507	0.1922041862451944
subj03	session17	508	0.196391855332479
subj03	session17	509	-0.3309312259718069
subj03	session17	510	0.16314965114623378
subj03	session17	511	0.07907874127865583
subj03	session17	512	0.025931937918268557
subj03	session17	513	0.14233091271536377
subj03	session17	514	-0.22264559305140255
subj03	session17	515	-0.23161469457496797
subj03	session17	516	0.42855474868289906
subj03	session17	517	0.48946746404670366
subj03	session17	518	0.4678527694717357
subj03	session17	519	0.5366097109497366
subj03	session17	520	0.1886985618681475
subj03	session17	521	0.11042289619820589
subj03	session17	522	0.07556742132991599
subj03	session17	523	0.08825715506193932
subj03	session17	524	0.15080734728748396
subj03	session17	525	0.26691869571408233
subj03	session17	526	0.16195215719777875
subj03	session17	527	0.13822867720347431
subj03	session17	528	0.23242488964829847
subj03	session17	529	-0.34968104798519145
subj03	session17	530	0.007778727039726628
subj03	session17	531	1.0124547913996869
subj03	session17	532	0.7418724191940766
subj03	session17	533	0.5754791399686744
subj03	session17	534	0.28690730457069624
subj03	session17	535	0.5577103801794105
subj03	session17	536	0.42854335753951306
subj03	session17	537	0.5292453367506763
subj03	session17	538	0.14600740424320088
subj03	session17	539	0.0212359390573829
subj03	session17	540	-0.010249181261569115
subj03	session17	541	-0.3483753381745692
subj03	session17	542	-0.38450804499501634
subj03	session17	543	-0.5153040011391143
subj03	session17	544	-0.4210166595472021
subj03	session17	545	-0.1894788551900897
subj03	session17	546	-0.006688025060515437
subj03	session17	547	0.3032493236508615
subj03	session17	548	0.32875124590630783
subj03	session17	549	0.22662252598604585
subj03	session17	550	0.2915705538943471
subj03	session17	551	0.3194361384023921
subj03	session17	552	0.26103517015520433
subj03	session17	553	0.45958564715933364
subj03	session17	554	0.5844140680620817
subj03	session17	555	0.18238929232521717
subj03	session17	556	1.021243058521999
subj03	session17	557	0.5021073615264132
subj03	session17	558	-0.08113769044567853
subj03	session17	559	0.2846717926811904
subj03	session17	560	1.0034629075893493
subj03	session17	561	0.26425032037590773
subj03	session17	562	0.08065356685177273
subj03	session17	563	0.028644453937063948
subj03	session17	564	0.09942617115192937
subj03	session17	565	0.28407945322511746
subj03	session17	566	0.4476890217855617
subj03	session17	567	0.5804100811618965
subj03	session17	568	0.7076491527837107
subj03	session17	569	0.4048910721913712
subj03	session17	570	0.43623380321799804
subj03	session17	571	0.13011960700555317
subj03	session17	572	-0.20055104656129863
subj03	session17	573	0.08085291186102804
subj03	session17	574	0.04713227965257014
subj03	session17	575	0.36216574113626654
subj03	session17	576	0.24339028905026341
subj03	session17	577	-0.06445963263562582
subj03	session17	578	-0.2759205467748825
subj03	session17	579	-0.2537975224263136
subj03	session17	580	-0.0017343015805211459
subj03	session17	581	0.359333618111918
subj03	session17	582	0.1918709953011534
subj03	session17	583	0.4588409511604727
subj03	session17	584	0.35224405524704544
subj03	session17	585	0.6200256300726186
subj03	session17	586	0.500011391143386
subj03	session17	587	0.042208457923964146
subj03	session17	588	0.23860458493521294
subj03	session17	589	0.24069913142531688
subj03	session17	590	-0.12267691869571405
subj03	session17	591	-0.2191655987469742
subj03	session17	592	0.015531824006834668
subj03	session17	593	0.61146233803218
subj03	session17	594	0.5837305994589207
subj03	session17	595	0.2879994304428307
subj03	session17	596	0.2852698277089563
subj03	session17	597	0.43382030471308564
subj03	session17	598	0.4086088566139826
subj03	session17	599	0.13771465185818027
subj03	session17	600	0.11148227253310551
subj03	session17	601	0.17733304855474868
subj03	session17	602	0.29121030898476435
subj03	session17	603	-0.23357966680905598
subj03	session17	604	-0.31449665385163034
subj03	session17	605	-0.33006977075323934
subj03	session17	606	0.2229061654563577
subj03	session17	607	0.3063106934358536
subj03	session17	608	0.005138829560017075
subj03	session17	609	0.1654421187526698
subj03	session17	610	0.4309582799373487
subj03	session17	611	0.4376334899615549
subj03	session17	612	0.5436195358109069
subj03	session17	613	0.12587071052256868
subj03	session17	614	0.006461626085718347
subj03	session17	615	-0.28181688737006977
subj03	session17	616	-0.34205610138117615
subj03	session17	617	0.14040153780435713
subj03	session17	618	0.2359419051687313
subj03	session17	619	0.5319777872703974
subj03	session17	620	0.5048526270824434
subj03	session17	621	0.42981774170582376
subj03	session17	622	0.3173002990175139
subj03	session17	623	0.19871707247614975
subj03	session17	624	0.6972817884095116
subj03	session17	625	-0.05022782286772028
subj03	session17	626	0.14027338744126444
subj03	session17	627	0.816578385305425
subj03	session17	628	0.8991755659974369
subj03	session17	629	0.39372490388722764
subj03	session17	630	0.2488836679481703
subj03	session17	631	-0.10436992738146088
subj03	session17	632	0.15697280364516583
subj03	session17	633	0.4688722768047842
subj03	session17	634	0.33121600455645733
subj03	session17	635	-0.10174711661683042
subj03	session17	636	0.16223693578242918
subj03	session17	637	-0.1510351701552043
subj03	session17	638	-0.1230727609283782
subj03	session17	639	0.2378513455788125
subj03	session17	640	-0.034016801936494374
subj03	session17	641	0.3384152071764203
subj03	session17	642	-0.14887512459063082
subj03	session17	643	0.17557169300868575
subj03	session17	644	-0.01500355973230813
subj03	session17	645	0.35331482272533105
subj03	session17	646	0.8635269827708956
subj03	session17	647	0.3122511747116617
subj03	session17	648	0.1756243770468461
subj03	session17	649	-0.006203901466609714
subj03	session17	650	0.22104086572689735
subj03	session17	651	-0.02834686031610421
subj03	session17	652	0.1992467606435996
subj03	session17	653	0.804381318524847
subj03	session17	654	0.6537377189235369
subj03	session17	655	0.06818311262993022
subj03	session17	656	0.2705595899188381
subj03	session17	657	0.02388722768047844
subj03	session17	658	-0.10521429588494946
subj03	session17	659	-0.045746831838245766
subj03	session17	660	0.039981489391997735
subj03	session17	661	0.2778741278655845
subj03	session17	662	0.2390531112060373
subj03	session17	663	-0.1548497792965969
subj03	session17	664	-0.0343642318097679
subj03	session17	665	-0.22574113626655276
subj03	session17	666	0.11736152641321368
subj03	session17	667	0.27680336038729886
subj03	session17	668	0.5296653851630357
subj03	session17	669	0.43669799231097817
subj03	session17	670	0.587024063790403
subj03	session17	671	0.8753965541791258
subj03	session17	672	0.18231240210736152
subj03	session17	673	-0.2212857753096967
subj03	session17	674	-0.24096967108073478
subj03	session17	675	0.24745692723907162
subj03	session17	676	0.22652854905311123
subj03	session17	677	0.09946604015378037
subj03	session17	678	-0.07215719777872705
subj03	session17	679	0.0094290189377759
subj03	session17	680	0.007483981204613372
subj03	session17	681	0.6312074611989179
subj03	session17	682	0.8312288195927666
subj03	session17	683	0.1804556457354407
subj03	session17	684	0.04670226398974795
subj03	session17	685	0.29771180407233366
subj03	session17	686	0.30121458066353407
subj03	session17	687	0.36683895771038016
subj03	session17	688	-0.09737861312829273
subj03	session17	689	-0.161620390146661
subj03	session17	690	0.22982628506336317
subj03	session17	691	0.3685063363235085
subj03	session17	692	0.07224405524704537
subj03	session17	693	-0.1559632635625801
subj03	session17	694	0.14896482984479567
subj03	session17	695	0.18560444254592054
subj03	session17	696	0.2869329346433148
subj03	session17	697	0.4727822867720347
subj03	session17	698	0.3397479709525843
subj03	session17	699	0.523969813470027
subj03	session17	700	0.5375722625658551
subj03	session17	701	0.3634173430158052
subj03	session17	702	0.11723337605012103
subj03	session17	703	-0.17255873558308413
subj03	session17	704	0.03112345151644597
subj03	session17	705	0.03173572547344439
subj03	session17	706	0.11064787128007973
subj03	session17	707	0.6430086857468318
subj03	session17	708	0.05682329488822442
subj03	session17	709	-0.006770610850064061
subj03	session17	710	0.05978926384735868
subj03	session17	711	0.24573828848070625
subj03	session17	712	0.7400412928947744
subj03	session17	713	0.6778171721486544
subj03	session17	714	0.23812900469884665
subj03	session17	715	0.043331909440410106
subj03	session17	716	-0.28219137120888516
subj03	session17	717	-0.060825857895486266
subj03	session17	718	0.004546490103944164
subj03	session17	719	-0.18244624804214718
subj03	session17	720	-0.4132735298305567
subj03	session17	721	-0.10934643314822726
subj03	session17	722	0.49855332478997577
subj03	session17	723	0.9920019934500925
subj03	session17	724	0.6827096682329489
subj03	session17	725	0.5001523565427879
subj03	session17	726	0.2799288053538374
subj03	session17	727	0.32467748825288334
subj03	session17	728	-0.02610850064075184
subj03	session17	729	0.20073757653424465
subj03	session17	730	-0.26586074327210596
subj03	session17	731	-0.4675081873843087
subj03	session17	732	0.15554748682899047
subj03	session17	733	0.24423180976790546
subj03	session17	734	0.31119464616260856
subj03	session17	735	0.2099644026769187
subj03	session17	736	0.581416773458636
subj03	session17	737	0.10019364943756229
subj03	session17	738	0.14922540224975084
subj03	session17	739	0.5454848355403674
subj03	session17	740	0.49456072903317677
subj03	session17	741	0.19402676918695716
subj03	session17	742	-0.03817314537946748
subj03	session17	743	-0.0342061796952869
subj03	session17	744	0.5848326925815179
subj03	session17	745	0.1376819023209455
subj03	session17	746	0.024480991029474604
subj03	session17	747	-0.0487213441549195
subj03	session17	748	0.040007119464616235
subj03	session17	749	0.04982628506336322
subj03	session18	0	0.09535526128435137
subj03	session18	1	-0.2542132991599032
subj03	session18	2	-0.05623807489676775
subj03	session18	3	0.22292040438559027
subj03	session18	4	-0.01643172433433004
subj03	session18	5	0.1670924106507191
subj03	session18	6	0.218695714082301
subj03	session18	7	-0.1986487256158337
subj03	session18	8	-0.1125630072618539
subj03	session18	9	0.3025900612273957
subj03	session18	10	1.005070482699701
subj03	session18	11	0.8794389861882386
subj03	session18	12	0.3059476007404243
subj03	session18	13	0.21363947031183259
subj03	session18	14	0.18659831980635055
subj03	session18	15	0.3638516303573971
subj03	session18	16	-0.025276947173572536
subj03	session18	17	0.23882386444539372
subj03	session18	18	0.14620674925245622
subj03	session18	19	0.31820589491670226
subj03	session18	20	0.031643172433432995
subj03	session18	21	-0.1435027765912003
subj03	session18	22	-0.0774839812046134
subj03	session18	23	-0.042466182543072765
subj03	session18	24	0.891129147088139
subj03	session18	25	0.5613882956001709
subj03	session18	26	0.3407219137120888
subj03	session18	27	0.10915278371066497
subj03	session18	28	0.06733304855474868
subj03	session18	29	0.06503488537661968
subj03	session18	30	0.38203474298732737
subj03	session18	31	0.354731596183967
subj03	session18	32	0.20995443542645592
subj03	session18	33	0.3584721628933504
subj03	session18	34	0.34523423038587503
subj03	session18	35	-0.03715790972518869
subj03	session18	36	0.6035540367364374
subj03	session18	37	0.4715022070340311
subj03	session18	38	0.29536522853481423
subj03	session18	39	0.024639043143955573
subj03	session18	40	-0.14270539655417916
subj03	session18	41	-0.3161597607859889
subj03	session18	42	0.19095970383027194
subj03	session18	43	-0.005913427310266286
subj03	session18	44	0.033262138687170706
subj03	session18	45	-0.07501067919692438
subj03	session18	46	0.19231240210736156
subj03	session18	47	0.2054634771465186
subj03	session18	48	0.5665242773743414
subj03	session18	49	0.5308230101096398
subj03	session18	50	0.3657966680905596
subj03	session18	51	0.22441264416915843
subj03	session18	52	0.23305994589206896
subj03	session18	53	0.4162936067207746
subj03	session18	54	0.6423807489676777
subj03	session18	55	0.2531539228250035
subj03	session18	56	0.05150363092695429
subj03	session18	57	-0.016749252456215283
subj03	session18	58	0.08224690303289188
subj03	session18	59	0.2839498789691015
subj03	session18	60	0.2388722768047843
subj03	session18	61	0.1866453082728179
subj03	session18	62	0.4269827708956287
subj03	session18	63	0.07373487113769042
subj03	session18	64	-0.316386159760786
subj03	session18	65	0.02511035170155203
subj03	session18	66	-0.04974227538089136
subj03	session18	67	0.33468887939626935
subj03	session18	68	0.5055247045422184
subj03	session18	69	0.7017314537946746
subj03	session18	70	0.4819436138402392
subj03	session18	71	0.4689776448811049
subj03	session18	72	0.24466324932365086
subj03	session18	73	0.619847643457212
subj03	session18	74	0.8725259860458494
subj03	session18	75	0.5769372063220846
subj03	session18	76	0.321496511462338
subj03	session18	77	0.2930912715363805
subj03	session18	78	-0.12034173430158053
subj03	session18	79	0.0776306421757084
subj03	session18	80	0.4076918695714083
subj03	session18	81	0.38746404670368784
subj03	session18	82	0.13468603161042292
subj03	session18	83	-0.16281788409511605
subj03	session18	84	-0.1485974654705966
subj03	session18	85	-0.013061369784992175
subj03	session18	86	-0.050284778584650455
subj03	session18	87	-0.10762637049693864
subj03	session18	88	0.1722440552470454
subj03	session18	89	-0.224935212871992
subj03	session18	90	-0.3659319379182686
subj03	session18	91	0.10106649579951586
subj03	session18	92	0.5264644738715649
subj03	session18	93	0.34539228250035603
subj03	session18	94	0.4439513028620248
subj03	session18	95	0.2223864445393706
subj03	session18	96	0.44023779011818315
subj03	session18	97	0.4222226968531967
subj03	session18	98	0.35708671507902606
subj03	session18	99	0.05029474583511318
subj03	session18	100	-0.016927239071621785
subj03	session18	101	-0.037889790687740274
subj03	session18	102	-0.1447458351131995
subj03	session18	103	0.13818596041577677
subj03	session18	104	0.48417343015805214
subj03	session18	105	0.7224263135412217
subj03	session18	106	0.5546333475722625
subj03	session18	107	0.6862679766481561
subj03	session18	108	0.20806350562437706
subj03	session18	109	0.25923394560729035
subj03	session18	110	0.36977929659689596
subj03	session18	111	0.37567278940623666
subj03	session18	112	0.8622597180692013
subj03	session18	113	0.5491599031752812
subj03	session18	114	-0.060804499501637486
subj03	session18	115	-0.09858180264844082
subj03	session18	116	0.287244767193507
subj03	session18	117	0.3777374341449523
subj03	session18	118	0.17504627652000568
subj03	session18	119	0.3795543215150221
subj03	session18	120	0.4631852484693151
subj03	session18	121	-0.2485889221130571
subj03	session18	122	-0.13547913996867433
subj03	session18	123	-0.22323793250747545
subj03	session18	124	-0.4691769898903602
subj03	session18	125	0.443094119322227
subj03	session18	126	0.042926099957283206
subj03	session18	127	-0.15872419194076606
subj03	session18	128	0.463935640039869
subj03	session18	129	0.7939527267549479
subj03	session18	130	0.37606863163890075
subj03	session18	131	0.9048910721913713
subj03	session18	132	0.37997436992738143
subj03	session18	133	-0.019833404527979482
subj03	session18	134	-0.23059376334899612
subj03	session18	135	-0.3561925103232237
subj03	session18	136	0.34447956713655137
subj03	session18	137	0.2720504058094831
subj03	session18	138	0.3659419051687313
subj03	session18	139	0.3296881674498078
subj03	session18	140	0.12280506905880678
subj03	session18	141	-0.03841093549765059
subj03	session18	142	-0.05506336323508472
subj03	session18	143	-0.05722625658550476
subj03	session18	144	-0.10078314110778869
subj03	session18	145	0.7666253737718924
subj03	session18	146	0.3962323793250747
subj03	session18	147	-0.06391712943186674
subj03	session18	148	-0.36332621386871705
subj03	session18	149	0.10328492097394275
subj03	session18	150	0.08204328634486686
subj03	session18	151	0.11203616688025061
subj03	session18	152	0.3842916132706821
subj03	session18	153	0.22244197636337748
subj03	session18	154	0.35508614552185674
subj03	session18	155	0.2684038160330343
subj03	session18	156	0.007008400968247164
subj03	session18	157	0.22740281930798806
subj03	session18	158	0.873082728178841
subj03	session18	159	0.34947315961839676
subj03	session18	160	0.44316246618254307
subj03	session18	161	0.43921543499928806
subj03	session18	162	0.21422326641036593
subj03	session18	163	-0.3005524704542218
subj03	session18	164	-0.15291328492097392
subj03	session18	165	0.20759931653139685
subj03	session18	166	0.3861739997152214
subj03	session18	167	0.5993321942189949
subj03	session18	168	0.34825145949024633
subj03	session18	169	0.4088153210878543
subj03	session18	170	0.5546390431439556
subj03	session18	171	-0.02957283212302437
subj03	session18	172	0.11859176989890358
subj03	session18	173	-0.1765228534814182
subj03	session18	174	-0.2940637904029617
subj03	session18	175	-0.45448526270824435
subj03	session18	176	-0.22490531112060372
subj03	session18	177	-0.23735440694859747
subj03	session18	178	-0.04474156343442974
subj03	session18	179	0.6126028762637049
subj03	session18	180	0.2553467179268119
subj03	session18	181	0.45236793393136837
subj03	session18	182	0.4664003986900186
subj03	session18	183	0.7193407375765343
subj03	session18	184	0.4248241492239784
subj03	session18	185	0.03326213868717072
subj03	session18	186	0.32074896767763067
subj03	session18	187	0.01796240922682613
subj03	session18	188	0.20496938630215006
subj03	session18	189	0.38725188665812327
subj03	session18	190	0.44204898191655984
subj03	session18	191	0.6918866581233091
subj03	session18	192	0.4195600170867151
subj03	session18	193	0.3300412928947743
subj03	session18	194	0.8049950163747687
subj03	session18	195	0.8442702548768332
subj03	session18	196	0.5974042432009113
subj03	session18	197	0.4076890217855616
subj03	session18	198	-0.06617969528691445
subj03	session18	199	-0.33276092837818594
subj03	session18	200	0.21284493806065782
subj03	session18	201	-0.21417485405097536
subj03	session18	202	-0.09360956856044424
subj03	session18	203	0.5154577815748256
subj03	session18	204	0.37344012530257725
subj03	session18	205	0.4902676918695714
subj03	session18	206	0.5446888793962693
subj03	session18	207	0.41620817314537945
subj03	session18	208	0.3228819592766624
subj03	session18	209	0.12570553894347145
subj03	session18	210	-0.3436850348853766
subj03	session18	211	-0.3049423323366082
subj03	session18	212	-0.07557454079453226
subj03	session18	213	-0.14878541933646589
subj03	session18	214	0.29113484265983197
subj03	session18	215	0.4703616688025061
subj03	session18	216	0.4271308557596468
subj03	session18	217	0.1601124875409369
subj03	session18	218	0.8463833119749395
subj03	session18	219	0.7040851487968105
subj03	session18	220	0.1800299017513883
subj03	session18	221	0.13535098960558167
subj03	session18	222	-0.1035696995585932
subj03	session18	223	-0.12319379182685461
subj03	session18	224	0.2578584650434288
subj03	session18	225	0.2958094831268689
subj03	session18	226	0.44540082585789553
subj03	session18	227	0.03392567278940625
subj03	session18	228	0.4503517015520432
subj03	session18	229	-0.19951302862024772
subj03	session18	230	-0.5283753381745693
subj03	session18	231	-0.34327495372348005
subj03	session18	232	-0.11491670226398977
subj03	session18	233	-0.3923052826427453
subj03	session18	234	0.26755375195785275
subj03	session18	235	0.1518453652285348
subj03	session18	236	0.4392780862879111
subj03	session18	237	0.43380891356969953
subj03	session18	238	0.7459689591342731
subj03	session18	239	0.27021500783141106
subj03	session18	240	0.3503887227680479
subj03	session18	241	0.8665285490531112
subj03	session18	242	1.010729033176705
subj03	session18	243	0.9498832407802932
subj03	session18	244	0.7586544211875267
subj03	session18	245	0.447357254734444
subj03	session18	246	0.31517869856186814
subj03	session18	247	-0.09286629645450661
subj03	session18	248	0.08187384308699985
subj03	session18	249	-0.2045749679624092
subj03	session18	250	0.352263989747971
subj03	session18	251	0.6348981916559875
subj03	session18	252	0.6946903032891927
subj03	session18	253	0.3624804214723053
subj03	session18	254	0.3784052399259576
subj03	session18	255	0.28160615121742844
subj03	session18	256	0.4952385020646448
subj03	session18	257	0.4358137548056386
subj03	session18	258	0.4114424035312544
subj03	session18	259	0.9274070909867578
subj03	session18	260	0.7405894916702264
subj03	session18	261	0.4872889078741279
subj03	session18	262	0.22268119037448383
subj03	session18	263	0.27559020361668807
subj03	session18	264	0.20200056955716925
subj03	session18	265	0.11825573116901608
subj03	session18	266	0.45637904029616977
subj03	session18	267	0.32567421329915996
subj03	session18	268	-0.1579253880108216
subj03	session18	269	-0.18195927666239495
subj03	session18	270	0.061865299729460366
subj03	session18	271	-0.23010963975509044
subj03	session18	272	-0.10172718211590488
subj03	session18	273	0.00478855190089705
subj03	session18	274	-0.29342873415919124
subj03	session18	275	0.3675964687455504
subj03	session18	276	0.32674925245621533
subj03	session18	277	0.42848924960842943
subj03	session18	278	0.6002021927951018
subj03	session18	279	0.27214438274241776
subj03	session18	280	0.2296013099814894
subj03	session18	281	0.04052826427452654
subj03	session18	282	-0.207340168019365
subj03	session18	283	0.06997579382030468
subj03	session18	284	0.004218994731596183
subj03	session18	285	0.4379638331197494
subj03	session18	286	0.10920689164174854
subj03	session18	287	0.09469030328919263
subj03	session18	288	-0.06837818596041577
subj03	session18	289	0.01900897052541649
subj03	session18	290	0.45370069770753235
subj03	session18	291	0.13255446390431438
subj03	session18	292	-0.2353196639612701
subj03	session18	293	-0.017973800370212175
subj03	session18	294	-0.4240153780435712
subj03	session18	295	0.4413384593478571
subj03	session18	296	0.26317243343300584
subj03	session18	297	0.13721486544211878
subj03	session18	298	0.5457781574825573
subj03	session18	299	0.06006834686031613
subj03	session18	300	0.16387868432293895
subj03	session18	301	0.5125772461910864
subj03	session18	302	0.25712658408087713
subj03	session18	303	0.33356542787982346
subj03	session18	304	0.22633632350847213
subj03	session18	305	0.26653424462480424
subj03	session18	306	0.21084579239641177
subj03	session18	307	0.590982486117044
subj03	session18	308	0.6643898618823864
subj03	session18	309	0.5829104371351274
subj03	session18	310	0.813783283497081
subj03	session18	311	0.6878684322938915
subj03	session18	312	-0.125426455930514
subj03	session18	313	-0.12204471023779014
subj03	session18	314	0.34706250889933077
subj03	session18	315	0.3092866296454507
subj03	session18	316	0.43097679054535104
subj03	session18	317	0.26455788124733015
subj03	session18	318	0.6045835113199487
subj03	session18	319	0.3068232948882244
subj03	session18	320	-0.128865157340168
subj03	session18	321	0.12067350135269828
subj03	session18	322	0.14004841235939058
subj03	session18	323	0.426860316104229
subj03	session18	324	0.1225430727609284
subj03	session18	325	-0.07684607717499643
subj03	session18	326	-0.19533817456927244
subj03	session18	327	-0.12205040580948313
subj03	session18	328	0.45012387868432296
subj03	session18	329	0.36507048269970105
subj03	session18	330	0.236239498789691
subj03	session18	331	0.570909867577958
subj03	session18	332	0.541970667805781
subj03	session18	333	0.47352840666381885
subj03	session18	334	-0.032634201908016525
subj03	session18	335	0.3941022355118895
subj03	session18	336	0.6151900897052541
subj03	session18	337	0.3708158906450235
subj03	session18	338	0.03439128577530969
subj03	session18	339	0.05635341022355117
subj03	session18	340	0.4463434429730885
subj03	session18	341	0.17487256158336892
subj03	session18	342	0.427865584508045
subj03	session18	343	0.5057653424462479
subj03	session18	344	0.11738146091413924
subj03	session18	345	-0.3510565285490531
subj03	session18	346	-0.23173714936636766
subj03	session18	347	0.1657012672647017
subj03	session18	348	0.5034742987327353
subj03	session18	349	0.575291186102805
subj03	session18	350	0.4468731311405383
subj03	session18	351	0.31321657411362663
subj03	session18	352	0.26393136836109926
subj03	session18	353	0.4262010536807632
subj03	session18	354	0.2797892638473587
subj03	session18	355	0.30997152214153495
subj03	session18	356	-0.23616403246475864
subj03	session18	357	-0.11071621814039583
subj03	session18	358	0.018292752385020667
subj03	session18	359	0.2078470739000427
subj03	session18	360	0.2549053111206037
subj03	session18	361	0.22813185248469314
subj03	session18	362	-0.01441833974085147
subj03	session18	363	0.41049266695144526
subj03	session18	364	0.40669229673928525
subj03	session18	365	0.2892154349992881
subj03	session18	366	-0.020714794247472593
subj03	session18	367	-0.2033447244767194
subj03	session18	368	0.11478428022212726
subj03	session18	369	0.2698490673501353
subj03	session18	370	0.38815321087854193
subj03	session18	371	0.7074754378470739
subj03	session18	372	0.3519194076605439
subj03	session18	373	0.6210778869429018
subj03	session18	374	0.4887797237647728
subj03	session18	375	0.13004983625231384
subj03	session18	376	0.8925943329061655
subj03	session18	377	0.7215378043571123
subj03	session18	378	0.3016616830414353
subj03	session18	379	0.06145521856756374
subj03	session18	380	-0.11604442545920546
subj03	session18	381	-0.5582457639185534
subj03	session18	382	-0.5753210878541933
subj03	session18	383	-0.13714936636764913
subj03	session18	384	0.19107931083582513
subj03	session18	385	0.5386031610422896
subj03	session18	386	0.8424006834686031
subj03	session18	387	0.5647173572547345
subj03	session18	388	0.34940054107931084
subj03	session18	389	0.2695130286202478
subj03	session18	390	0.35426028762637046
subj03	session18	391	0.20860173714936642
subj03	session18	392	0.2537676206749252
subj03	session18	393	-0.23772461910864304
subj03	session18	394	-0.2944724476719351
subj03	session18	395	0.13418482130143813
subj03	session18	396	0.295291186102805
subj03	session18	397	0.2272262565855048
subj03	session18	398	0.6240424320091129
subj03	session18	399	0.21204186245194362
subj03	session18	400	0.2099202619962979
subj03	session18	401	0.10431154777160757
subj03	session18	402	0.43836964260287625
subj03	session18	403	0.38275523280649293
subj03	session18	404	0.3006806208173145
subj03	session18	405	0.45664673216574114
subj03	session18	406	-0.11035454933788982
subj03	session18	407	0.3861170439982914
subj03	session18	408	0.5388665812330913
subj03	session18	409	0.12352555887797238
subj03	session18	410	0.05951730029901752
subj03	session18	411	-0.06081873843086998
subj03	session18	412	0.22237078171721483
subj03	session18	413	0.4143257867008401
subj03	session18	414	0.9298860885661397
subj03	session18	415	0.9830499786416063
subj03	session18	416	0.5650690588067777
subj03	session18	417	-0.2545507617827139
subj03	session18	418	-0.38609426171151934
subj03	session18	419	-0.15810764630499788
subj03	session18	420	0.2035369500213584
subj03	session18	421	0.14743984052399262
subj03	session18	422	0.13346575537519578
subj03	session18	423	-0.17112060373059942
subj03	session18	424	0.16181119179837677
subj03	session18	425	0.027804357112345166
subj03	session18	426	-0.13967108073472873
subj03	session18	427	-0.08018368218709952
subj03	session18	428	0.25985761070767477
subj03	session18	429	0.7267407090986757
subj03	session18	430	0.5902847785846504
subj03	session18	431	0.6741919407660544
subj03	session18	432	0.9882058949167022
subj03	session18	433	0.6788295600170866
subj03	session18	434	0.16395272675494804
subj03	session18	435	0.22731026626797665
subj03	session18	436	0.16601594760074045
subj03	session18	437	0.09921258721344155
subj03	session18	438	-0.24668802506051546
subj03	session18	439	0.12612273956998435
subj03	session18	440	0.3357340168019365
subj03	session18	441	0.33104940908443686
subj03	session18	442	0.2534828420902748
subj03	session18	443	0.32632493236508614
subj03	session18	444	0.24139399117186383
subj03	session18	445	0.10458208742702549
subj03	session18	446	-0.04351843941335611
subj03	session18	447	0.2947558023636622
subj03	session18	448	0.5134771465185819
subj03	session18	449	0.6430756087142248
subj03	session18	450	0.09968247187811474
subj03	session18	451	-0.12967677630642174
subj03	session18	452	-0.0248526270824434
subj03	session18	453	-0.46132564431154777
subj03	session18	454	-0.47631638900754664
subj03	session18	455	-0.0822782286772035
subj03	session18	456	0.7770126726470169
subj03	session18	457	0.9849409084436851
subj03	session18	458	1.4422041862451944
subj03	session18	459	1.2089705254164886
subj03	session18	460	0.6564901039441834
subj03	session18	461	0.13276377616403245
subj03	session18	462	0.4391186102805069
subj03	session18	463	0.5988779723764773
subj03	session18	464	0.5800711946461626
subj03	session18	465	-0.5438074896767763
subj03	session18	466	0.2566495799515876
subj03	session18	467	0.32461910864302995
subj03	session18	468	0.38191371208885094
subj03	session18	469	0.41377189235369494
subj03	session18	470	-0.34593478570411507
subj03	session18	471	-0.4177815748255731
subj03	session18	472	-0.20136551331339883
subj03	session18	473	0.48431012387868433
subj03	session18	474	-0.06426740709098676
subj03	session18	475	-0.5288836679481702
subj03	session18	476	-0.6904485262708245
subj03	session18	477	0.13537804357112346
subj03	session18	478	0.37274668944895345
subj03	session18	479	0.4785462053253595
subj03	session18	480	1.114613413071337
subj03	session18	481	1.2683012957425601
subj03	session18	482	0.6747800085433576
subj03	session18	483	0.2701879538658693
subj03	session18	484	-0.06492382172860599
subj03	session18	485	0.15052256870283356
subj03	session18	486	-0.5293435853623807
subj03	session18	487	-1.0341534956571266
subj03	session18	488	-0.011308557596468757
subj03	session18	489	0.4758536238074897
subj03	session18	490	0.6717812900469885
subj03	session18	491	0.22454791399686747
subj03	session18	492	0.6473259290901323
subj03	session18	493	0.6777317385732593
subj03	session18	494	0.2815036309269543
subj03	session18	495	0.22047700412928947
subj03	session18	496	0.2958408087711804
subj03	session18	497	0.3006877402819308
subj03	session18	498	0.29108215862167164
subj03	session18	499	0.33945749679624093
subj03	session18	500	0.9576776306421756
subj03	session18	501	0.7269728036451658
subj03	session18	502	0.5211647444112203
subj03	session18	503	0.5988295600170866
subj03	session18	504	-0.34375338174569275
subj03	session18	505	-0.7407689021785561
subj03	session18	506	-0.3634714509468888
subj03	session18	507	-0.44747116616830424
subj03	session18	508	-0.09022212729602733
subj03	session18	509	0.1812273956998434
subj03	session18	510	0.000202192795101843
subj03	session18	511	0.9138416631069344
subj03	session18	512	0.8899359248184537
subj03	session18	513	1.0365171579097252
subj03	session18	514	0.6085006407518154
subj03	session18	515	0.06444824149223978
subj03	session18	516	-0.021607575110351693
subj03	session18	517	0.08086999857610712
subj03	session18	518	0.605415064787128
subj03	session18	519	0.5765883525558879
subj03	session18	520	0.10304713085575963
subj03	session18	521	0.03018368218709954
subj03	session18	522	-0.4431795528976221
subj03	session18	523	-0.19329915990317528
subj03	session18	524	0.42531681617542355
subj03	session18	525	0.4105966111348427
subj03	session18	526	0.4337448383881532
subj03	session18	527	0.5046461626085718
subj03	session18	528	-0.18444539370639326
subj03	session18	529	0.25896198205894916
subj03	session18	530	0.1651146233803218
subj03	session18	531	0.25848782571550627
subj03	session18	532	-0.0009611277231952157
subj03	session18	533	-0.05513028620247756
subj03	session18	534	0.027774455360956823
subj03	session18	535	-0.02949594190516873
subj03	session18	536	0.30108073472874836
subj03	session18	537	0.7407788694290189
subj03	session18	538	0.8039968674355689
subj03	session18	539	0.8056500071194646
subj03	session18	540	0.263421614694575
subj03	session18	541	-0.16139541506478713
subj03	session18	542	-0.696047273245052
subj03	session18	543	0.49198775452086
subj03	session18	544	0.6894888224405524
subj03	session18	545	0.5625815178698562
subj03	session18	546	0.6681019507333048
subj03	session18	547	0.38553751957852767
subj03	session18	548	-0.004869713797522441
subj03	session18	549	0.04045849352128719
subj03	session18	550	-0.11148654421187527
subj03	session18	551	-0.28215577388580376
subj03	session18	552	0.09850064075181547
subj03	session18	553	0.6774611989178414
subj03	session18	554	0.5143884379894632
subj03	session18	555	0.09168304143528411
subj03	session18	556	-0.0033091271536380236
subj03	session18	557	-0.0699401964972234
subj03	session18	558	0.44112772319521565
subj03	session18	559	0.1746589776448811
subj03	session18	560	0.11276947173572542
subj03	session18	561	0.5292538801082157
subj03	session18	562	0.7898106222412075
subj03	session18	563	-0.03956856044425459
subj03	session18	564	0.10051972091698703
subj03	session18	565	0.03228677203474299
subj03	session18	566	0.4175138829560017
subj03	session18	567	0.5587170724761498
subj03	session18	568	0.32600028477858467
subj03	session18	569	0.26590203616688024
subj03	session18	570	0.8247686173999715
subj03	session18	571	0.5125701267264702
subj03	session18	572	0.025829417627794386
subj03	session18	573	0.1926470169443258
subj03	session18	574	-0.2139569984337178
subj03	session18	575	-0.3910308984764346
subj03	session18	576	-0.04561298590346004
subj03	session18	577	0.3679253880108216
subj03	session18	578	0.5429631211732877
subj03	session18	579	0.34422469030328917
subj03	session18	580	0.5592125872134416
subj03	session18	581	0.8761811191798377
subj03	session18	582	0.2779851915135982
subj03	session18	583	-0.015998860885661405
subj03	session18	584	0.022380748967677628
subj03	session18	585	0.2187284636195358
subj03	session18	586	0.6256542787982344
subj03	session18	587	0.7022782286772035
subj03	session18	588	0.503619535810907
subj03	session18	589	-0.054844083724903896
subj03	session18	590	0.14984052399259576
subj03	session18	591	0.22781717214865443
subj03	session18	592	-0.3519749394845508
subj03	session18	593	-0.19603161042289619
subj03	session18	594	0.06604442545920547
subj03	session18	595	0.35151644596326354
subj03	session18	596	-0.06707532393564003
subj03	session18	597	-0.09445251317100951
subj03	session18	598	0.02304428306991311
subj03	session18	599	0.026265128862309566
subj03	session18	600	0.1949451801224548
subj03	session18	601	0.08117328776875977
subj03	session18	602	0.041550619393421605
subj03	session18	603	0.4122938914993593
subj03	session18	604	0.355138829560017
subj03	session18	605	-0.1348526270824434
subj03	session18	606	-0.5600598035027766
subj03	session18	607	0.11736579809198348
subj03	session18	608	-0.12021927951018084
subj03	session18	609	0.24117898334045282
subj03	session18	610	1.0629602733874413
subj03	session18	611	0.8528549053111206
subj03	session18	612	0.6043272105937634
subj03	session18	613	0.6687726043001566
subj03	session18	614	0.20362807916844655
subj03	session18	615	0.19948027908301297
subj03	session18	616	0.1781005268403816
subj03	session18	617	0.15414780008543358
subj03	session18	618	0.006565570269115764
subj03	session18	619	-0.1312829275238502
subj03	session18	620	0.39267407090986756
subj03	session18	621	0.5707703260714795
subj03	session18	622	0.7782514594902463
subj03	session18	623	0.4417143670795956
subj03	session18	624	0.058106222412074617
subj03	session18	625	0.3192510323223693
subj03	session18	626	-0.3606592624234658
subj03	session18	627	-0.07703545493378898
subj03	session18	628	0.0507916844653282
subj03	session18	629	0.24442688309839103
subj03	session18	630	0.027368645877830004
subj03	session18	631	0.08650434287341592
subj03	session18	632	0.030048412359390573
subj03	session18	633	0.15147230528264274
subj03	session18	634	0.11748825288338316
subj03	session18	635	0.4385746831838246
subj03	session18	636	0.1349537234799943
subj03	session18	637	0.13568987612131567
subj03	session18	638	0.34908016517157914
subj03	session18	639	0.45922397835682766
subj03	session18	640	0.2130101096397551
subj03	session18	641	0.4471764203331909
subj03	session18	642	0.216075751103517
subj03	session18	643	0.2629730884237506
subj03	session18	644	0.49461483696426034
subj03	session18	645	0.37915135981774173
subj03	session18	646	0.07233376050121028
subj03	session18	647	0.5096710807347287
subj03	session18	648	0.6633390289050263
subj03	session18	649	0.04514167734586361
subj03	session18	650	-0.09377758792538803
subj03	session18	651	-0.24153495657126586
subj03	session18	652	-0.43138829560017083
subj03	session18	653	-0.0593777587925388
subj03	session18	654	0.430169443257867
subj03	session18	655	0.5476107076747828
subj03	session18	656	0.5013640894204755
subj03	session18	657	0.7045265556030187
subj03	session18	658	0.7826897337320233
subj03	session18	659	0.1983482842090275
subj03	session18	660	0.10991029474583515
subj03	session18	661	0.27511889505909154
subj03	session18	662	-0.01826569841947886
subj03	session18	663	-0.33707959561440975
subj03	session18	664	-0.21641321372632777
subj03	session18	665	0.167549480279083
subj03	session18	666	0.5276092837818597
subj03	session18	667	0.9494945180122454
subj03	session18	668	0.8268702833546917
subj03	session18	669	0.5535056243770469
subj03	session18	670	0.21966111348426598
subj03	session18	671	-0.6798832407802934
subj03	session18	672	-0.5560486971379752
subj03	session18	673	-1.1451359817741706
subj03	session18	674	-0.763737718923537
subj03	session18	675	-0.6351103517015521
subj03	session18	676	-0.4155958991883811
subj03	session18	677	0.402484693151075
subj03	session18	678	0.5428022212729602
subj03	session18	679	0.5022070340310408
subj03	session18	680	0.40209597038302725
subj03	session18	681	0.4296027338744126
subj03	session18	682	0.9267720347429873
subj03	session18	683	0.9221144809910296
subj03	session18	684	0.7891741421045136
subj03	session18	685	0.7808500640751814
subj03	session18	686	0.9757069628363948
subj03	session18	687	0.03941050832977361
subj03	session18	688	-0.24781859604157766
subj03	session18	689	0.21070625088993308
subj03	session18	690	0.36273814609141397
subj03	session18	691	0.6340737576534244
subj03	session18	692	-0.14623807489676774
subj03	session18	693	0.571717214865442
subj03	session18	694	0.8261028050690588
subj03	session18	695	0.6645080449950164
subj03	session18	696	-0.10556030186529973
subj03	session18	697	-0.36536095685604447
subj03	session18	698	0.027619251032322392
subj03	session18	699	0.03450234942332337
subj03	session18	700	-0.010341734301580549
subj03	session18	701	-0.1673586786273672
subj03	session18	702	0.010612273956998455
subj03	session18	703	0.555047700412929
subj03	session18	704	0.9422597180692012
subj03	session18	705	0.8265755375195786
subj03	session18	706	0.7625117471166168
subj03	session18	707	0.7672632778015093
subj03	session18	708	0.49187669087284636
subj03	session18	709	0.5647045422184251
subj03	session18	710	0.6440168019364944
subj03	session18	711	0.46263562580093975
subj03	session18	712	0.12995870710522567
subj03	session18	713	0.17308415207176417
subj03	session18	714	-0.02029759362095971
subj03	session18	715	-0.12128007973800371
subj03	session18	716	0.09269400541079315
subj03	session18	717	-0.06336608287056814
subj03	session18	718	0.2341762779438986
subj03	session18	719	0.008069201196070061
subj03	session18	720	-0.5535027765912004
subj03	session18	721	-0.2594261711519294
subj03	session18	722	-0.5456087142246903
subj03	session18	723	-0.1765684180549623
subj03	session18	724	-0.35891214580663533
subj03	session18	725	-0.2851744268830984
subj03	session18	726	-0.14936636764915276
subj03	session18	727	0.5633931368361099
subj03	session18	728	0.1892111633205183
subj03	session18	729	0.21817029759362097
subj03	session18	730	0.04943044283069917
subj03	session18	731	-0.13470169443257865
subj03	session18	732	0.33731880962551614
subj03	session18	733	0.5727153638046419
subj03	session18	734	0.7458963405951873
subj03	session18	735	0.7671778442261143
subj03	session18	736	0.7027979495941905
subj03	session18	737	0.7575167307418482
subj03	session18	738	1.2843471450946888
subj03	session18	739	-0.19841805496226686
subj03	session18	740	-0.5400583796098534
subj03	session18	741	-0.3054848355403674
subj03	session18	742	0.12936067207745974
subj03	session18	743	0.3936793393136836
subj03	session18	744	0.5038986188238644
subj03	session18	745	0.6092681190374484
subj03	session18	746	0.13025487683326215
subj03	session18	747	0.37910152356542787
subj03	session18	748	0.015558877972376484
subj03	session18	749	-0.31804214723052826
subj03	session19	0	0.010553894347145099
subj03	session19	1	-0.5932422041862452
subj03	session19	2	-0.13754093692154354
subj03	session19	3	0.10199060230670656
subj03	session19	4	0.15719635483411648
subj03	session19	5	-0.15691300014238932
subj03	session19	6	-0.020869998576107034
subj03	session19	7	0.14775879253880106
subj03	session19	8	-0.004177701836821879
subj03	session19	9	0.3012359390573829
subj03	session19	10	0.0663591057952442
subj03	session19	11	-0.08607432721059376
subj03	session19	12	0.3238430869998576
subj03	session19	13	0.21611704399829132
subj03	session19	14	0.31324932365086144
subj03	session19	15	0.5096013099814894
subj03	session19	16	0.19707105225687027
subj03	session19	17	0.22754663249323648
subj03	session19	18	0.791106364801367
subj03	session19	19	0.5083724903887227
subj03	session19	20	0.1671308557596469
subj03	session19	21	0.4330115335326783
subj03	session19	22	0.09405097536665241
subj03	session19	23	-0.0007546632493236626
subj03	session19	24	0.1738017941050833
subj03	session19	25	-0.008494945180122475
subj03	session19	26	-0.08195215719777874
subj03	session19	27	0.8626826142674071
subj03	session19	28	0.8315620105368076
subj03	session19	29	-0.23002278228677203
subj03	session19	30	-0.2340381603303432
subj03	session19	31	0.21461056528549052
subj03	session19	32	0.5183596753524135
subj03	session19	33	0.3414466752100242
subj03	session19	34	0.04597180692011958
subj03	session19	35	0.2527053965541791
subj03	session19	36	-0.24741278655845084
subj03	session19	37	0.03667521002420621
subj03	session19	38	0.33676918695714075
subj03	session19	39	0.37055816602591474
subj03	session19	40	0.3456770610850064
subj03	session19	41	0.16671507902605717
subj03	session19	42	0.22475580236366224
subj03	session19	43	0.5500441406806209
subj03	session19	44	0.20443969813470028
subj03	session19	45	0.018833831695856437
subj03	session19	46	-0.018826712231240193
subj03	session19	47	-0.29310123878684324
subj03	session19	48	-0.30868432293891507
subj03	session19	49	-0.32712800797380037
subj03	session19	50	0.0355375195785277
subj03	session19	51	0.42542503203759074
subj03	session19	52	0.945894916702264
subj03	session19	53	0.8631439555745407
subj03	session19	54	0.4055674213299161
subj03	session19	55	-0.19423038587498218
subj03	session19	56	0.15367221984906734
subj03	session19	57	-0.0018952014808486526
subj03	session19	58	-0.19184251744268832
subj03	session19	59	0.158215862167165
subj03	session19	60	0.3530215007831411
subj03	session19	61	0.36152071764203336
subj03	session19	62	0.23197778727039728
subj03	session19	63	0.19427879823437275
subj03	session19	64	0.5990516873131141
subj03	session19	65	0.5797194930941194
subj03	session19	66	0.3110195073330485
subj03	session19	67	0.41312971664530834
subj03	session19	68	0.21434856898761212
subj03	session19	69	0.46928662964545065
subj03	session19	70	0.21609283781859603
subj03	session19	71	0.2763733447244767
subj03	session19	72	0.11739285205752525
subj03	session19	73	0.2794703118325502
subj03	session19	74	0.12865869286629644
subj03	session19	75	-0.08867293179552899
subj03	session19	76	0.07276377616403246
subj03	session19	77	0.12957567990887087
subj03	session19	78	0.07875409369215436
subj03	session19	79	0.13809910294745834
subj03	session19	80	-0.04854193364658977
subj03	session19	81	-0.023998291328492107
subj03	session19	82	0.6136665242773743
subj03	session19	83	0.7333190944041008
subj03	session19	84	0.3836864587782999
subj03	session19	85	0.3920973942759504
subj03	session19	86	0.030736152641321367
subj03	session19	87	0.162286772034743
subj03	session19	88	0.27588922113057096
subj03	session19	89	-0.21937491100669226
subj03	session19	90	-0.17492239783568275
subj03	session19	91	-0.10506051544923821
subj03	session19	92	-0.3529844795671365
subj03	session19	93	0.12834686031610423
subj03	session19	94	0.40387726043001565
subj03	session19	95	0.4004001139114338
subj03	session19	96	0.7927509611277231
subj03	session19	97	0.27302577246191084
subj03	session19	98	-0.05718211590488397
subj03	session19	99	0.36353979780720486
subj03	session19	100	0.5369201196070056
subj03	session19	101	0.37233091271536384
subj03	session19	102	0.19586928662964545
subj03	session19	103	0.2497736010252029
subj03	session19	104	0.18875409369215435
subj03	session19	105	0.027929659689591328
subj03	session19	106	0.4826883098391001
subj03	session19	107	0.388977644881105
subj03	session19	108	0.010941193222269696
subj03	session19	109	0.028069201196070055
subj03	session19	110	0.11592766623949878
subj03	session19	111	0.06456784849779298
subj03	session19	112	-0.12037305994589208
subj03	session19	113	0.040864303004414085
subj03	session19	114	0.07717214865442118
subj03	session19	115	0.1689634059518724
subj03	session19	116	0.12157197778727041
subj03	session19	117	0.8478840951160472
subj03	session19	118	0.20971949309411933
subj03	session19	119	0.37144525131710093
subj03	session19	120	-0.11292325217143667
subj03	session19	121	-0.04685462053253596
subj03	session19	122	-0.17105225687028336
subj03	session19	123	0.43014523707817176
subj03	session19	124	0.4843357539513029
subj03	session19	125	-0.2677829987184963
subj03	session19	126	0.08879965826569843
subj03	session19	127	0.03451231667378614
subj03	session19	128	0.10675921970667807
subj03	session19	129	0.37433005837960986
subj03	session19	130	0.26335611562010536
subj03	session19	131	0.4738359675352414
subj03	session19	132	0.41444681759931656
subj03	session19	133	0.15991883810337462
subj03	session19	134	0.4904499501637477
subj03	session19	135	0.2364274526555603
subj03	session19	136	0.34056670938345435
subj03	session19	137	0.34570553894347145
subj03	session19	138	0.24022497508187385
subj03	session19	139	0.506205325359533
subj03	session19	140	0.004213299159903149
subj03	session19	141	0.2511761355546063
subj03	session19	142	0.23213014381318528
subj03	session19	143	0.36202192795101806
subj03	session19	144	0.1469457496796241
subj03	session19	145	0.23759362095970385
subj03	session19	146	0.05922397835682756
subj03	session19	147	0.02282927523850206
subj03	session19	148	0.18268973373202335
subj03	session19	149	-0.14917129431866724
subj03	session19	150	-0.24931368361099246
subj03	session19	151	-0.13721201765627225
subj03	session19	152	-0.2371479424747259
subj03	session19	153	0.2927025487683326
subj03	session19	154	0.6303744838388152
subj03	session19	155	0.3713968389577103
subj03	session19	156	0.16407375765342447
subj03	session19	157	0.4422212729602733
subj03	session19	158	-0.07602733874412643
subj03	session19	159	0.14706393279225402
subj03	session19	160	0.044087996582656996
subj03	session19	161	0.30107503915705536
subj03	session19	162	0.42368645877829986
subj03	session19	163	0.6034358536238076
subj03	session19	164	1.1093806065783853
subj03	session19	165	0.9282386444539369
subj03	session19	166	0.42347857041150505
subj03	session19	167	0.09665385163035736
subj03	session19	168	0.22263277801509324
subj03	session19	169	0.18568133276377616
subj03	session19	170	-0.30789691015235654
subj03	session19	171	-0.37538801082158624
subj03	session19	172	-0.2657283212302435
subj03	session19	173	-0.12650576676633915
subj03	session19	174	-0.20096967108073474
subj03	session19	175	-0.15569557169300868
subj03	session19	176	0.2636038729887512
subj03	session19	177	0.5379937348711378
subj03	session19	178	0.783235084721629
subj03	session19	179	0.6707176420333192
subj03	session19	180	0.47289477431297167
subj03	session19	181	0.10624946604015378
subj03	session19	182	0.341309981489392
subj03	session19	183	-0.12465755375195782
subj03	session19	184	-0.11342303858749823
subj03	session19	185	0.2021970667805781
subj03	session19	186	0.3641036594048127
subj03	session19	187	0.39561013811761353
subj03	session19	188	-0.404573544069486
subj03	session19	189	-0.052387868432293885
subj03	session19	190	-0.13559589918838102
subj03	session19	191	-0.04765200056955722
subj03	session19	192	0.2002477573686459
subj03	session19	193	0.5554891072191371
subj03	session19	194	0.7851431012387868
subj03	session19	195	0.8614025345294033
subj03	session19	196	1.08514452513171
subj03	session19	197	0.48369784992168585
subj03	session19	198	0.2878314110778869
subj03	session19	199	0.16103089847643456
subj03	session19	200	0.14038729887512458
subj03	session19	201	-0.08651573401680192
subj03	session19	202	-0.23180407233376055
subj03	session19	203	-0.11894204755802366
subj03	session19	204	-0.33008258578954863
subj03	session19	205	0.033776164032464744
subj03	session19	206	0.2011604727324505
subj03	session19	207	0.13682471878114766
subj03	session19	208	0.2808614552185676
subj03	session19	209	-0.026507190659262426
subj03	session19	210	0.23218994731596182
subj03	session19	211	0.19186957140823008
subj03	session19	212	0.2447102377901182
subj03	session19	213	0.24936067207745977
subj03	session19	214	0.0013939911718638706
subj03	session19	215	0.22821301438131852
subj03	session19	216	0.4234372775167307
subj03	session19	217	0.318198775452086
subj03	session19	218	0.23028477858465043
subj03	session19	219	0.6326840381603303
subj03	session19	220	0.22302007689021786
subj03	session19	221	-0.18306706535668518
subj03	session19	222	-0.10004129289477431
subj03	session19	223	0.10398262850633636
subj03	session19	224	0.22076890217855616
subj03	session19	225	0.2623736295030614
subj03	session19	226	0.36132279652570126
subj03	session19	227	0.4396710807347287
subj03	session19	228	0.3155816602591485
subj03	session19	229	0.164918126156913
subj03	session19	230	0.3623565427879824
subj03	session19	231	0.4843827424177702
subj03	session19	232	0.3740039869001851
subj03	session19	233	0.47109354976505763
subj03	session19	234	0.16226256585504772
subj03	session19	235	-0.07438559020361671
subj03	session19	236	-0.10829702406379041
subj03	session19	237	0.2649366367649153
subj03	session19	238	0.13691300014238927
subj03	session19	239	0.23440125302577247
subj03	session19	240	0.29402107361526414
subj03	session19	241	0.2888722768047843
subj03	session19	242	0.28074469599886087
subj03	session19	243	0.43323223693578244
subj03	session19	244	-0.05318382457639186
subj03	session19	245	-0.0717058237220561
subj03	session19	246	-0.25775736864587784
subj03	session19	247	-0.03612701124875412
subj03	session19	248	0.16782571550619393
subj03	session19	249	0.33488964829844803
subj03	session19	250	0.5437291755659974
subj03	session19	251	0.24341307133703544
subj03	session19	252	0.2994987896910153
subj03	session19	253	-0.027129431866723626
subj03	session19	254	0.25746831838245765
subj03	session19	255	0.15331482272533106
subj03	session19	256	0.06198633062793676
subj03	session19	257	0.5761497935355261
subj03	session19	258	0.6771992026199629
subj03	session19	259	0.02102093122597182
subj03	session19	260	-0.3034757226256586
subj03	session19	261	-0.10583796098533392
subj03	session19	262	0.2666424604869714
subj03	session19	263	0.22540794532251177
subj03	session19	264	0.3296098533390289
subj03	session19	265	0.27951445251317103
subj03	session19	266	0.1629147088138972
subj03	session19	267	-0.09477146518581803
subj03	session19	268	-0.1072661255873558
subj03	session19	269	0.04724191940766054
subj03	session19	270	0.39665812330912714
subj03	session19	271	0.29351416773458633
subj03	session19	272	0.009326498647301715
subj03	session19	273	0.22021785561725757
subj03	session19	274	0.5556044425459206
subj03	session19	275	0.4722469030328919
subj03	session19	276	0.40110921258721344
subj03	session19	277	0.4312345151644596
subj03	session19	278	0.5376107076747828
subj03	session19	279	0.3571280079738004
subj03	session19	280	0.19729175565997437
subj03	session19	281	-0.10888509184109356
subj03	session19	282	-0.5079738003702122
subj03	session19	283	-0.35982201338459346
subj03	session19	284	0.15988466467321658
subj03	session19	285	0.3223935640039869
subj03	session19	286	0.693082728178841
subj03	session19	287	0.8450647871280079
subj03	session19	288	0.21609995728321232
subj03	session19	289	0.41083297736010255
subj03	session19	290	0.09113769044567847
subj03	session19	291	0.08072048981916562
subj03	session19	292	0.1518368218709953
subj03	session19	293	0.3199259575679909
subj03	session19	294	0.34156485832265415
subj03	session19	295	0.2680991029474583
subj03	session19	296	0.42345721201765624
subj03	session19	297	0.22151502207034032
subj03	session19	298	0.1802534529403389
subj03	session19	299	0.31449807774455363
subj03	session19	300	-0.05210736152641321
subj03	session19	301	-0.028520575252741
subj03	session19	302	-0.09588210166595473
subj03	session19	303	0.11147372917556596
subj03	session19	304	0.26391428164602027
subj03	session19	305	0.312778015093265
subj03	session19	306	0.2272974512316674
subj03	session19	307	0.1058521999145664
subj03	session19	308	0.06606578385305426
subj03	session19	309	-0.0087199202619963
subj03	session19	310	0.2912957425601595
subj03	session19	311	0.035536095685604445
subj03	session19	312	0.4304670368788267
subj03	session19	313	0.2665071906592624
subj03	session19	314	0.44933504200484126
subj03	session19	315	0.5144439698134701
subj03	session19	316	0.48700555318240063
subj03	session19	317	0.6812686885946176
subj03	session19	318	0.6035924818453652
subj03	session19	319	0.6299786416061512
subj03	session19	320	0.375432151502207
subj03	session19	321	0.1805652854905311
subj03	session19	322	-0.05344582087427027
subj03	session19	323	0.06066211020931225
subj03	session19	324	-0.3171194646162608
subj03	session19	325	-0.023821728606008848
subj03	session19	326	0.2806749252456215
subj03	session19	327	0.2153282073188096
subj03	session19	328	0.023650861455218584
subj03	session19	329	0.34647301722910434
subj03	session19	330	0.206041577673359
subj03	session19	331	-0.03213299159903181
subj03	session19	332	0.0843514167734586
subj03	session19	333	0.48251032322369364
subj03	session19	334	0.512608571835398
subj03	session19	335	1.022094546490104
subj03	session19	336	0.5283938487825716
subj03	session19	337	0.33772461910864304
subj03	session19	338	0.0010636480136694002
subj03	session19	339	-0.20858180264844084
subj03	session19	340	0.06888509184109355
subj03	session19	341	0.6901210308984764
subj03	session19	342	-0.18464046703687884
subj03	session19	343	-0.18098391000996722
subj03	session19	344	-0.20868717072476148
subj03	session19	345	0.12123736295030618
subj03	session19	346	0.12016374768617398
subj03	session19	347	-0.011865299729460358
subj03	session19	348	0.23955432151502204
subj03	session19	349	0.3666453082728179
subj03	session19	350	0.5182187099530116
subj03	session19	351	-0.0470012815036309
subj03	session19	352	0.4240509753666524
subj03	session19	353	0.42394560729033176
subj03	session19	354	0.811846789121458
subj03	session19	355	0.40696283639470315
subj03	session19	356	-0.14699273814609143
subj03	session19	357	-0.27731026626797656
subj03	session19	358	0.12368645877829985
subj03	session19	359	0.4832165741136267
subj03	session19	360	0.30602449095828
subj03	session19	361	0.31082158621671646
subj03	session19	362	0.47641036594048125
subj03	session19	363	0.04941478000854336
subj03	session19	364	-0.005597323081304294
subj03	session19	365	-0.1004841235939057
subj03	session19	366	0.4103901466609711
subj03	session19	367	0.9175252740993878
subj03	session19	368	0.685641463761925
subj03	session19	369	0.09661540652142957
subj03	session19	370	-0.04285917698989038
subj03	session19	371	-0.09173857325929088
subj03	session19	372	0.380338886515734
subj03	session19	373	0.0014922397835682479
subj03	session19	374	0.3382244055247045
subj03	session19	375	0.3716132706820447
subj03	session19	376	0.8722654136408942
subj03	session19	377	0.4585134557881248
subj03	session19	378	0.9423750533959846
subj03	session19	379	0.8150106791969244
subj03	session19	380	0.3369913142531682
subj03	session19	381	0.2846860316104229
subj03	session19	382	0.04482842090274812
subj03	session19	383	-0.18173714936636762
subj03	session19	384	0.005453509896055822
subj03	session19	385	-0.1515349565712658
subj03	session19	386	0.4107404243200911
subj03	session19	387	0.28508756941478003
subj03	session19	388	0.47159476007404255
subj03	session19	389	0.5142531681617543
subj03	session19	390	-0.05846504342873416
subj03	session19	391	-0.042478997579382026
subj03	session19	392	-0.3088381033746263
subj03	session19	393	0.22877829987184967
subj03	session19	394	0.357210593763349
subj03	session19	395	0.13958991883810337
subj03	session19	396	-0.06972803645165883
subj03	session19	397	-0.3096411789833405
subj03	session19	398	-0.4330143813185249
subj03	session19	399	0.09674213299159905
subj03	session19	400	0.3208386729317955
subj03	session19	401	0.6934913854478143
subj03	session19	402	0.4450277659120034
subj03	session19	403	0.3187398547629219
subj03	session19	404	0.5174099387726043
subj03	session19	405	0.2605866438843799
subj03	session19	406	0.42938914993592486
subj03	session19	407	0.5107461198917841
subj03	session19	408	0.4411718638758365
subj03	session19	409	0.42523850206464475
subj03	session19	410	0.562315249893208
subj03	session19	411	0.5060373059945893
subj03	session19	412	0.16547344439698136
subj03	session19	413	-0.2920532535953296
subj03	session19	414	-0.09286629645450663
subj03	session19	415	-0.08391570553894344
subj03	session19	416	0.09208457923964117
subj03	session19	417	0.16701836821870997
subj03	session19	418	-0.2651060800227823
subj03	session19	419	0.1730457069628364
subj03	session19	420	0.4537548056386161
subj03	session19	421	0.2485519008970526
subj03	session19	422	0.16627509611277233
subj03	session19	423	0.2880962551616118
subj03	session19	424	0.3675736864587783
subj03	session19	425	0.552174284493806
subj03	session19	426	0.8096013099814894
subj03	session19	427	0.5715961839669658
subj03	session19	428	0.47156058664388434
subj03	session19	429	0.30690445678484973
subj03	session19	430	-0.20618539085860746
subj03	session19	431	-0.48018510608002274
subj03	session19	432	-0.6378328349708102
subj03	session19	433	-0.6051317100954008
subj03	session19	434	-0.04834970810195076
subj03	session19	435	0.739537234799943
subj03	session19	436	0.98929944468176
subj03	session19	437	0.8648398120461341
subj03	session19	438	-0.05934643314822725
subj03	session19	439	0.48420760358821024
subj03	session19	440	0.42118895059091555
subj03	session19	441	0.4215292609995729
subj03	session19	442	0.471129147088139
subj03	session19	443	0.30730457069628364
subj03	session19	444	0.2823793250747544
subj03	session19	445	0.45629075893492804
subj03	session19	446	0.5768133276377616
subj03	session19	447	0.01618111917983765
subj03	session19	448	-0.03727182115904885
subj03	session19	449	0.5416403246475865
subj03	session19	450	-0.25084152071764204
subj03	session19	451	0.098520575252741
subj03	session19	452	0.25197209169870427
subj03	session19	453	0.628029332194219
subj03	session19	454	0.175392282500356
subj03	session19	455	0.29515449238217284
subj03	session19	456	0.18020361668802506
subj03	session19	457	0.2578342588637334
subj03	session19	458	0.30842090274811335
subj03	session19	459	0.2810579524419764
subj03	session19	460	-0.1960401537804357
subj03	session19	461	0.6744881104940909
subj03	session19	462	0.8482956001708671
subj03	session19	463	-0.025986045849352116
subj03	session19	464	0.22818596041577677
subj03	session19	465	-0.02619962978783997
subj03	session19	466	0.23210024206179697
subj03	session19	467	-0.01666239498789689
subj03	session19	468	-0.40462765200056955
subj03	session19	469	-0.29237220561013816
subj03	session19	470	-0.5111789833404529
subj03	session19	471	-0.20818596041577675
subj03	session19	472	0.1502790830129574
subj03	session19	473	0.4175893492809341
subj03	session19	474	0.29156058664388435
subj03	session19	475	0.323472874839812
subj03	session19	476	0.34634344297308844
subj03	session19	477	0.407227680478428
subj03	session19	478	0.5015150220703403
subj03	session19	479	0.1782671223124021
subj03	session19	480	-0.2830229246760643
subj03	session19	481	0.2098803929944468
subj03	session19	482	0.09110778869429018
subj03	session19	483	0.4753082728178841
subj03	session19	484	0.24369642602876265
subj03	session19	485	0.24122881959276662
subj03	session19	486	0.5619749394845508
subj03	session19	487	0.6671237362950306
subj03	session19	488	0.638971949309412
subj03	session19	489	0.12274953723479991
subj03	session19	490	-0.03669656841805497
subj03	session19	491	0.10412217001281503
subj03	session19	492	0.15907731738573258
subj03	session19	493	0.14447529545778157
subj03	session19	494	0.20997864160615118
subj03	session19	495	0.20146518581802647
subj03	session19	496	0.5053381745692724
subj03	session19	497	0.30675494802790837
subj03	session19	498	0.30826285063363235
subj03	session19	499	0.3221315677061085
subj03	session19	500	0.653941335611562
subj03	session19	501	0.5900811618966253
subj03	session19	502	0.6135696995585932
subj03	session19	503	0.36946176847501067
subj03	session19	504	-0.17464331482272533
subj03	session19	505	-0.42769186957140826
subj03	session19	506	-0.11084436850348854
subj03	session19	507	-0.30955004983625234
subj03	session19	508	-0.04180122454791399
subj03	session19	509	-0.10986473017229104
subj03	session19	510	0.05212017656272246
subj03	session19	511	-0.05253595329631212
subj03	session19	512	0.8063078456500071
subj03	session19	513	1.007069628363947
subj03	session19	514	0.5312117328776875
subj03	session19	515	0.5030328919265271
subj03	session19	516	0.46606293606720783
subj03	session19	517	0.7838074896767764
subj03	session19	518	1.1429346433148226
subj03	session19	519	0.0006293606720774458
subj03	session19	520	0.25785988893635203
subj03	session19	521	0.1612245479139969
subj03	session19	522	0.503794674640467
subj03	session19	523	0.35252313826000287
subj03	session19	524	-0.02362380748967676
subj03	session19	525	-0.14185390858607436
subj03	session19	526	-0.2720731880962551
subj03	session19	527	-0.5986302150078313
subj03	session19	528	-0.31575964687455504
subj03	session19	529	0.007778727039726628
subj03	session19	530	0.5446233803217998
subj03	session19	531	0.3355004983625231
subj03	session19	532	-0.08833262138687174
subj03	session19	533	-0.1693863021500783
subj03	session19	534	-0.26777445536095684
subj03	session19	535	0.28641178983340454
subj03	session19	536	0.5356528549053111
subj03	session19	537	0.49228107646305
subj03	session19	538	0.5015207176420333
subj03	session19	539	-0.08245336750676349
subj03	session19	540	0.23122027623522715
subj03	session19	541	0.189700982486117
subj03	session19	542	0.38285348141819736
subj03	session19	543	0.20229104371351278
subj03	session19	544	0.18239356400398687
subj03	session19	545	0.47569699558593187
subj03	session19	546	0.28376619678200204
subj03	session19	547	0.2894518012245479
subj03	session19	548	0.3089591342731027
subj03	session19	549	0.43007689021785567
subj03	session19	550	0.1811334187669087
subj03	session19	551	-0.06861739997152219
subj03	session19	552	-0.05905738288480706
subj03	session19	553	0.3959646874555033
subj03	session19	554	0.27601452370781715
subj03	session19	555	0.267204898191656
subj03	session19	556	-0.5700726185390859
subj03	session19	557	-0.04374626228107648
subj03	session19	558	0.11418054962266835
subj03	session19	559	0.2959974369927381
subj03	session19	560	0.6271792681190376
subj03	session19	561	0.6217926811903746
subj03	session19	562	0.6211718638758366
subj03	session19	563	0.4550320375907732
subj03	session19	564	0.4602306706535669
subj03	session19	565	0.7079823437277516
subj03	session19	566	0.9634600598035028
subj03	session19	567	0.4394432578670084
subj03	session19	568	0.18446959988608858
subj03	session19	569	0.18447244767193507
subj03	session19	570	0.09768190232094544
subj03	session19	571	-0.1885120318952014
subj03	session19	572	-0.12023636622525982
subj03	session19	573	0.3979695286914424
subj03	session19	574	0.6458920689164175
subj03	session19	575	0.4410835825145949
subj03	session19	576	0.29172006265128864
subj03	session19	577	-0.2562879111490816
subj03	session19	578	0.023417343015805222
subj03	session19	579	-0.19841378328349704
subj03	session19	580	-0.09607432721059375
subj03	session19	581	-0.04856329204043856
subj03	session19	582	0.31007689021785567
subj03	session19	583	0.05396269400541081
subj03	session19	584	0.3305994589206892
subj03	session19	585	0.49726470169443265
subj03	session19	586	0.28392140111063646
subj03	session19	587	0.4883425886373345
subj03	session19	588	0.5872006265128863
subj03	session19	589	0.30371778442261144
subj03	session19	590	0.011482272533105506
subj03	session19	591	0.09009540082585792
subj03	session19	592	0.3977345863591058
subj03	session19	593	0.34456927239071616
subj03	session19	594	-0.18784280222127298
subj03	session19	595	0.09037021216004558
subj03	session19	596	0.011130570981062226
subj03	session19	597	0.1580734728748398
subj03	session19	598	0.22129147088138976
subj03	session19	599	-0.33760358821016656
subj03	session19	600	-0.193613840239214
subj03	session19	601	0.3727865584508045
subj03	session19	602	0.8496141250177986
subj03	session19	603	0.9628207318809625
subj03	session19	604	0.15745692723907162
subj03	session19	605	0.44757226256585514
subj03	session19	606	0.08081589064502347
subj03	session19	607	-0.5523451516445963
subj03	session19	608	0.1519051687313114
subj03	session19	609	0.4798860885661398
subj03	session19	610	0.14845934785704112
subj03	session19	611	0.09062793677915423
subj03	session19	612	0.1462850633632351
subj03	session19	613	0.52648868005126
subj03	session19	614	0.4044866866011676
subj03	session19	615	0.3166125587355831
subj03	session19	616	0.3584379894631924
subj03	session19	617	0.2574241777018368
subj03	session19	618	0.30730599458920693
subj03	session19	619	0.23205040580948313
subj03	session19	620	0.21797095258436563
subj03	session19	621	0.03799943044283069
subj03	session19	622	-0.06099387726043001
subj03	session19	623	0.5353666524277374
subj03	session19	624	-0.05732877687597892
subj03	session19	625	0.4242944610565285
subj03	session19	626	0.13110921258721342
subj03	session19	627	0.038412359390573844
subj03	session19	628	0.07808771180407233
subj03	session19	629	0.1934828420902748
subj03	session19	630	0.12393279225402253
subj03	session19	631	-0.0013612416346290763
subj03	session19	632	-0.05063790402961696
subj03	session19	633	-0.07393279225402252
subj03	session19	634	-0.11169728036451657
subj03	session19	635	0.479853339028905
subj03	session19	636	0.28643030044140677
subj03	session19	637	0.07668232948882246
subj03	session19	638	0.366262281076463
subj03	session19	639	0.4569756514310124
subj03	session19	640	0.4126327780150933
subj03	session19	641	0.2971450946888794
subj03	session19	642	0.08377046846077177
subj03	session19	643	0.4521814039584224
subj03	session19	644	0.22088850918410938
subj03	session19	645	-0.10554748682899047
subj03	session19	646	0.27353837391428165
subj03	session19	647	0.19938203047130856
subj03	session19	648	0.28886942901893775
subj03	session19	649	0.24510323223693578
subj03	session19	650	0.20125444966538517
subj03	session19	651	0.14235084721628932
subj03	session19	652	0.27751388295600177
subj03	session19	653	0.34096112772319526
subj03	session19	654	-0.05950448526270824
subj03	session19	655	0.1137305994589207
subj03	session19	656	0.17916844653282077
subj03	session19	657	0.2903915705538943
subj03	session19	658	0.1546091413925673
subj03	session19	659	0.21689306564146377
subj03	session19	660	0.31349138544781435
subj03	session19	661	0.2501124875409369
subj03	session19	662	0.23569130001423894
subj03	session19	663	0.06162039014666097
subj03	session19	664	0.2230642175708387
subj03	session19	665	0.29940766054392715
subj03	session19	666	0.17100811618966255
subj03	session19	667	0.2768062081731454
subj03	session19	668	0.08621671650291896
subj03	session19	669	-0.21997579382030472
subj03	session19	670	-0.01260002847785846
subj03	session19	671	0.17590346005980348
subj03	session19	672	0.4528164602021928
subj03	session19	673	0.4660529688167451
subj03	session19	674	0.30149793535526126
subj03	session19	675	0.45452940338886516
subj03	session19	676	0.07563719208315536
subj03	session19	677	0.13656984194788555
subj03	session19	678	0.3282699700982486
subj03	session19	679	0.4447785846504342
subj03	session19	680	0.20640894204755805
subj03	session19	681	-0.24238644453937067
subj03	session19	682	-0.23177417058237224
subj03	session19	683	0.07857325929090132
subj03	session19	684	0.05015947600740429
subj03	session19	685	0.39026484408372497
subj03	session19	686	0.3656927239071621
subj03	session19	687	0.0252783710664958
subj03	session19	688	0.18657696141250182
subj03	session19	689	0.17997009824861168
subj03	session19	690	0.29916987042574406
subj03	session19	691	0.3620019934500926
subj03	session19	692	0.39651003844510896
subj03	session19	693	0.34121885234230387
subj03	session19	694	0.23572547344439695
subj03	session19	695	0.43967962409226824
subj03	session19	696	0.28130570981062225
subj03	session19	697	0.12352555887797238
subj03	session19	698	0.1033874412644169
subj03	session19	699	0.0543015805211448
subj03	session19	700	0.13289619820589493
subj03	session19	701	0.7140424320091129
subj03	session19	702	0.31374768617399973
subj03	session19	703	0.6988793962694007
subj03	session19	704	0.31514879681047986
subj03	session19	705	0.016387583653709237
subj03	session19	706	-0.04353552612843514
subj03	session19	707	0.03768475010679199
subj03	session19	708	0.11958564715933362
subj03	session19	709	0.26817029759362093
subj03	session19	710	0.3037590773173857
subj03	session19	711	-0.5892866296454506
subj03	session19	712	0.14112629930229245
subj03	session19	713	0.3614238929232521
subj03	session19	714	0.48719635483411644
subj03	session19	715	0.21185106080022784
subj03	session19	716	0.2873131140538231
subj03	session19	717	0.07666524277374338
subj03	session19	718	-0.08113626655275523
subj03	session19	719	0.15008400968247193
subj03	session19	720	0.18131710095400827
subj03	session19	721	0.22031468033603874
subj03	session19	722	-0.14553040011391147
subj03	session19	723	-0.13258009397693293
subj03	session19	724	0.4785618681475154
subj03	session19	725	0.6381261569130002
subj03	session19	726	0.25000000000000006
subj03	session19	727	0.28160615121742844
subj03	session19	728	0.465081873843087
subj03	session19	729	0.279249608429446
subj03	session19	730	0.22580093976932936
subj03	session19	731	0.05756229531539231
subj03	session19	732	-0.006370496938630218
subj03	session19	733	0.5862679766481561
subj03	session19	734	-0.09728606008828136
subj03	session19	735	0.09015235654278797
subj03	session19	736	0.134771465185818
subj03	session19	737	0.11129859034600599
subj03	session19	738	0.29875694147800086
subj03	session19	739	0.44263420190801644
subj03	session19	740	0.1854834116474441
subj03	session19	741	0.20375907731738574
subj03	session19	742	0.3736693720632208
subj03	session19	743	0.4771365513313399
subj03	session19	744	0.4677587925388011
subj03	session19	745	0.20532963121173287
subj03	session19	746	0.25461626085718353
subj03	session19	747	0.07877260430015663
subj03	session19	748	0.1728250035597323
subj03	session19	749	0.3603744838388153
subj03	session20	0	-0.038621671650291914
subj03	session20	1	0.330028477858465
subj03	session20	2	0.36255304001139116
subj03	session20	3	0.09028335469172717
subj03	session20	4	0.024527979495941907
subj03	session20	5	-0.22566282215577388
subj03	session20	6	0.03552185675637192
subj03	session20	7	0.03959561440979639
subj03	session20	8	0.08338032179980065
subj03	session20	9	0.12912715363804642
subj03	session20	10	0.7368090559589918
subj03	session20	11	0.6393165313968391
subj03	session20	12	0.2618197351559163
subj03	session20	13	0.3723964117898334
subj03	session20	14	0.5803246475865015
subj03	session20	15	0.4854563576819023
subj03	session20	16	0.2953638046418908
subj03	session20	17	0.1577431297166453
subj03	session20	18	-0.0025145949024633365
subj03	session20	19	0.25195215719777875
subj03	session20	20	0.18193649437562293
subj03	session20	21	0.19162608571835396
subj03	session20	22	-0.0016688025060515508
subj03	session20	23	-0.3814196212444824
subj03	session20	24	0.4639313683610993
subj03	session20	25	0.47083155346717925
subj03	session20	26	0.45141819735155914
subj03	session20	27	0.48268119037448387
subj03	session20	28	0.3900840096824719
subj03	session20	29	0.10845080449950162
subj03	session20	30	-0.0048668660116759025
subj03	session20	31	0.21165598746974232
subj03	session20	32	0.4864217570838673
subj03	session20	33	-0.16514879681047986
subj03	session20	34	0.16009397693293465
subj03	session20	35	-0.018530542503203747
subj03	session20	36	-0.09292609995728321
subj03	session20	37	-0.03507617827139399
subj03	session20	38	0.17839954435426453
subj03	session20	39	0.41998148939199764
subj03	session20	40	0.4051302862024776
subj03	session20	41	-0.03586359105795245
subj03	session20	42	0.05688879396269401
subj03	session20	43	0.6627538089135697
subj03	session20	44	0.5499473159618397
subj03	session20	45	0.3651288623095544
subj03	session20	46	0.26481702975936205
subj03	session20	47	0.266871707247615
subj03	session20	48	0.454929517300299
subj03	session20	49	0.21980635056243777
subj03	session20	50	0.14886515734016803
subj03	session20	51	0.14978499216858893
subj03	session20	52	0.371942189947316
subj03	session20	53	0.23077317385732593
subj03	session20	54	0.3333717784422612
subj03	session20	55	0.10920831553467181
subj03	session20	56	0.16629360672077462
subj03	session20	57	-0.030693435853623805
subj03	session20	58	0.35263562580093977
subj03	session20	59	0.8199259575679909
subj03	session20	60	0.7694674640467037
subj03	session20	61	0.35042859176989893
subj03	session20	62	0.4209468887939627
subj03	session20	63	-0.3236622525986046
subj03	session20	64	-0.19076747828563292
subj03	session20	65	-0.21652427737434143
subj03	session20	66	-0.04316389007546633
subj03	session20	67	0.3100598035027766
subj03	session20	68	0.23383027196354833
subj03	session20	69	0.4241890929802079
subj03	session20	70	0.3254905311120604
subj03	session20	71	0.17789691015235656
subj03	session20	72	0.4437362950306137
subj03	session20	73	0.24019507333048554
subj03	session20	74	-0.1792410650719066
subj03	session20	75	-0.16152498932080311
subj03	session20	76	0.1320575252740994
subj03	session20	77	0.312947458351132
subj03	session20	78	0.1506820447102378
subj03	session20	79	0.056871707247614985
subj03	session20	80	0.09784280222127296
subj03	session20	81	0.3713470027053965
subj03	session20	82	0.37664957995158765
subj03	session20	83	0.7204641890929803
subj03	session20	84	0.5780150932649865
subj03	session20	85	0.48102520290474154
subj03	session20	86	0.32616403246475867
subj03	session20	87	0.21854478143243627
subj03	session20	88	-0.23803360387298875
subj03	session20	89	0.14575110351701553
subj03	session20	90	0.4472461910864303
subj03	session20	91	0.6020375907731738
subj03	session20	92	0.3792410650719066
subj03	session20	93	0.4451530684892497
subj03	session20	94	0.26365513313398836
subj03	session20	95	0.14171151929374912
subj03	session20	96	0.14343300583796098
subj03	session20	97	0.5742019080165172
subj03	session20	98	0.12742560159476007
subj03	session20	99	-0.029122881959276644
subj03	session20	100	-0.2392011960700555
subj03	session20	101	0.08957710380179411
subj03	session20	102	0.04765057667663392
subj03	session20	103	-0.2009511604727325
subj03	session20	104	0.04105368076320656
subj03	session20	105	0.42954862594332904
subj03	session20	106	0.5070212160045565
subj03	session20	107	0.4555375195785277
subj03	session20	108	0.5425231382600029
subj03	session20	109	0.34276520005695577
subj03	session20	110	0.3053723479994304
subj03	session20	111	0.15268830983910006
subj03	session20	112	0.23212302434856893
subj03	session20	113	0.05953438701409653
subj03	session20	114	0.14136551331339883
subj03	session20	115	0.39678769756514315
subj03	session20	116	0.07947031183255017
subj03	session20	117	-0.0015548910721913532
subj03	session20	118	-0.21372205610138117
subj03	session20	119	0.1123850206464474
subj03	session20	120	0.48865726897337325
subj03	session20	121	0.3459105795244197
subj03	session20	122	0.32274384166310693
subj03	session20	123	0.2941136266552755
subj03	session20	124	0.16713085575964687
subj03	session20	125	0.24996582656984198
subj03	session20	126	0.18950590915563148
subj03	session20	127	0.4365200056955717
subj03	session20	128	0.49905026342019077
subj03	session20	129	0.3958991883810337
subj03	session20	130	0.4882144382742417
subj03	session20	131	0.6279681047985192
subj03	session20	132	0.6182044710237791
subj03	session20	133	0.09962409226826144
subj03	session20	134	0.37276520005695574
subj03	session20	135	0.40789548625943334
subj03	session20	136	0.12410935497650577
subj03	session20	137	0.38849494518012245
subj03	session20	138	0.32030898476434577
subj03	session20	139	0.5495870710522568
subj03	session20	140	0.4121073615264132
subj03	session20	141	0.5288865157340169
subj03	session20	142	0.1577118040723338
subj03	session20	143	0.001399686743556874
subj03	session20	144	-0.09809910294745834
subj03	session20	145	-0.04612131567706107
subj03	session20	146	0.05965114623380321
subj03	session20	147	0.06980207888366793
subj03	session20	148	-0.17966538516303576
subj03	session20	149	-0.038943471450946905
subj03	session20	150	0.3183981204613413
subj03	session20	151	0.5418966253737718
subj03	session20	152	-0.01306706535668516
subj03	session20	153	-0.10438559020361672
subj03	session20	154	0.09863448668660119
subj03	session20	155	0.22649722340879966
subj03	session20	156	0.35558593193791826
subj03	session20	157	0.5701495087569415
subj03	session20	158	0.6668475010679197
subj03	session20	159	0.32327922540224974
subj03	session20	160	0.30409938772604306
subj03	session20	161	0.10261284351416772
subj03	session20	162	0.02196212444824151
subj03	session20	163	0.2352740993877261
subj03	session20	164	0.09585789548625945
subj03	session20	165	0.02975509041720064
subj03	session20	166	0.31248042147230526
subj03	session20	167	0.35643172433433007
subj03	session20	168	0.3187028335469173
subj03	session20	169	0.33841235939057385
subj03	session20	170	0.6691727182115905
subj03	session20	171	0.07303573971237363
subj03	session20	172	0.2600541079310836
subj03	session20	173	0.32182827851345575
subj03	session20	174	0.522602876263705
subj03	session20	175	0.5741036594048127
subj03	session20	176	0.29161184678912144
subj03	session20	177	0.14219706678057809
subj03	session20	178	0.028166025914851216
subj03	session20	179	0.09747686173999716
subj03	session20	180	0.31589206891641747
subj03	session20	181	0.5237733162466183
subj03	session20	182	0.4858735583084152
subj03	session20	183	-0.1318994731596184
subj03	session20	184	-0.0810323223693578
subj03	session20	185	0.24110494090844373
subj03	session20	186	0.21936067207745977
subj03	session20	187	0.28167449807774453
subj03	session20	188	0.32020504058094834
subj03	session20	189	0.18572689733732026
subj03	session20	190	-0.00455645735440692
subj03	session20	191	0.005257012672647007
subj03	session20	192	0.5050291898049266
subj03	session20	193	0.23015520432863448
subj03	session20	194	0.08794817029759366
subj03	session20	195	0.6077417058237221
subj03	session20	196	0.3983411647444112
subj03	session20	197	0.4372248326925815
subj03	session20	198	0.36068489249608426
subj03	session20	199	0.819638331197494
subj03	session20	200	0.2637904029616972
subj03	session20	201	-0.4956115620105368
subj03	session20	202	-0.4168531966396127
subj03	session20	203	-0.12909298020788834
subj03	session20	204	-0.1552242631354122
subj03	session20	205	0.15430158052114482
subj03	session20	206	0.0006991314253168117
subj03	session20	207	-0.07467036878826713
subj03	session20	208	0.3475081873843087
subj03	session20	209	0.17356400398690022
subj03	session20	210	0.5263947031183255
subj03	session20	211	0.4487142246903033
subj03	session20	212	0.3040851487968104
subj03	session20	213	0.48382742417770197
subj03	session20	214	0.6137676206749252
subj03	session20	215	0.7338402392140111
subj03	session20	216	0.500491243058522
subj03	session20	217	0.4112387868432294
subj03	session20	218	0.3895400825857896
subj03	session20	219	0.3273373202335184
subj03	session20	220	0.4204485262708244
subj03	session20	221	0.2457268973373202
subj03	session20	222	0.6916118467891216
subj03	session20	223	0.31105795244197637
subj03	session20	224	-0.07641321372632778
subj03	session20	225	-0.12510038445108929
subj03	session20	226	0.0835454933788979
subj03	session20	227	-0.1860316104228962
subj03	session20	228	0.12169158479282358
subj03	session20	229	0.12352698277089563
subj03	session20	230	0.035706962836394684
subj03	session20	231	0.255076178271394
subj03	session20	232	0.21965541791257298
subj03	session20	233	-0.021849636907304574
subj03	session20	234	-0.04363947031183257
subj03	session20	235	0.40579382030471306
subj03	session20	236	0.5706521429588495
subj03	session20	237	1.0737718923536952
subj03	session20	238	0.3878043571123451
subj03	session20	239	-0.09245051972091699
subj03	session20	240	-0.25112914708813894
subj03	session20	241	0.0044567848497793165
subj03	session20	242	-0.09370924106507188
subj03	session20	243	0.2400341734301581
subj03	session20	244	0.5491214580663534
subj03	session20	245	0.6411519293749111
subj03	session20	246	0.19436565570269115
subj03	session20	247	0.12548198775452085
subj03	session20	248	0.45794105083297737
subj03	session20	249	0.6253538373914281
subj03	session20	250	-0.24836964260287625
subj03	session20	251	0.028183112629930215
subj03	session20	252	0.12149508756941478
subj03	session20	253	0.1693478570411505
subj03	session20	254	0.31667378613128294
subj03	session20	255	0.3745706962836395
subj03	session20	256	0.4542631354122169
subj03	session20	257	0.42867293179552896
subj03	session20	258	0.27887939626940056
subj03	session20	259	0.21017086715079025
subj03	session20	260	0.05014666097109496
subj03	session20	261	-0.1116161184678912
subj03	session20	262	0.6389292325217144
subj03	session20	263	1.00619962978784
subj03	session20	264	0.6418952014808487
subj03	session20	265	0.3805311120603731
subj03	session20	266	0.4994461056528549
subj03	session20	267	0.2997949594190517
subj03	session20	268	0.35561156201053684
subj03	session20	269	0.5823394560729033
subj03	session20	270	0.41183255019222553
subj03	session20	271	0.15481560586643886
subj03	session20	272	0.40397835682756655
subj03	session20	273	-0.2595842232664104
subj03	session20	274	-0.19586928662964545
subj03	session20	275	-0.16135981774170582
subj03	session20	276	0.367820019934501
subj03	session20	277	0.41192652712516015
subj03	session20	278	-0.02482414922397838
subj03	session20	279	-0.12446959988608856
subj03	session20	280	0.18504912430585221
subj03	session20	281	-0.2304471023779012
subj03	session20	282	-0.2128207318809625
subj03	session20	283	-0.23695286914424038
subj03	session20	284	0.3588850918410935
subj03	session20	285	0.4315933361811191
subj03	session20	286	0.6596226683753382
subj03	session20	287	0.16360102520290473
subj03	session20	288	0.015889221130570966
subj03	session20	289	0.1807076747828563
subj03	session20	290	0.6135882101665954
subj03	session20	291	0.9691955004983626
subj03	session20	292	0.4532322369357825
subj03	session20	293	0.007583653709241082
subj03	session20	294	-0.3463320518297024
subj03	session20	295	-0.21224263135412216
subj03	session20	296	-0.2330784565000712
subj03	session20	297	0.13292182827851343
subj03	session20	298	0.08332194218994735
subj03	session20	299	-0.01008258578954861
subj03	session20	300	0.0666097109497366
subj03	session20	301	0.2482229816317813
subj03	session20	302	0.028402392140111043
subj03	session20	303	0.3055190089705254
subj03	session20	304	0.5553780435711235
subj03	session20	305	0.5125715506193933
subj03	session20	306	0.5379524419763634
subj03	session20	307	0.9017129431866723
subj03	session20	308	1.2210992453367506
subj03	session20	309	0.5513071337035456
subj03	session20	310	0.41821159048839524
subj03	session20	311	0.3215933361811191
subj03	session20	312	-0.030616545635768183
subj03	session20	313	-0.04473302007689021
subj03	session20	314	0.44397550904172
subj03	session20	315	0.3065527552328065
subj03	session20	316	0.3057681902320945
subj03	session20	317	0.514285917698989
subj03	session20	318	0.5151473729175566
subj03	session20	319	0.43761782713939923
subj03	session20	320	-0.010481275808059225
subj03	session20	321	0.3686857468318383
subj03	session20	322	0.17799800654990744
subj03	session20	323	0.6357368645877829
subj03	session20	324	0.22490103944183398
subj03	session20	325	0.22349423323366086
subj03	session20	326	0.37410935497650577
subj03	session20	327	0.32972234087996577
subj03	session20	328	0.5203929944468175
subj03	session20	329	-0.09198205894916701
subj03	session20	330	0.0360287626370497
subj03	session20	331	0.04691157624946602
subj03	session20	332	0.03655417912572973
subj03	session20	333	0.0542303858749822
subj03	session20	334	-0.24606151217428449
subj03	session20	335	0.15767763064217571
subj03	session20	336	0.4479225402249751
subj03	session20	337	0.8935640039869003
subj03	session20	338	0.3085519008970526
subj03	session20	339	-0.316871707247615
subj03	session20	340	0.20501210308984763
subj03	session20	341	0.0825601594760074
subj03	session20	342	0.19231382600028474
subj03	session20	343	0.24889363519863306
subj03	session20	344	0.3306350562437705
subj03	session20	345	-0.09757653424462481
subj03	session20	346	0.44668232948882236
subj03	session20	347	0.3933390289050263
subj03	session20	348	0.5790445678484978
subj03	session20	349	0.001114908158906444
subj03	session20	350	-0.06842944610565285
subj03	session20	351	0.12591769898903601
subj03	session20	352	-0.05002990175138832
subj03	session20	353	0.10971379752242633
subj03	session20	354	-0.12413356115620104
subj03	session20	355	0.2768346860316104
subj03	session20	356	0.45788551900897057
subj03	session20	357	0.2341136266552755
subj03	session20	358	0.3660785988893635
subj03	session20	359	0.5714723052826427
subj03	session20	360	0.237882671223124
subj03	session20	361	0.4181688737006977
subj03	session20	362	0.14058237220561015
subj03	session20	363	0.36283069913142535
subj03	session20	364	0.4532849209739428
subj03	session20	365	0.4161939342161469
subj03	session20	366	0.28097679054535096
subj03	session20	367	-0.06260999572832122
subj03	session20	368	0.3118425174426883
subj03	session20	369	-0.09647444112202763
subj03	session20	370	0.09817884095116046
subj03	session20	371	0.17628079168446537
subj03	session20	372	0.3935454933788979
subj03	session20	373	0.44596468745550333
subj03	session20	374	0.30005695571693014
subj03	session20	375	0.400632208457924
subj03	session20	376	0.2375024918126157
subj03	session20	377	0.16171863875836537
subj03	session20	378	0.2859561440979639
subj03	session20	379	0.3327438416631069
subj03	session20	380	0.44266837533817455
subj03	session20	381	0.3295358109070197
subj03	session20	382	0.46103944183397416
subj03	session20	383	0.7340438559020361
subj03	session20	384	0.19758650149508758
subj03	session20	385	0.3548312686885946
subj03	session20	386	0.5695998860885662
subj03	session20	387	0.0093749110066923
subj03	session20	388	0.2768873700697707
subj03	session20	389	0.12559589918838104
subj03	session20	390	0.1666866011675922
subj03	session20	391	0.24705254164886797
subj03	session20	392	0.06566709383454364
subj03	session20	393	-0.18773601025202905
subj03	session20	394	0.012127296027338762
subj03	session20	395	0.36277943898618825
subj03	session20	396	0.47802933219421895
subj03	session20	397	0.2658365370924106
subj03	session20	398	0.6092595756799088
subj03	session20	399	0.29216858892211306
subj03	session20	400	-0.18138260002847786
subj03	session20	401	-0.3330756087142247
subj03	session20	402	-0.20799943044283067
subj03	session20	403	-0.13386017371493664
subj03	session20	404	-0.17976363377474017
subj03	session20	405	0.27645023494233234
subj03	session20	406	0.5604200484123595
subj03	session20	407	0.3330642175708387
subj03	session20	408	0.2700669229673929
subj03	session20	409	0.24325929090132423
subj03	session20	410	0.08850206464473871
subj03	session20	411	-0.014641890929802047
subj03	session20	412	0.2991043713512744
subj03	session20	413	0.49557026911576246
subj03	session20	414	0.35966538516303576
subj03	session20	415	0.7447728890787413
subj03	session20	416	0.22085006407518154
subj03	session20	417	0.48951445251317105
subj03	session20	418	0.6281617542360814
subj03	session20	419	-0.632157197778727
subj03	session20	420	-0.3145322511747117
subj03	session20	421	-0.1504471023779012
subj03	session20	422	0.33153068489249604
subj03	session20	423	0.20359390573828848
subj03	session20	424	0.18397978072048982
subj03	session20	425	0.16265413640894202
subj03	session20	426	0.16457354406948602
subj03	session20	427	0.6404997864160614
subj03	session20	428	0.2628235796668091
subj03	session20	429	0.8505709810622241
subj03	session20	430	0.6552555887797238
subj03	session20	431	0.6166780578100527
subj03	session20	432	0.09214438274241779
subj03	session20	433	0.30564003986900184
subj03	session20	434	0.18087284636195358
subj03	session20	435	0.0963477146518582
subj03	session20	436	0.23738430869998578
subj03	session20	437	-0.13688737006977078
subj03	session20	438	0.2389705254164886
subj03	session20	439	0.17299871849636908
subj03	session20	440	0.12226398974797097
subj03	session20	441	-0.013064217570838688
subj03	session20	442	0.21571550619393423
subj03	session20	443	0.2753908586074327
subj03	session20	444	0.11463334757226257
subj03	session20	445	0.2513000142389292
subj03	session20	446	0.43837676206749254
subj03	session20	447	0.24183682187099528
subj03	session20	448	0.004656129859034603
subj03	session20	449	0.1822953153922825
subj03	session20	450	0.2399387726043002
subj03	session20	451	0.43973373202335175
subj03	session20	452	0.5819906023067065
subj03	session20	453	0.35534102235511883
subj03	session20	454	1.054167734586359
subj03	session20	455	0.730338886515734
subj03	session20	456	0.5456272248326925
subj03	session20	457	0.23279367791542077
subj03	session20	458	-0.06424035312544495
subj03	session20	459	-0.347854193364659
subj03	session20	460	-0.1767577958137548
subj03	session20	461	0.5049594190516874
subj03	session20	462	0.3050776021643173
subj03	session20	463	-0.15102093122597182
subj03	session20	464	-0.12260430015662827
subj03	session20	465	0.23233945607290335
subj03	session20	466	0.2850790260572405
subj03	session20	467	0.206690872846362
subj03	session20	468	0.6064943756229532
subj03	session20	469	0.5398633062793677
subj03	session20	470	0.4325131710095401
subj03	session20	471	-0.01459490246333476
subj03	session20	472	0.0193065641463762
subj03	session20	473	0.003413071337035465
subj03	session20	474	0.1279296596895913
subj03	session20	475	0.09537946746404669
subj03	session20	476	0.13893635198633064
subj03	session20	477	0.16993877260430018
subj03	session20	478	0.21020504058094833
subj03	session20	479	0.13277374341449522
subj03	session20	480	0.6847728890787412
subj03	session20	481	0.4617812900469885
subj03	session20	482	0.18157909725188667
subj03	session20	483	0.2735127438416631
subj03	session20	484	0.3326484408372491
subj03	session20	485	0.02810195073330484
subj03	session20	486	-0.021680193649437584
subj03	session20	487	0.04787697565143098
subj03	session20	488	0.3120375907731739
subj03	session20	489	0.2893407375765342
subj03	session20	490	0.10358536238074895
subj03	session20	491	-0.19072618539085864
subj03	session20	492	0.2153695002135839
subj03	session20	493	0.621479424747259
subj03	session20	494	0.34919265271251604
subj03	session20	495	0.24879538658692868
subj03	session20	496	-0.13283212302434855
subj03	session20	497	0.2928207318809626
subj03	session20	498	0.4341022355118895
subj03	session20	499	0.48473159618396694
subj03	session20	500	0.3063505624377047
subj03	session20	501	0.3653894347145095
subj03	session20	502	0.052889078741278676
subj03	session20	503	0.728181688737007
subj03	session20	504	0.6588551900897053
subj03	session20	505	0.23877829987184965
subj03	session20	506	0.4848198775452086
subj03	session20	507	0.6447956713655133
subj03	session20	508	0.1354663249323651
subj03	session20	509	0.30545208600313256
subj03	session20	510	0.23554891072191375
subj03	session20	511	0.33419194076605435
subj03	session20	512	-0.11535098960558163
subj03	session20	513	-0.04551900897052541
subj03	session20	514	0.13462480421472303
subj03	session20	515	0.17589491670226398
subj03	session20	516	0.4397251886658123
subj03	session20	517	0.2964772889078741
subj03	session20	518	0.21870852911861027
subj03	session20	519	-0.04914708813897196
subj03	session20	520	0.16195215719777872
subj03	session20	521	-0.16013242204186245
subj03	session20	522	0.22406379040296168
subj03	session20	523	0.5684038160330342
subj03	session20	524	0.3216873131140538
subj03	session20	525	0.10518012245479139
subj03	session20	526	0.2976676633917129
subj03	session20	527	0.07743129716645307
subj03	session20	528	0.7908842375053396
subj03	session20	529	0.6059105795244197
subj03	session20	530	0.24585077602164315
subj03	session20	531	0.13213583938487827
subj03	session20	532	0.07314110778869427
subj03	session20	533	-0.2484508044995017
subj03	session20	534	0.36559874697422756
subj03	session20	535	0.7946518581802648
subj03	session20	536	0.734861170439983
subj03	session20	537	0.5810764630499787
subj03	session20	538	0.08469315107503916
subj03	session20	539	0.24537661967820024
subj03	session20	540	0.04296454506621103
subj03	session20	541	-0.006414637619251026
subj03	session20	542	0.14375480563861595
subj03	session20	543	0.11657696141250176
subj03	session20	544	0.007055389434714503
subj03	session20	545	-0.2535426455930514
subj03	session20	546	0.12760216431724336
subj03	session20	547	0.06177132279652571
subj03	session20	548	0.09437847073900038
subj03	session20	549	0.45574540794532253
subj03	session20	550	0.14510038445108928
subj03	session20	551	0.2316403246475865
subj03	session20	552	0.31844510892780864
subj03	session20	553	0.4396468745550334
subj03	session20	554	0.42862167165029186
subj03	session20	555	-0.03353695002135836
subj03	session20	556	0.13561583368930655
subj03	session20	557	0.25954720205040577
subj03	session20	558	0.3689477431297167
subj03	session20	559	0.6957653424462481
subj03	session20	560	0.43490388722768053
subj03	session20	561	0.4966780578100527
subj03	session20	562	0.37726754948027913
subj03	session20	563	0.5808201623237933
subj03	session20	564	0.4609298020788837
subj03	session20	565	0.22149651146233804
subj03	session20	566	-0.022477573686458786
subj03	session20	567	0.05055104656129859
subj03	session20	568	-0.408181688737007
subj03	session20	569	0.0659661113484266
subj03	session20	570	0.1841235939057383
subj03	session20	571	-0.14836964260287627
subj03	session20	572	-0.15011533532678342
subj03	session20	573	0.20786700840096822
subj03	session20	574	0.33372632778015093
subj03	session20	575	0.6083027196354834
subj03	session20	576	0.5071166168304144
subj03	session20	577	-0.36152071764203336
subj03	session20	578	-0.24911433860173712
subj03	session20	579	0.1322739569984337
subj03	session20	580	0.47167876975651424
subj03	session20	581	0.26540936921543495
subj03	session20	582	0.41574683183824573
subj03	session20	583	0.4209041720062651
subj03	session20	584	0.5166837533817457
subj03	session20	585	0.5379339313683611
subj03	session20	586	0.5024149223978356
subj03	session20	587	0.5056642460486972
subj03	session20	588	0.14417770183682185
subj03	session20	589	0.45077032607147954
subj03	session20	590	0.6113057098106223
subj03	session20	591	0.22603730599458924
subj03	session20	592	0.4610494090844368
subj03	session20	593	0.14202619962978782
subj03	session20	594	0.2741122027623523
subj03	session20	595	0.0284963690730457
subj03	session20	596	-0.09766766339171297
subj03	session20	597	0.035259860458493504
subj03	session20	598	0.124110778869429
subj03	session20	599	0.2343485689876122
subj03	session20	600	0.39769471735725476
subj03	session20	601	0.5491214580663534
subj03	session20	602	0.27979211163320516
subj03	session20	603	0.05127296027338745
subj03	session20	604	0.5706791969243913
subj03	session20	605	0.21962266837533817
subj03	session20	606	0.1718325501922255
subj03	session20	607	-0.04957852769471735
subj03	session20	608	0.1997024063790403
subj03	session20	609	0.32250462765200055
subj03	session20	610	0.1307147942474726
subj03	session20	611	0.3344311547771608
subj03	session20	612	0.34759931653139686
subj03	session20	613	0.15374483838815323
subj03	session20	614	0.02293606720774598
subj03	session20	615	0.19070340310408654
subj03	session20	616	-0.12499786416061508
subj03	session20	617	-0.20324505197209167
subj03	session20	618	0.07445108927808627
subj03	session20	619	0.1962608571835398
subj03	session20	620	0.1441620390146661
subj03	session20	621	0.3344980777445536
subj03	session20	622	0.41685746831838244
subj03	session20	623	0.2779325074754379
subj03	session20	624	0.009854762921828276
subj03	session20	625	0.3435825145949024
subj03	session20	626	0.16846504342873417
subj03	session20	627	0.09141962124448244
subj03	session20	628	0.41977787270397265
subj03	session20	629	0.27015093264986473
subj03	session20	630	0.25241207461198917
subj03	session20	631	0.5168047842802221
subj03	session20	632	0.2979225402249751
subj03	session20	633	-0.16980492666951444
subj03	session20	634	0.24149366367649155
subj03	session20	635	0.4860045564573544
subj03	session20	636	0.6865385163035739
subj03	session20	637	0.47234515164459634
subj03	session20	638	0.5182543072760929
subj03	session20	639	-0.010294745835113209
subj03	session20	640	0.17325644311547772
subj03	session20	641	-0.10771180407233372
subj03	session20	642	-0.10045279794959418
subj03	session20	643	-0.0893863021500783
subj03	session20	644	0.33792111633205185
subj03	session20	645	0.7085120318952015
subj03	session20	646	0.6622682614267407
subj03	session20	647	0.30236081446675206
subj03	session20	648	-0.05327922540224977
subj03	session20	649	0.35184251744268835
subj03	session20	650	0.45441264416915844
subj03	session20	651	0.6015790972518866
subj03	session20	652	0.3372291043713513
subj03	session20	653	0.24084579239641185
subj03	session20	654	-0.1132422041862452
subj03	session20	655	0.14722056101381178
subj03	session20	656	-0.023343300583796113
subj03	session20	657	0.3870283354691727
subj03	session20	658	0.4021999145664246
subj03	session20	659	0.3244838388153211
subj03	session20	660	0.12766054392709666
subj03	session20	661	-0.14878257155061939
subj03	session20	662	0.0453794674640467
subj03	session20	663	0.09972376477288908
subj03	session20	664	0.3272732450519722
subj03	session20	665	0.41008258578954865
subj03	session20	666	0.15113769044567846
subj03	session20	667	-0.05660116759219708
subj03	session20	668	0.028175993165313936
subj03	session20	669	0.040821586216716506
subj03	session20	670	0.3999345009255304
subj03	session20	671	0.332320945464901
subj03	session20	672	0.1301366937206322
subj03	session20	673	0.4657753096967108
subj03	session20	674	0.6676477288907874
subj03	session20	675	0.20625658550477002
subj03	session20	676	0.22485262708244338
subj03	session20	677	-0.22553894347145095
subj03	session20	678	-0.05945749679624091
subj03	session20	679	0.10527552328064929
subj03	session20	680	0.5712145806635341
subj03	session20	681	0.7655759646874555
subj03	session20	682	0.607498220133846
subj03	session20	683	0.702355118895059
subj03	session20	684	0.17442118752669802
subj03	session20	685	0.348531966396127
subj03	session20	686	0.814031040865727
subj03	session20	687	0.29701694432578674
subj03	session20	688	0.7777659120034174
subj03	session20	689	0.37001139114338605
subj03	session20	690	0.2638544781432436
subj03	session20	691	0.2084636195358109
subj03	session20	692	0.3987640609426171
subj03	session20	693	0.7153623807489677
subj03	session20	694	0.07625231382600026
subj03	session20	695	0.2445108927808629
subj03	session20	696	0.3834187669087285
subj03	session20	697	0.3228463619535811
subj03	session20	698	0.17367506763491383
subj03	session20	699	0.04632778015093263
subj03	session20	700	0.09989747970952588
subj03	session20	701	0.21921258721344158
subj03	session20	702	0.4712587213441549
subj03	session20	703	0.38672931795528975
subj03	session20	704	0.4553381745692724
subj03	session20	705	0.38966823294888225
subj03	session20	706	0.04563149651146231
subj03	session20	707	-0.14503203759077316
subj03	session20	708	0.16308984764345721
subj03	session20	709	0.5811006692296738
subj03	session20	710	0.5659689591342731
subj03	session20	711	0.19549195500498362
subj03	session20	712	-0.1599644026769187
subj03	session20	713	0.05361668802506053
subj03	session20	714	0.17816744980777444
subj03	session20	715	0.20374483838815322
subj03	session20	716	0.5538701409653994
subj03	session20	717	0.7368873700697708
subj03	session20	718	0.7842218425174428
subj03	session20	719	-0.09721486544211874
subj03	session20	720	0.3683212302434857
subj03	session20	721	0.41837960985333905
subj03	session20	722	0.5364217570838673
subj03	session20	723	0.15457639185533245
subj03	session20	724	0.14826854620532537
subj03	session20	725	-0.16318667236223838
subj03	session20	726	-0.13883525558877974
subj03	session20	727	-0.3983269258151787
subj03	session20	728	-0.38238074896767765
subj03	session20	729	0.01580805923394563
subj03	session20	730	0.2625003559732308
subj03	session20	731	0.5050946888793963
subj03	session20	732	0.3572347999430443
subj03	session20	733	0.41960130998148937
subj03	session20	734	0.5101238786843231
subj03	session20	735	0.515799515876406
subj03	session20	736	0.24621671650291893
subj03	session20	737	0.2934686031610423
subj03	session20	738	0.1700854335753951
subj03	session20	739	0.42241065071906586
subj03	session20	740	0.05214295884949452
subj03	session20	741	0.39948170297593616
subj03	session20	742	0.42597465470596607
subj03	session20	743	0.24144097963833117
subj03	session20	744	0.06699416203901468
subj03	session20	745	0.3200498362523138
subj03	session20	746	0.4274512316673786
subj03	session20	747	0.3316218140395842
subj03	session20	748	0.07839954435426455
subj03	session20	749	0.34153780435711234
subj03	session21	0	0.18875694147800087
subj03	session21	1	0.2474455360956856
subj03	session21	2	0.06315392282500357
subj03	session21	3	0.17291613270682046
subj03	session21	4	0.1551374056670938
subj03	session21	5	-0.0248526270824434
subj03	session21	6	-0.011976363377474
subj03	session21	7	-0.17616830414352838
subj03	session21	8	-0.3358991883810338
subj03	session21	9	0.39171436707959567
subj03	session21	10	0.2832066068631639
subj03	session21	11	0.3436067207745977
subj03	session21	12	0.3778185960415777
subj03	session21	13	0.2577943898618824
subj03	session21	14	0.29348711376904457
subj03	session21	15	0.44789121458066355
subj03	session21	16	0.5907945322511748
subj03	session21	17	0.016604015378043586
subj03	session21	18	-0.03967108073472875
subj03	session21	19	-0.4131581945037733
subj03	session21	20	0.07642460486971381
subj03	session21	21	0.2528477858465043
subj03	session21	22	0.4302249750818738
subj03	session21	23	0.476013099814894
subj03	session21	24	0.47314395557454086
subj03	session21	25	0.06457496796240923
subj03	session21	26	-0.008714224690303316
subj03	session21	27	0.07580378755517586
subj03	session21	28	0.569272390716218
subj03	session21	29	0.1658650149508757
subj03	session21	30	0.2938260002847786
subj03	session21	31	0.5137206322084579
subj03	session21	32	0.4013925672789406
subj03	session21	33	0.26247614979353556
subj03	session21	34	0.013949878969101541
subj03	session21	35	-0.4010294745835114
subj03	session21	36	-0.2757140823010109
subj03	session21	37	-0.2300954008258579
subj03	session21	38	-0.16311262993022926
subj03	session21	39	0.3785746831838246
subj03	session21	40	0.588193079880393
subj03	session21	41	0.2543770468460772
subj03	session21	42	0.2601366937206322
subj03	session21	43	0.6632108785419336
subj03	session21	44	0.5474996440267692
subj03	session21	45	0.28255019222554467
subj03	session21	46	0.2748996155489107
subj03	session21	47	-0.14423180976790545
subj03	session21	48	-0.25141107788694295
subj03	session21	49	-0.17258578954862594
subj03	session21	50	0.19191513598177415
subj03	session21	51	0.09450946888793961
subj03	session21	52	0.24046134130713373
subj03	session21	53	0.0056286487256158564
subj03	session21	54	-0.15052826427452656
subj03	session21	55	-0.02753239356400398
subj03	session21	56	0.605352413498505
subj03	session21	57	0.4391542076035882
subj03	session21	58	0.38130001423892923
subj03	session21	59	0.3882130143813185
subj03	session21	60	0.19206464473871565
subj03	session21	61	0.20814181973515591
subj03	session21	62	-0.16017798661540653
subj03	session21	63	0.02178698561868148
subj03	session21	64	-0.014043855902036178
subj03	session21	65	0.25203189520148084
subj03	session21	66	0.4420518297024064
subj03	session21	67	0.7921700128150363
subj03	session21	68	0.22356685177274668
subj03	session21	69	0.029030328919265255
subj03	session21	70	0.08937206322084579
subj03	session21	71	0.14802790830129575
subj03	session21	72	0.6442503203759077
subj03	session21	73	0.17001851060800227
subj03	session21	74	0.1207745977502492
subj03	session21	75	0.19910721913712093
subj03	session21	76	0.29875409369215433
subj03	session21	77	0.26717642033319094
subj03	session21	78	0.23588352555887798
subj03	session21	79	0.5141136266552755
subj03	session21	80	0.43036024490958275
subj03	session21	81	0.13739285205752527
subj03	session21	82	-0.4161853908586074
subj03	session21	83	-0.4723650861455219
subj03	session21	84	-0.40985618681475156
subj03	session21	85	-0.33061227395699844
subj03	session21	86	0.06050121030898476
subj03	session21	87	0.5490901324220419
subj03	session21	88	0.0008130428591769819
subj03	session21	89	0.27689876121315676
subj03	session21	90	0.2363163890075466
subj03	session21	91	0.8484166310693436
subj03	session21	92	0.6449679624092268
subj03	session21	93	0.42647728890787406
subj03	session21	94	0.09600882813612417
subj03	session21	95	0.10936351986330627
subj03	session21	96	0.139683895771038
subj03	session21	97	0.009941620390146663
subj03	session21	98	0.13203047130855758
subj03	session21	99	0.15726897337320234
subj03	session21	100	0.08977217713227965
subj03	session21	101	0.06087427025487688
subj03	session21	102	-0.04108358251459491
subj03	session21	103	0.04408087711804072
subj03	session21	104	-0.22883952726754944
subj03	session21	105	0.2840552470454222
subj03	session21	106	0.011391143386017365
subj03	session21	107	0.2636679481702976
subj03	session21	108	0.32163035739712376
subj03	session21	109	0.22449522995870708
subj03	session21	110	0.33960842944610564
subj03	session21	111	0.1689762209881817
subj03	session21	112	0.3539427595044852
subj03	session21	113	0.1658009397693294
subj03	session21	114	0.25866866011675926
subj03	session21	115	0.3252769471735726
subj03	session21	116	0.01271393991171863
subj03	session21	117	-0.048766908728463614
subj03	session21	118	0.002793677915420769
subj03	session21	119	0.3575295457781575
subj03	session21	120	0.2069856186814752
subj03	session21	121	-0.01967962409226826
subj03	session21	122	-0.038544781432436295
subj03	session21	123	0.010407233376050132
subj03	session21	124	0.1163761925103232
subj03	session21	125	0.06245621529261001
subj03	session21	126	0.5920119607005554
subj03	session21	127	0.39964687455503345
subj03	session21	128	0.4385476292182827
subj03	session21	129	-0.07040011391143386
subj03	session21	130	-0.4027381460914139
subj03	session21	131	0.08387298875124592
subj03	session21	132	-0.2561654563576819
subj03	session21	133	0.08039157055389434
subj03	session21	134	0.13679766481560582
subj03	session21	135	0.344630499786416
subj03	session21	136	0.12743129716645304
subj03	session21	137	-0.12312544496653854
subj03	session21	138	0.05587925388010821
subj03	session21	139	0.07556030186529973
subj03	session21	140	0.13961839669656842
subj03	session21	141	0.3045536095685605
subj03	session21	142	0.439373487113769
subj03	session21	143	0.7755631496511461
subj03	session21	144	0.5431468033603873
subj03	session21	145	0.022124448241492258
subj03	session21	146	0.04591057952441976
subj03	session21	147	0.10625088993307702
subj03	session21	148	0.046067207745977494
subj03	session21	149	-0.0028606008828135844
subj03	session21	150	-0.1800327495372348
subj03	session21	151	-0.24150363092695434
subj03	session21	152	0.11553609568560445
subj03	session21	153	0.3583810337462623
subj03	session21	154	0.11363235084721629
subj03	session21	155	0.2820532535953297
subj03	session21	156	0.00916559874697425
subj03	session21	157	0.3622355118895059
subj03	session21	158	0.3853794674640466
subj03	session21	159	-0.05613555460629359
subj03	session21	160	-0.1513996867435569
subj03	session21	161	-0.11552043286344867
subj03	session21	162	0.1888267122312402
subj03	session21	163	0.3227794389861882
subj03	session21	164	0.38850206464473874
subj03	session21	165	0.1362580093976933
subj03	session21	166	0.002252598604584926
subj03	session21	167	0.35343015805211453
subj03	session21	168	0.21822725331055104
subj03	session21	169	0.3111789833404528
subj03	session21	170	0.021198917841378305
subj03	session21	171	0.2569542930371636
subj03	session21	172	0.1169728036451659
subj03	session21	173	0.2423864445393706
subj03	session21	174	0.20390146660971095
subj03	session21	175	0.05884522283924251
subj03	session21	176	-0.03236935782429163
subj03	session21	177	-0.08521999145664245
subj03	session21	178	0.17301580521144813
subj03	session21	179	0.02757795813754803
subj03	session21	180	-0.21734871137690445
subj03	session21	181	0.05139114338601735
subj03	session21	182	0.2575836537092411
subj03	session21	183	0.38425743984052396
subj03	session21	184	0.6298319806350562
subj03	session21	185	0.301648868005126
subj03	session21	186	0.07188238644453937
subj03	session21	187	-0.010946888793962693
subj03	session21	188	-0.034479567136551335
subj03	session21	189	0.19666097109497366
subj03	session21	190	0.12463761925103234
subj03	session21	191	-0.004493806065783851
subj03	session21	192	0.05625231382600026
subj03	session21	193	0.10899473159618397
subj03	session21	194	0.4785504770041294
subj03	session21	195	0.6567763064217571
subj03	session21	196	0.05801224547913997
subj03	session21	197	0.291327068204471
subj03	session21	198	0.24086572689733732
subj03	session21	199	0.2254193364658978
subj03	session21	200	0.4662167165029189
subj03	session21	201	0.25590630784565
subj03	session21	202	0.2315420760358821
subj03	session21	203	0.031658835255588796
subj03	session21	204	0.047444112202762366
subj03	session21	205	0.008886515734016817
subj03	session21	206	0.11532393564003986
subj03	session21	207	0.00251601879538659
subj03	session21	208	-0.10168873700697707
subj03	session21	209	0.07360956856044427
subj03	session21	210	-0.24118752669799232
subj03	session21	211	-0.077701836821871
subj03	session21	212	-0.10445963263562578
subj03	session21	213	0.15482130143813183
subj03	session21	214	0.5205126014523708
subj03	session21	215	0.2751915135981774
subj03	session21	216	0.2082087427025488
subj03	session21	217	0.49864018225829415
subj03	session21	218	0.26329346433148226
subj03	session21	219	0.1684849779296597
subj03	session21	220	0.6964502349423324
subj03	session21	221	0.21961697280364517
subj03	session21	222	-0.13548483554036736
subj03	session21	223	0.09923536950021358
subj03	session21	224	-0.002201338459347852
subj03	session21	225	0.1360971094973658
subj03	session21	226	0.04090986757795814
subj03	session21	227	0.2507333048554749
subj03	session21	228	0.42983767620674923
subj03	session21	229	0.12882528833831694
subj03	session21	230	-0.16636622525986047
subj03	session21	231	0.22872419194076607
subj03	session21	232	0.2244482414922398
subj03	session21	233	0.002488964829844772
subj03	session21	234	-0.25150790260572403
subj03	session21	235	-0.314596326356258
subj03	session21	236	-0.2906322084579239
subj03	session21	237	-0.41095543215150226
subj03	session21	238	-0.11099957283212299
subj03	session21	239	0.877317385732593
subj03	session21	240	0.7665513313398833
subj03	session21	241	0.6145037733162466
subj03	session21	242	0.3338971949309412
subj03	session21	243	0.3176562722483269
subj03	session21	244	0.01675352413498505
subj03	session21	245	0.07204471023779012
subj03	session21	246	0.510862879111491
subj03	session21	247	0.26752954577815746
subj03	session21	248	0.29103944183397407
subj03	session21	249	-0.14383311974939483
subj03	session21	250	-0.25229673928520574
subj03	session21	251	0.0037889790687740724
subj03	session21	252	0.10356115620105368
subj03	session21	253	0.1023935640039869
subj03	session21	254	0.033438701409654006
subj03	session21	255	0.33544639043143953
subj03	session21	256	1.069937348711377
subj03	session21	257	0.49945464901039444
subj03	session21	258	0.09939484550761783
subj03	session21	259	-0.0445521856756372
subj03	session21	260	0.40531966396127006
subj03	session21	261	0.47216289335042
subj03	session21	262	0.3708030756087142
subj03	session21	263	0.18628648725615832
subj03	session21	264	0.09030898476434573
subj03	session21	265	0.13204471023779013
subj03	session21	266	0.11417485405097538
subj03	session21	267	-0.10988608856613985
subj03	session21	268	0.09793250747543784
subj03	session21	269	0.17351131994873986
subj03	session21	270	0.2868204471023779
subj03	session21	271	-0.0871337035454934
subj03	session21	272	-0.027686173999715232
subj03	session21	273	0.15684892496084293
subj03	session21	274	0.15578954862594332
subj03	session21	275	0.2905282642745266
subj03	session21	276	0.6078043571123452
subj03	session21	277	0.396216716502919
subj03	session21	278	0.4167478285632921
subj03	session21	279	0.36380748967677634
subj03	session21	280	-0.14089278086287912
subj03	session21	281	-0.3921643172433433
subj03	session21	282	0.007068204471023761
subj03	session21	283	-0.09475722625658552
subj03	session21	284	0.03096539940196496
subj03	session21	285	0.14013384593478567
subj03	session21	286	-0.11352413498504914
subj03	session21	287	-0.02933504200484123
subj03	session21	288	0.3934700270539655
subj03	session21	289	0.42873700697707523
subj03	session21	290	0.1742987327352983
subj03	session21	291	-0.014177701836821877
subj03	session21	292	0.09093834543642318
subj03	session21	293	0.42019507333048556
subj03	session21	294	0.6187640609426172
subj03	session21	295	0.2741520717642033
subj03	session21	296	-0.03172718211590489
subj03	session21	297	-0.18981631781290048
subj03	session21	298	-0.20813327637761642
subj03	session21	299	-0.3574341449522996
subj03	session21	300	-0.13412074611989178
subj03	session21	301	0.010400113911433884
subj03	session21	302	0.3106791969243913
subj03	session21	303	0.005632920404385591
subj03	session21	304	0.5753794674640467
subj03	session21	305	0.8256215292609996
subj03	session21	306	0.46937775879253885
subj03	session21	307	0.4742588637334472
subj03	session21	308	0.2831596183966966
subj03	session21	309	0.30430727609283775
subj03	session21	310	0.29507902605724046
subj03	session21	311	0.13360529688167455
subj03	session21	312	-0.20781574825573118
subj03	session21	313	0.07970383027196352
subj03	session21	314	0.16764915278371065
subj03	session21	315	0.280333190944041
subj03	session21	316	0.4953096967108073
subj03	session21	317	0.06285063363235083
subj03	session21	318	0.27864872561583365
subj03	session21	319	0.9602320945464901
subj03	session21	320	0.3581674498077745
subj03	session21	321	-0.05845792396411786
subj03	session21	322	0.23838672931795526
subj03	session21	323	0.039310835825145975
subj03	session21	324	0.11770610850064075
subj03	session21	325	0.19751245906307846
subj03	session21	326	0.2842076035882102
subj03	session21	327	0.2564673216574114
subj03	session21	328	0.11704115050548199
subj03	session21	329	0.11998433717784422
subj03	session21	330	0.5257667663391713
subj03	session21	331	0.3066595472020504
subj03	session21	332	0.0259903175281219
subj03	session21	333	-0.07214153495657127
subj03	session21	334	-0.11500213583938487
subj03	session21	335	-0.27357539513028617
subj03	session21	336	-0.12311832550192227
subj03	session21	337	0.03702975936209595
subj03	session21	338	0.26181119179837675
subj03	session21	339	0.3853196639612701
subj03	session21	340	0.3213697849921686
subj03	session21	341	0.2867036878826712
subj03	session21	342	-0.015043428734159195
subj03	session21	343	-0.18963405951872417
subj03	session21	344	0.39444396981346996
subj03	session21	345	0.038655845080449946
subj03	session21	346	0.17662252598604586
subj03	session21	347	-0.13445536095685603
subj03	session21	348	-0.131468033603873
subj03	session21	349	0.019097251886658135
subj03	session21	350	0.14284920973942764
subj03	session21	351	0.4517698989036024
subj03	session21	352	0.7024989320803077
subj03	session21	353	0.6510807347287484
subj03	session21	354	0.27925103232236936
subj03	session21	355	0.09527125160187955
subj03	session21	356	0.2385732592909013
subj03	session21	357	-0.13668232948882245
subj03	session21	358	0.24452513171009543
subj03	session21	359	0.053774740139541505
subj03	session21	360	0.11834116474441121
subj03	session21	361	-0.04188950590915562
subj03	session21	362	0.1918126156913
subj03	session21	363	0.10356827566566992
subj03	session21	364	-0.12421187526697994
subj03	session21	365	0.0200897052541649
subj03	session21	366	-0.04261711519293751
subj03	session21	367	0.42972234087996586
subj03	session21	368	0.45100099672504634
subj03	session21	369	0.3377146518581802
subj03	session21	370	0.2438017941050833
subj03	session21	371	0.12316673786131282
subj03	session21	372	-0.21136124163462908
subj03	session21	373	-0.08879538658692863
subj03	session21	374	0.49967677630642177
subj03	session21	375	-0.19066495799515876
subj03	session21	376	-0.11113769044567849
subj03	session21	377	-0.4232350847216289
subj03	session21	378	-0.4471436707959561
subj03	session21	379	0.38692723907162185
subj03	session21	380	0.06431866723622383
subj03	session21	381	0.09120176562722483
subj03	session21	382	0.03787128007973802
subj03	session21	383	0.29741990602306706
subj03	session21	384	-0.08698277089562867
subj03	session21	385	0.13661113484265985
subj03	session21	386	0.05787697565143102
subj03	session21	387	-0.015699843371778422
subj03	session21	388	0.4462850633632351
subj03	session21	389	-0.04666666666666667
subj03	session21	390	-0.05577958137548057
subj03	session21	391	0.1836465897764488
subj03	session21	392	0.1838345436423181
subj03	session21	393	-0.00525843656557027
subj03	session21	394	0.00476576961412502
subj03	session21	395	0.33676633917129434
subj03	session21	396	0.19572832123024347
subj03	session21	397	0.4645108927808629
subj03	session21	398	0.7571009540082586
subj03	session21	399	0.29573971237362945
subj03	session21	400	0.41107361526413216
subj03	session21	401	-0.043554036736437436
subj03	session21	402	0.1369898903602449
subj03	session21	403	-0.1218838103374626
subj03	session21	404	0.05539797807204899
subj03	session21	405	0.30008685746831837
subj03	session21	406	0.27021216004556453
subj03	session21	407	0.12453082728178842
subj03	session21	408	-0.048635910579524405
subj03	session21	409	0.11072903317670513
subj03	session21	410	0.09482699700982486
subj03	session21	411	0.1709369215434999
subj03	session21	412	0.11778157482557308
subj03	session21	413	0.31146518581802646
subj03	session21	414	0.5479638331197494
subj03	session21	415	0.7310593763348997
subj03	session21	416	0.33727039726612557
subj03	session21	417	0.3201196070055532
subj03	session21	418	0.11508329773601027
subj03	session21	419	0.04221700128150364
subj03	session21	420	0.04303716360529688
subj03	session21	421	-0.01981774170582372
subj03	session21	422	-0.3340780293321942
subj03	session21	423	-0.27880250605154494
subj03	session21	424	0.11514452513171013
subj03	session21	425	0.1818197351559163
subj03	session21	426	0.005231382600028497
subj03	session21	427	0.005556030186529982
subj03	session21	428	0.33274668944895347
subj03	session21	429	0.1740751815463477
subj03	session21	430	-0.013024348568987619
subj03	session21	431	0.22683183824576392
subj03	session21	432	0.16230955432151498
subj03	session21	433	0.04455645735440695
subj03	session21	434	0.008359675352413509
subj03	session21	435	0.08137405667093837
subj03	session21	436	0.23210166595472018
subj03	session21	437	0.34820304713085576
subj03	session21	438	-0.010438559020361669
subj03	session21	439	0.25178983340452793
subj03	session21	440	0.5745322511747116
subj03	session21	441	0.7484778584650434
subj03	session21	442	0.4063989747970953
subj03	session21	443	0.5227737434144952
subj03	session21	444	0.5911946461626085
subj03	session21	445	0.43854905311120607
subj03	session21	446	0.7628378185960416
subj03	session21	447	0.7381532108785419
subj03	session21	448	0.01341307133703547
subj03	session21	449	-0.05816744980777445
subj03	session21	450	0.21114908158906448
subj03	session21	451	-0.26703403104086576
subj03	session21	452	-0.5559718069201195
subj03	session21	453	-0.09141534956571268
subj03	session21	454	-0.12293321942189948
subj03	session21	455	-0.07113199487398546
subj03	session21	456	-0.1940609426171152
subj03	session21	457	-0.3842545920546775
subj03	session21	458	-0.00710807347287484
subj03	session21	459	0.3638373914281646
subj03	session21	460	0.6415677061085007
subj03	session21	461	0.5874241777018367
subj03	session21	462	0.6929346433148227
subj03	session21	463	0.11777730314680337
subj03	session21	464	-0.39404385590203617
subj03	session21	465	-0.12166595472020504
subj03	session21	466	-0.03561583368930659
subj03	session21	467	0.07647301722910439
subj03	session21	468	0.6614509468887939
subj03	session21	469	0.34474725900612274
subj03	session21	470	0.12413071337035458
subj03	session21	471	0.29120034173430154
subj03	session21	472	0.2633162466182543
subj03	session21	473	0.28213726327780153
subj03	session21	474	0.2186985618681475
subj03	session21	475	0.4553096967108074
subj03	session21	476	0.1876064359960131
subj03	session21	477	0.37814324362807916
subj03	session21	478	0.31154634771465184
subj03	session21	479	0.3798690018510608
subj03	session21	480	0.04700555318240067
subj03	session21	481	0.303151075039157
subj03	session21	482	-0.24485547486828993
subj03	session21	483	-0.6780549622668376
subj03	session21	484	0.09327352983055671
subj03	session21	485	0.4668190232094546
subj03	session21	486	0.5623892923252172
subj03	session21	487	0.29878541933646585
subj03	session21	488	-0.44404955147372915
subj03	session21	489	-0.004404100811618943
subj03	session21	490	-0.17454933788979068
subj03	session21	491	-0.058895059091556276
subj03	session21	492	0.5196824718781148
subj03	session21	493	0.6399572832123024
subj03	session21	494	-0.021919407660543944
subj03	session21	495	-0.25493378897906877
subj03	session21	496	-0.19008828136124165
subj03	session21	497	-0.051144809910294735
subj03	session21	498	0.20942474725900612
subj03	session21	499	0.2413313398832408
subj03	session21	500	-0.07341591912288196
subj03	session21	501	-0.15230385874982205
subj03	session21	502	0.46115335326783424
subj03	session21	503	0.5138217286060088
subj03	session21	504	-0.0960486971379752
subj03	session21	505	0.05573259290901325
subj03	session21	506	0.40856329204043856
subj03	session21	507	0.6436921543499928
subj03	session21	508	0.3240253452940339
subj03	session21	509	0.33645593051402534
subj03	session21	510	0.14952157197778726
subj03	session21	511	-0.1333874412644169
subj03	session21	512	0.24959703830271962
subj03	session21	513	-0.0018524846931510807
subj03	session21	514	0.08766623949878967
subj03	session21	515	-0.010304713085575975
subj03	session21	516	-0.05801936494375622
subj03	session21	517	-0.04354406948597467
subj03	session21	518	0.17424604869713797
subj03	session21	519	0.5854819877545208
subj03	session21	520	0.2610209312259718
subj03	session21	521	0.348368218709953
subj03	session21	522	0.08490815890645025
subj03	session21	523	0.09374483838815323
subj03	session21	524	0.008821016659547208
subj03	session21	525	0.12974512316673786
subj03	session21	526	0.01230813042859177
subj03	session21	527	0.041876690872846366
subj03	session21	528	-0.22591342731026628
subj03	session21	529	0.27040296169728034
subj03	session21	530	0.0890801651715791
subj03	session21	531	0.2704143528406664
subj03	session21	532	0.3371123451516446
subj03	session21	533	0.5900341734301581
subj03	session21	534	0.6633902890502633
subj03	session21	535	0.5542033319094404
subj03	session21	536	0.41351843941335614
subj03	session21	537	0.10693151075039156
subj03	session21	538	-0.050568133276377616
subj03	session21	539	-0.11730314680336038
subj03	session21	540	-0.4326641036594048
subj03	session21	541	-0.3007375765342446
subj03	session21	542	0.03363662252598605
subj03	session21	543	0.28417343015805213
subj03	session21	544	0.31428022212729606
subj03	session21	545	0.25935640039868996
subj03	session21	546	0.15007404243200914
subj03	session21	547	0.24558023636622525
subj03	session21	548	-0.09469030328919266
subj03	session21	549	0.35605012103089845
subj03	session21	550	0.09113199487398546
subj03	session21	551	0.19600170867150787
subj03	session21	552	0.32408372490388726
subj03	session21	553	0.0017143670795956092
subj03	session21	554	-0.3115434999288053
subj03	session21	555	-0.2680763206606863
subj03	session21	556	0.02495229958707104
subj03	session21	557	0.1268475010679197
subj03	session21	558	0.08414068062081728
subj03	session21	559	0.524901039441834
subj03	session21	560	0.8139513028620248
subj03	session21	561	0.6262309554321515
subj03	session21	562	0.3676448811049409
subj03	session21	563	0.39817741705823717
subj03	session21	564	0.39137690445678486
subj03	session21	565	0.7345507617827141
subj03	session21	566	0.3281375480563861
subj03	session21	567	0.3712031895201481
subj03	session21	568	0.31550334614836967
subj03	session21	569	0.22184394133561153
subj03	session21	570	-0.02601309981489395
subj03	session21	571	0.07821728606008826
subj03	session21	572	0.39224120746119895
subj03	session21	573	0.30234372775167306
subj03	session21	574	0.3325573116901609
subj03	session21	575	0.11677345863591058
subj03	session21	576	-0.18879253880108213
subj03	session21	577	0.02813470027053965
subj03	session21	578	0.006534244624804209
subj03	session21	579	0.19385590203616693
subj03	session21	580	0.22590488395272673
subj03	session21	581	0.3168503488537662
subj03	session21	582	-0.07953723479994304
subj03	session21	583	0.20424035312544497
subj03	session21	584	0.03458635910579525
subj03	session21	585	0.02265271251601879
subj03	session21	586	0.22412786558450803
subj03	session21	587	-0.03405239925957568
subj03	session21	588	0.24486686601167593
subj03	session21	589	0.46711661683041433
subj03	session21	590	0.4025900612273957
subj03	session21	591	0.4544055247045422
subj03	session21	592	0.2642987327352983
subj03	session21	593	-0.01605866438843796
subj03	session21	594	-0.40035597323081307
subj03	session21	595	-0.26655275523280647
subj03	session21	596	-0.22532108785419339
subj03	session21	597	0.14369073045706962
subj03	session21	598	0.08096255161611848
subj03	session21	599	0.2974042432009113
subj03	session21	600	0.2866011675921971
subj03	session21	601	0.1889520148084864
subj03	session21	602	0.36676776306421754
subj03	session21	603	0.8549964402676918
subj03	session21	604	0.1952968816744981
subj03	session21	605	-0.12885661398262852
subj03	session21	606	0.031421045137405686
subj03	session21	607	-0.13747970952584368
subj03	session21	608	0.03359532963121172
subj03	session21	609	0.10363947031183256
subj03	session21	610	-0.014611989178413746
subj03	session21	611	0.09484550761782715
subj03	session21	612	0.23834116474441125
subj03	session21	613	0.3350462765200057
subj03	session21	614	0.6359248184536523
subj03	session21	615	0.3295101808344013
subj03	session21	616	0.08586216716502924
subj03	session21	617	0.016192510323223695
subj03	session21	618	-0.016420333190944065
subj03	session21	619	0.024821301438131823
subj03	session21	620	0.1591670226398975
subj03	session21	621	0.3223835967535241
subj03	session21	622	0.08167165029189805
subj03	session21	623	-0.03536950021358392
subj03	session21	624	0.6204599174142105
subj03	session21	625	0.3030542503203759
subj03	session21	626	0.2669030328919266
subj03	session21	627	0.21606578385305425
subj03	session21	628	0.32343870140965403
subj03	session21	629	-0.12432721059376335
subj03	session21	630	-0.12941193222269684
subj03	session21	631	0.01688167449807775
subj03	session21	632	0.151304285917699
subj03	session21	633	0.271151929374911
subj03	session21	634	0.36180264844083726
subj03	session21	635	-0.09818168873700699
subj03	session21	636	-0.016717926811903754
subj03	session21	637	0.11376050121030898
subj03	session21	638	0.03498789691015237
subj03	session21	639	0.04052114480991026
subj03	session21	640	0.021254449665385162
subj03	session21	641	0.04046846077174997
subj03	session21	642	0.2031724334330058
subj03	session21	643	0.26587071052256867
subj03	session21	644	0.5110622241207462
subj03	session21	645	0.8122967392852057
subj03	session21	646	0.9233418766908728
subj03	session21	647	0.6423522711092126
subj03	session21	648	-0.31964117898334043
subj03	session21	649	-0.5886458778299872
subj03	session21	650	-0.20930941193222266
subj03	session21	651	0.039437562295315386
subj03	session21	652	0.016692296739285212
subj03	session21	653	0.2156229531539228
subj03	session21	654	0.05410793108358253
subj03	session21	655	0.09491385447814327
subj03	session21	656	0.32298447956713655
subj03	session21	657	0.25837676206749255
subj03	session21	658	0.19557169300868577
subj03	session21	659	0.2359091556314965
subj03	session21	660	0.19713085575964687
subj03	session21	661	0.11182258294176277
subj03	session21	662	-0.13889648298447957
subj03	session21	663	0.009750818738430865
subj03	session21	664	0.0692738146091414
subj03	session21	665	0.23433005837960982
subj03	session21	666	0.20458778299871852
subj03	session21	667	0.10223408799658265
subj03	session21	668	-0.1815093264986473
subj03	session21	669	0.036969955859319385
subj03	session21	670	0.02231524989320801
subj03	session21	671	-0.11466467321657409
subj03	session21	672	-0.08907019792111634
subj03	session21	673	0.22705396554179125
subj03	session21	674	0.09559732308130428
subj03	session21	675	0.4287882671223124
subj03	session21	676	0.7887569414780009
subj03	session21	677	0.24828136124163463
subj03	session21	678	0.5999686743556885
subj03	session21	679	0.26025345294033886
subj03	session21	680	0.2913868717072476
subj03	session21	681	0.2359134273102663
subj03	session21	682	0.2357069628363947
subj03	session21	683	0.0933931368361099
subj03	session21	684	-0.07161754236081445
subj03	session21	685	-0.07812330912715364
subj03	session21	686	-0.033326213868717085
subj03	session21	687	0.03892780862879113
subj03	session21	688	0.34340310408657265
subj03	session21	689	0.5087740281930798
subj03	session21	690	0.5901765627224833
subj03	session21	691	0.16284778584650433
subj03	session21	692	0.21526697992310984
subj03	session21	693	0.19520290474156343
subj03	session21	694	0.23146091413925668
subj03	session21	695	0.17159476007404245
subj03	session21	696	-0.011674498077744568
subj03	session21	697	-0.04849209739427596
subj03	session21	698	-0.05214011106364804
subj03	session21	699	-0.16550619393421617
subj03	session21	700	-0.14696853196639612
subj03	session21	701	0.14735298305567418
subj03	session21	702	0.32117471166168304
subj03	session21	703	0.31153495657126584
subj03	session21	704	0.3859803502776591
subj03	session21	705	0.015382315249893228
subj03	session21	706	0.16576819023209455
subj03	session21	707	0.37146233803218004
subj03	session21	708	-0.03867720347429869
subj03	session21	709	-0.1540281930798804
subj03	session21	710	-0.03957425601594761
subj03	session21	711	0.2848640182258294
subj03	session21	712	0.597673358963406
subj03	session21	713	0.5956727894062367
subj03	session21	714	0.258170297593621
subj03	session21	715	-0.003431581945037763
subj03	session21	716	-0.08317955289762209
subj03	session21	717	0.1745066211020931
subj03	session21	718	0.1456969955859319
subj03	session21	719	-0.0019080165171579105
subj03	session21	720	0.1780037021216004
subj03	session21	721	0.13239214011106362
subj03	session21	722	0.14063790402961696
subj03	session21	723	0.06183682187099533
subj03	session21	724	0.01564288765484838
subj03	session21	725	-0.1584565000711946
subj03	session21	726	0.010687740281930803
subj03	session21	727	-0.11277231952157198
subj03	session21	728	0.014290189377758774
subj03	session21	729	-0.16050832977360102
subj03	session21	730	-0.2465769614125018
subj03	session21	731	0.13635341022355119
subj03	session21	732	0.07697849921685887
subj03	session21	733	-0.05527837106649582
subj03	session21	734	0.04862451943613841
subj03	session21	735	0.45113341876690877
subj03	session21	736	0.658316958564716
subj03	session21	737	0.5504157767335897
subj03	session21	738	0.42750676349138544
subj03	session21	739	0.21682187099530117
subj03	session21	740	0.4266595472020504
subj03	session21	741	0.1831311405382315
subj03	session21	742	0.11331624661825428
subj03	session21	743	0.2209611277231952
subj03	session21	744	0.28556884522283926
subj03	session21	745	0.017035454933788965
subj03	session21	746	0.4767663391712943
subj03	session21	747	0.3950719065926243
subj03	session21	748	0.3490488395272675
subj03	session21	749	-0.17741563434429727
subj03	session22	0	0.23135696995585933
subj03	session22	1	0.06438416631069342
subj03	session22	2	0.5286173999715221
subj03	session22	3	0.10074327210593764
subj03	session22	4	-0.1529118610280507
subj03	session22	5	0.043534102235511886
subj03	session22	6	0.2879766481560586
subj03	session22	7	0.14652570126726472
subj03	session22	8	0.2920874270254877
subj03	session22	9	0.35546205325359537
subj03	session22	10	0.29612558735583083
subj03	session22	11	0.6248156058664388
subj03	session22	12	0.21210736152641324
subj03	session22	13	-0.30737291755659973
subj03	session22	14	-0.3087555175850776
subj03	session22	15	-0.12257297451231668
subj03	session22	16	-0.29966823294888223
subj03	session22	17	-0.13587498220133845
subj03	session22	18	0.12471593336181121
subj03	session22	19	0.2719293749110067
subj03	session22	20	0.31967535241349854
subj03	session22	21	0.011233091271536396
subj03	session22	22	-0.06863875836537094
subj03	session22	23	0.034459632635625806
subj03	session22	24	-0.06927523850206464
subj03	session22	25	-0.46333618111917985
subj03	session22	26	-0.26291898049266693
subj03	session22	27	0.09871992026199629
subj03	session22	28	0.20766908728463618
subj03	session22	29	-0.0026356258009397763
subj03	session22	30	-0.0056927239071622
subj03	session22	31	-0.4175921970667806
subj03	session22	32	-0.31202050405809484
subj03	session22	33	-0.0036907304570696106
subj03	session22	34	0.31326498647301726
subj03	session22	35	0.4593877260430016
subj03	session22	36	0.7026242346575537
subj03	session22	37	0.3005325359532963
subj03	session22	38	0.06791826854620533
subj03	session22	39	0.09972234087996584
subj03	session22	40	0.18321657411362663
subj03	session22	41	0.09130998148939203
subj03	session22	42	0.04890787412786559
subj03	session22	43	0.23077317385732593
subj03	session22	44	0.048799658265698445
subj03	session22	45	0.24827281788409514
subj03	session22	46	0.0839171294318667
subj03	session22	47	0.06301153353267834
subj03	session22	48	-0.3042218425174427
subj03	session22	49	0.05556742132991598
subj03	session22	50	0.40186672362238357
subj03	session22	51	0.09600598035027766
subj03	session22	52	0.1721828278513456
subj03	session22	53	0.06745123166737858
subj03	session22	54	-0.0058194503773316255
subj03	session22	55	-0.20406948597465469
subj03	session22	56	-0.02501352698277091
subj03	session22	57	0.2554819877545208
subj03	session22	58	-0.168859461768475
subj03	session22	59	-0.48697565143101246
subj03	session22	60	-0.079350704826997
subj03	session22	61	0.44137548056386167
subj03	session22	62	0.6374070909867579
subj03	session22	63	0.38431154777160753
subj03	session22	64	-0.04684750106791969
subj03	session22	65	-0.2109383454364232
subj03	session22	66	-0.11560159476007405
subj03	session22	67	-0.2228278513455788
subj03	session22	68	-0.1407760216431724
subj03	session22	69	0.2423536950021358
subj03	session22	70	0.017136551331339886
subj03	session22	71	0.1254663249323651
subj03	session22	72	0.22954008258578956
subj03	session22	73	0.20877260430015662
subj03	session22	74	0.18370639327922542
subj03	session22	75	0.25526982770895623
subj03	session22	76	0.3901936494375623
subj03	session22	77	0.08360244909582798
subj03	session22	78	-0.029259575679908854
subj03	session22	79	-0.14988751245906307
subj03	session22	80	-0.32085718353979786
subj03	session22	81	-0.24620817314537946
subj03	session22	82	-0.12912857753096965
subj03	session22	83	-0.11640467036878827
subj03	session22	84	-0.47648013669372064
subj03	session22	85	0.061157624946604025
subj03	session22	86	0.2171749964402677
subj03	session22	87	0.25079168446532824
subj03	session22	88	0.5500598035027766
subj03	session22	89	0.43020788836679486
subj03	session22	90	0.48479851915135985
subj03	session22	91	0.24607432721059375
subj03	session22	92	0.06179268119037447
subj03	session22	93	-0.07131567706108498
subj03	session22	94	0.03513171009540083
subj03	session22	95	0.09420617969528695
subj03	session22	96	-0.2072703972661256
subj03	session22	97	-0.11261711519293749
subj03	session22	98	0.26079453225117477
subj03	session22	99	0.08604157767335893
subj03	session22	100	0.003900042716787691
subj03	session22	101	0.18306136978499218
subj03	session22	102	0.35844368503488544
subj03	session22	103	-0.016819023209454654
subj03	session22	104	0.08446675210024208
subj03	session22	105	-0.22300014238929236
subj03	session22	106	-0.2808927808628791
subj03	session22	107	0.17081304285917698
subj03	session22	108	0.02848213014381317
subj03	session22	109	-0.06253452940338888
subj03	session22	110	0.047797237647728884
subj03	session22	111	0.10098818168873704
subj03	session22	112	-0.13422611419621244
subj03	session22	113	-0.0353595329631212
subj03	session22	114	0.12526697992310978
subj03	session22	115	0.020831553467179267
subj03	session22	116	0.027172148654421188
subj03	session22	117	-0.07969386302150078
subj03	session22	118	0.1913968389577104
subj03	session22	119	0.1622696853196639
subj03	session22	120	0.03720632208457924
subj03	session22	121	-0.0071550619393421855
subj03	session22	122	-0.027106649579951604
subj03	session22	123	0.05624661825430727
subj03	session22	124	0.11065783853054253
subj03	session22	125	0.010408657268973389
subj03	session22	126	0.1760515449238217
subj03	session22	127	0.3192994446817599
subj03	session22	128	0.3154050975366652
subj03	session22	129	0.22643172433433004
subj03	session22	130	-0.08801366937206322
subj03	session22	131	0.18450234942332333
subj03	session22	132	-0.14277801509326496
subj03	session22	133	0.014448241492239779
subj03	session22	134	0.21271678769756514
subj03	session22	135	-0.17964117898334045
subj03	session22	136	-0.011083582514594896
subj03	session22	137	-0.16663818880820164
subj03	session22	138	-0.03537519578527695
subj03	session22	139	0.13300299017513884
subj03	session22	140	0.09025487683326215
subj03	session22	141	0.08276520005695573
subj03	session22	142	-0.04732450519720914
subj03	session22	143	0.046841805496226664
subj03	session22	144	0.2246803360387299
subj03	session22	145	0.28021358393848783
subj03	session22	146	0.06979780720489821
subj03	session22	147	-0.014559305140253463
subj03	session22	148	-0.10337747401395418
subj03	session22	149	0.3390986757795814
subj03	session22	150	-0.04272675494802793
subj03	session22	151	-0.010028477858465034
subj03	session22	152	-0.24373202335184396
subj03	session22	153	0.02450804499501638
subj03	session22	154	0.1020304713085576
subj03	session22	155	-0.12354264559305139
subj03	session22	156	0.18018083440125304
subj03	session22	157	0.10599458920689163
subj03	session22	158	0.15568275665669942
subj03	session22	159	0.2358009397693294
subj03	session22	160	0.45443400256300726
subj03	session22	161	0.5714153495657126
subj03	session22	162	0.02932080307560871
subj03	session22	163	-0.05625088993307704
subj03	session22	164	0.03457069628363945
subj03	session22	165	-0.15156058664388436
subj03	session22	166	-0.20585931937918273
subj03	session22	167	-0.2815904883952727
subj03	session22	168	0.2718353979780721
subj03	session22	169	0.19364943756229527
subj03	session22	170	0.1176932934643315
subj03	session22	171	-0.22580378755517586
subj03	session22	172	-0.20148939199772178
subj03	session22	173	-0.0041463761925103525
subj03	session22	174	-0.06775024918126153
subj03	session22	175	0.1638459347857041
subj03	session22	176	0.37021500783141104
subj03	session22	177	0.2208529118610281
subj03	session22	178	0.021604727324505198
subj03	session22	179	0.12992738146091412
subj03	session22	180	0.07406806208173142
subj03	session22	181	-0.07828563292040439
subj03	session22	182	-0.12607717499644025
subj03	session22	183	-0.28289477431297166
subj03	session22	184	0.10287483981204616
subj03	session22	185	0.4746803360387298
subj03	session22	186	0.5990573828848071
subj03	session22	187	0.12472732450519719
subj03	session22	188	-0.09644169158479282
subj03	session22	189	-0.13641606151217428
subj03	session22	190	0.3407888366794817
subj03	session22	191	0.24940338886515734
subj03	session22	192	0.36908301295742557
subj03	session22	193	0.4018610280506906
subj03	session22	194	0.2171892353695002
subj03	session22	195	-0.05798234372775168
subj03	session22	196	0.12479994304428306
subj03	session22	197	-0.03335326783425887
subj03	session22	198	-0.1264189092980208
subj03	session22	199	-0.14588637334472448
subj03	session22	200	-0.006670938345436418
subj03	session22	201	0.043549765057667694
subj03	session22	202	0.22958137548056384
subj03	session22	203	0.3482728178840951
subj03	session22	204	0.03785846504342875
subj03	session22	205	0.07556314965114624
subj03	session22	206	-0.12940908443685034
subj03	session22	207	0.06614552185675633
subj03	session22	208	0.12150790260572404
subj03	session22	209	0.06359248184536523
subj03	session22	210	0.1731311405382315
subj03	session22	211	0.30006834686031614
subj03	session22	212	0.2527395699843372
subj03	session22	213	0.19594048127580804
subj03	session22	214	0.18652854905311125
subj03	session22	215	0.32766054392709665
subj03	session22	216	-0.12079595614409798
subj03	session22	217	-0.36274953723479997
subj03	session22	218	-0.3747273245051972
subj03	session22	219	-0.07800370212160046
subj03	session22	220	0.09644738715648583
subj03	session22	221	0.3209013242204186
subj03	session22	222	0.30003702121600456
subj03	session22	223	0.3280848640182258
subj03	session22	224	-0.07263420190801653
subj03	session22	225	-0.10544781432436279
subj03	session22	226	-0.12829560017086714
subj03	session22	227	-0.03463049978641606
subj03	session22	228	-0.11075181546347714
subj03	session22	229	0.09090559589918837
subj03	session22	230	-0.2770952584365656
subj03	session22	231	-0.4461739997152214
subj03	session22	232	-0.348351131994874
subj03	session22	233	-0.23447956713655133
subj03	session22	234	0.23506478712800796
subj03	session22	235	0.5765912003417343
subj03	session22	236	0.6409896055816602
subj03	session22	237	0.204082301010964
subj03	session22	238	0.13675637192083154
subj03	session22	239	0.1531852484693151
subj03	session22	240	0.4792239783568275
subj03	session22	241	0.08375053395984619
subj03	session22	242	-0.2314651858180265
subj03	session22	243	-0.33060373059945897
subj03	session22	244	-0.07230670653566854
subj03	session22	245	-0.07533675067634914
subj03	session22	246	-0.14098391000996724
subj03	session22	247	0.1973928520575253
subj03	session22	248	0.7595514737291756
subj03	session22	249	0.3698889363519864
subj03	session22	250	-0.23245336750676351
subj03	session22	251	0.098193079880393
subj03	session22	252	0.07314965114623383
subj03	session22	253	0.07171151929374905
subj03	session22	254	0.06351131994873987
subj03	session22	255	0.20069628363947029
subj03	session22	256	0.18244340025630074
subj03	session22	257	0.01638331197493949
subj03	session22	258	-0.07809055958991881
subj03	session22	259	0.4551445251317101
subj03	session22	260	0.5891143386017372
subj03	session22	261	0.27914708813897193
subj03	session22	262	0.02149081589064506
subj03	session22	263	-0.3188793962694005
subj03	session22	264	-0.1052271109212587
subj03	session22	265	0.1397194930941193
subj03	session22	266	0.1337362950306137
subj03	session22	267	0.2873985476292183
subj03	session22	268	0.4014694574967962
subj03	session22	269	-0.4334002563007262
subj03	session22	270	-0.30202192795101807
subj03	session22	271	-0.1476463049978642
subj03	session22	272	-0.3816915847928235
subj03	session22	273	-0.15613840239214014
subj03	session22	274	-0.06228534814181975
subj03	session22	275	0.06243770468460773
subj03	session22	276	0.0036010252029047445
subj03	session22	277	0.4422796525701267
subj03	session22	278	0.755696995585932
subj03	session22	279	0.34522426313541227
subj03	session22	280	-0.2832621386871707
subj03	session22	281	-0.39804499501637475
subj03	session22	282	-0.22868432293891494
subj03	session22	283	-0.12763348996155485
subj03	session22	284	0.1579353552612843
subj03	session22	285	0.4913114053823152
subj03	session22	286	0.229023209454649
subj03	session22	287	0.017432721059376287
subj03	session22	288	-0.1378171721486544
subj03	session22	289	-0.08902178556172577
subj03	session22	290	0.3186003132564431
subj03	session22	291	0.5475181546347715
subj03	session22	292	0.29558450804499503
subj03	session22	293	0.020106791969243892
subj03	session22	294	0.04526128435141676
subj03	session22	295	-0.01691442403531253
subj03	session22	296	-0.12318240068346863
subj03	session22	297	-0.07509468887939627
subj03	session22	298	0.05590915563149648
subj03	session22	299	0.08256158336893069
subj03	session22	300	0.2071564858322654
subj03	session22	301	-0.1737847073900043
subj03	session22	302	-0.154116474441122
subj03	session22	303	-0.08854620532535953
subj03	session22	304	-0.05462765200056961
subj03	session22	305	-0.008467891214580659
subj03	session22	306	0.0978684322938915
subj03	session22	307	-0.18029759362095973
subj03	session22	308	-0.11509611277231954
subj03	session22	309	-0.2058265698419479
subj03	session22	310	0.38071052256870286
subj03	session22	311	0.48690018510607996
subj03	session22	312	0.3221272960273387
subj03	session22	313	0.011601879538658679
subj03	session22	314	0.25906450234942335
subj03	session22	315	0.09742560159476008
subj03	session22	316	0.13904029616972804
subj03	session22	317	0.44146091413925675
subj03	session22	318	0.3830471308557597
subj03	session22	319	0.00772177132279653
subj03	session22	320	-0.024673216574113612
subj03	session22	321	-0.05404812758080592
subj03	session22	322	0.12581090701979214
subj03	session22	323	0.14207461198917842
subj03	session22	324	0.4433475722625659
subj03	session22	325	0.2894033888651573
subj03	session22	326	0.4137092410650719
subj03	session22	327	0.5266638188808201
subj03	session22	328	0.22890645023494233
subj03	session22	329	-0.08967677630642176
subj03	session22	330	-0.12032891926527133
subj03	session22	331	-0.26456357681902315
subj03	session22	332	-0.17603303431581943
subj03	session22	333	0.06883098391000997
subj03	session22	334	-0.13203474298732737
subj03	session22	335	-0.01639043143955576
subj03	session22	336	-0.3771265840808772
subj03	session22	337	-0.13760216431724337
subj03	session22	338	-0.1503730599458921
subj03	session22	339	0.09699273814609138
subj03	session22	340	0.28421757083867294
subj03	session22	341	0.2763334757226257
subj03	session22	342	0.06809198348284211
subj03	session22	343	-0.16038872276804786
subj03	session22	344	-0.14901466609710948
subj03	session22	345	0.1975352413498505
subj03	session22	346	0.2777815748255731
subj03	session22	347	0.23129147088138968
subj03	session22	348	0.17558877972376474
subj03	session22	349	-0.1202805069058807
subj03	session22	350	0.11196639612701126
subj03	session22	351	0.05536807632066067
subj03	session22	352	-0.24905168731311403
subj03	session22	353	0.11843656557026912
subj03	session22	354	-0.18142389292325217
subj03	session22	355	-0.2930813042859177
subj03	session22	356	0.025098960558166045
subj03	session22	357	0.19743841663106937
subj03	session22	358	0.2504485262708244
subj03	session22	359	0.3582799373487114
subj03	session22	360	0.17766908728463618
subj03	session22	361	0.09582087427025483
subj03	session22	362	0.14617827139399117
subj03	session22	363	0.1761483696426029
subj03	session22	364	0.033890075466325
subj03	session22	365	-0.18115762494660398
subj03	session22	366	-0.30940623665100386
subj03	session22	367	0.10481987754520862
subj03	session22	368	0.13400968247187814
subj03	session22	369	0.26065214295884953
subj03	session22	370	0.4147244767193507
subj03	session22	371	0.23472305282642747
subj03	session22	372	0.09823579666809051
subj03	session22	373	0.16619251032322369
subj03	session22	374	0.27470454221842516
subj03	session22	375	0.6377559447529546
subj03	session22	376	-0.04154349992880536
subj03	session22	377	0.24050121030898475
subj03	session22	378	0.013131140538231535
subj03	session22	379	0.13288623095543217
subj03	session22	380	0.01916275096112772
subj03	session22	381	0.045261284351416776
subj03	session22	382	-0.21373487113769046
subj03	session22	383	-0.07557738858037874
subj03	session22	384	-0.09264559305140255
subj03	session22	385	0.3516332051829702
subj03	session22	386	0.1879225402249751
subj03	session22	387	0.08196212444824146
subj03	session22	388	-0.11617257582229817
subj03	session22	389	0.1772789406236651
subj03	session22	390	0.35815890645023496
subj03	session22	391	0.5356813327637762
subj03	session22	392	0.1343343300583796
subj03	session22	393	0.029399117186387585
subj03	session22	394	-0.19539513028620248
subj03	session22	395	-0.18156058664388436
subj03	session22	396	-0.15686031610422893
subj03	session22	397	0.030781717214865417
subj03	session22	398	0.2525516161184679
subj03	session22	399	-0.13265840808771182
subj03	session22	400	-0.14553609568560444
subj03	session22	401	-0.014033888651573385
subj03	session22	402	0.365929090132422
subj03	session22	403	-0.2437120888509184
subj03	session22	404	-0.4355047700412929
subj03	session22	405	-0.31957567990887087
subj03	session22	406	0.009833404527979506
subj03	session22	407	0.26743414495229956
subj03	session22	408	0.23702833546917268
subj03	session22	409	0.19821870995301152
subj03	session22	410	0.09451231667378614
subj03	session22	411	0.07860316104228963
subj03	session22	412	0.16986900185106082
subj03	session22	413	0.3460116759219707
subj03	session22	414	0.15936067207745977
subj03	session22	415	-0.0910266267976648
subj03	session22	416	-0.0029816317812900546
subj03	session22	417	-0.14558593193791833
subj03	session22	418	-0.1948640182258294
subj03	session22	419	-0.2835469172718212
subj03	session22	420	0.010654990744695985
subj03	session22	421	0.11740709098675778
subj03	session22	422	0.38870283354691726
subj03	session22	423	0.499011818311263
subj03	session22	424	0.22413498504912432
subj03	session22	425	-0.3327367221984906
subj03	session22	426	-0.3496297878399544
subj03	session22	427	0.022903317670511188
subj03	session22	428	0.33403673643741993
subj03	session22	429	0.38353695002135846
subj03	session22	430	0.060347429873273545
subj03	session22	431	0.11179695286914425
subj03	session22	432	0.09968104798519152
subj03	session22	433	0.07765200056955722
subj03	session22	434	0.242315249893208
subj03	session22	435	0.1905296881674498
subj03	session22	436	0.2453310551046561
subj03	session22	437	-0.06676206749252454
subj03	session22	438	-0.017266125587355862
subj03	session22	439	0.17640039869001853
subj03	session22	440	0.04866723622383596
subj03	session22	441	-0.10502918980492662
subj03	session22	442	-0.14158479282357966
subj03	session22	443	0.020028477858465038
subj03	session22	444	0.1169286629645451
subj03	session22	445	0.504708813897195
subj03	session22	446	0.4458265698419479
subj03	session22	447	0.3458678627367222
subj03	session22	448	0.18105510465612984
subj03	session22	449	0.45440694859746544
subj03	session22	450	0.023196639612701093
subj03	session22	451	0.06294603445820873
subj03	session22	452	-0.23712231240210732
subj03	session22	453	-0.3321885234230386
subj03	session22	454	-0.4064844083724904
subj03	session22	455	-0.37103944183397414
subj03	session22	456	-0.29559732308130426
subj03	session22	457	-0.17482699700982485
subj03	session22	458	-0.21456500071194648
subj03	session22	459	-0.11639043143955571
subj03	session22	460	0.37260714794247474
subj03	session22	461	0.3141492239783569
subj03	session22	462	-0.3639498789691015
subj03	session22	463	-0.4240623665100385
subj03	session22	464	0.06924818453652286
subj03	session22	465	0.42851487968104796
subj03	session22	466	0.2673116901608999
subj03	session22	467	0.29403673643741984
subj03	session22	468	0.22908586074327209
subj03	session22	469	0.16913142531681613
subj03	session22	470	0.2862366510038445
subj03	session22	471	0.772212729602734
subj03	session22	472	0.8292581517869857
subj03	session22	473	0.0699458920689164
subj03	session22	474	-0.02376904456784849
subj03	session22	475	-0.2649480279083013
subj03	session22	476	-0.41091841093549764
subj03	session22	477	-0.06180122454791398
subj03	session22	478	1.3164844083724905
subj03	session22	479	-0.5445322511747117
subj03	session22	480	-0.6407845650007119
subj03	session22	481	-0.24493806065783852
subj03	session22	482	-0.48618539085860735
subj03	session22	483	0.13090559589918835
subj03	session22	484	0.19787839954435424
subj03	session22	485	0.5266937206322084
subj03	session22	486	0.2592980207888368
subj03	session22	487	0.08319806350562434
subj03	session22	488	-0.3975964687455503
subj03	session22	489	-0.012379325074754387
subj03	session22	490	-0.5518667236223836
subj03	session22	491	-0.3723166737861313
subj03	session22	492	-0.11093692154349995
subj03	session22	493	0.10981347002705397
subj03	session22	494	0.41832692581517866
subj03	session22	495	0.5576121315677061
subj03	session22	496	0.49818026484408373
subj03	session22	497	0.07778299871849637
subj03	session22	498	0.1440410081161897
subj03	session22	499	0.1256827566566994
subj03	session22	500	0.04894631923679337
subj03	session22	501	-0.010909867577958128
subj03	session22	502	0.29263277801509324
subj03	session22	503	-0.10289904599174145
subj03	session22	504	-0.0639441833974085
subj03	session22	505	0.05060230670653566
subj03	session22	506	0.07976648156058663
subj03	session22	507	0.026018795386586926
subj03	session22	508	0.01810764630499787
subj03	session22	509	0.045537519578527696
subj03	session22	510	-0.014156343442973089
subj03	session22	511	-0.09437419906023069
subj03	session22	512	0.2951502207034031
subj03	session22	513	0.7421529260999573
subj03	session22	514	0.5330699131425317
subj03	session22	515	0.10351986330627935
subj03	session22	516	0.2289391997721771
subj03	session22	517	0.20772034742987328
subj03	session22	518	-0.033044283069913125
subj03	session22	519	-0.019259575679908863
subj03	session22	520	0.15827139399117188
subj03	session22	521	0.2598732735298306
subj03	session22	522	0.0031966396127011314
subj03	session22	523	-0.021492239783568286
subj03	session22	524	-0.006052968816745003
subj03	session22	525	-0.0710152356542788
subj03	session22	526	0.22502349423323365
subj03	session22	527	-0.12839669656841807
subj03	session22	528	-0.05880250605154491
subj03	session22	529	-0.21680905595899186
subj03	session22	530	-0.23309269542930375
subj03	session22	531	-0.043377474013954136
subj03	session22	532	-0.24985191513598182
subj03	session22	533	-0.2435597323081304
subj03	session22	534	-0.2508429446105653
subj03	session22	535	-0.005836537092410672
subj03	session22	536	0.2851416773458636
subj03	session22	537	0.3343656557026912
subj03	session22	538	0.18859034600598035
subj03	session22	539	-0.16414922397835688
subj03	session22	540	0.0682073188096255
subj03	session22	541	0.07433290616545637
subj03	session22	542	0.22790545350989605
subj03	session22	543	0.10777445536095684
subj03	session22	544	0.025077602164317245
subj03	session22	545	0.008601737149366347
subj03	session22	546	-0.1541691584792824
subj03	session22	547	-0.058392424889648305
subj03	session22	548	-0.1824533675067635
subj03	session22	549	0.12883952726754944
subj03	session22	550	0.14538516303573973
subj03	session22	551	0.2420119607005553
subj03	session22	552	0.4210921258721344
subj03	session22	553	0.5610024206179695
subj03	session22	554	0.48977644881104937
subj03	session22	555	0.06553040011391142
subj03	session22	556	-0.18065071906592622
subj03	session22	557	0.10958849494518012
subj03	session22	558	0.39888651573401673
subj03	session22	559	-0.00986757795813755
subj03	session22	560	-0.04807632066068636
subj03	session22	561	0.009639755090417187
subj03	session22	562	0.2166552755232806
subj03	session22	563	0.2513754805638616
subj03	session22	564	0.14262281076463054
subj03	session22	565	0.23979495941905166
subj03	session22	566	0.0032407802933219327
subj03	session22	567	0.07459205467748825
subj03	session22	568	-0.1695927666239499
subj03	session22	569	0.04160045564573549
subj03	session22	570	0.4419763633774739
subj03	session22	571	0.11247472590061228
subj03	session22	572	0.08731453794674641
subj03	session22	573	-0.0034486686601167688
subj03	session22	574	-0.0775765342446248
subj03	session22	575	0.30416915847928244
subj03	session22	576	0.20490958279937346
subj03	session22	577	0.20672931795528973
subj03	session22	578	-0.005701267264701695
subj03	session22	579	-0.10233660828705683
subj03	session22	580	-0.05982058949167026
subj03	session22	581	0.028826712231240205
subj03	session22	582	-0.09290189377758794
subj03	session22	583	0.3613640894204756
subj03	session22	584	-0.08305567421329911
subj03	session22	585	-0.1298690018510608
subj03	session22	586	0.0335127438416631
subj03	session22	587	-0.19410365940481275
subj03	session22	588	-0.06543072760928377
subj03	session22	589	0.09250889933077032
subj03	session22	590	0.10993877260430016
subj03	session22	591	0.026524277374341463
subj03	session22	592	0.10088850918410938
subj03	session22	593	-0.35499928805353836
subj03	session22	594	-0.1764331482272533
subj03	session22	595	0.2710892780862879
subj03	session22	596	0.33422753808913575
subj03	session22	597	0.5476078598889363
subj03	session22	598	0.652913284920974
subj03	session22	599	0.2895628648725616
subj03	session22	600	0.04242204186245194
subj03	session22	601	-0.1303801794105083
subj03	session22	602	0.10581375480563861
subj03	session22	603	0.017213441549195484
subj03	session22	604	0.033635198633062795
subj03	session22	605	-0.2628876548483554
subj03	session22	606	0.10238359675352417
subj03	session22	607	-0.14608571835397982
subj03	session22	608	-0.17310123878684325
subj03	session22	609	-0.08715221415349564
subj03	session22	610	0.006804784280222131
subj03	session22	611	-0.011566282215577383
subj03	session22	612	-0.05727751673074185
subj03	session22	613	-0.09202192795101809
subj03	session22	614	-0.35225117471166173
subj03	session22	615	-0.18722056101381174
subj03	session22	616	0.5707745977502492
subj03	session22	617	0.7728250035597324
subj03	session22	618	0.3628890787412786
subj03	session22	619	0.09694147800085436
subj03	session22	620	-0.15200341734301578
subj03	session22	621	0.055604442545920556
subj03	session22	622	0.07808486401822581
subj03	session22	623	-0.2583753381745693
subj03	session22	624	-0.05630784565000713
subj03	session22	625	0.24256158336893063
subj03	session22	626	0.3809953011533532
subj03	session22	627	0.36471450946888795
subj03	session22	628	-0.20964545066211018
subj03	session22	629	-0.0937448383881532
subj03	session22	630	-0.1645464901039442
subj03	session22	631	-0.0684636195358109
subj03	session22	632	-0.04619393421614694
subj03	session22	633	-0.15904883952726756
subj03	session22	634	-0.003079880392994438
subj03	session22	635	-0.18178413783283495
subj03	session22	636	0.5420162323793252
subj03	session22	637	0.5786202477573688
subj03	session22	638	0.7588637334472448
subj03	session22	639	0.4296369073045707
subj03	session22	640	0.025211448099102945
subj03	session22	641	0.12042147230528265
subj03	session22	642	0.09986188238644453
subj03	session22	643	0.008091983482842107
subj03	session22	644	-0.1600412928947743
subj03	session22	645	-0.3040637904029617
subj03	session22	646	-0.2683525558877973
subj03	session22	647	0.08731738573259286
subj03	session22	648	0.07355261284351416
subj03	session22	649	0.02996440267691869
subj03	session22	650	-0.1314125017798661
subj03	session22	651	0.0018909298020788818
subj03	session22	652	-0.040024206179695265
subj03	session22	653	-0.22093834543642318
subj03	session22	654	0.09496369073045707
subj03	session22	655	-0.03473444396981347
subj03	session22	656	0.11044283069913143
subj03	session22	657	0.6322753808913569
subj03	session22	658	0.26848070625088993
subj03	session22	659	0.04628648725615832
subj03	session22	660	-0.21038445108927809
subj03	session22	661	0.1998148939199772
subj03	session22	662	0.3278727039726612
subj03	session22	663	-0.1438758365370924
subj03	session22	664	0.0003118325501922394
subj03	session22	665	-0.08992738146091413
subj03	session22	666	0.07595329631211732
subj03	session22	667	0.1522056101381176
subj03	session22	668	0.11651146233803218
subj03	session22	669	0.24316816175423608
subj03	session22	670	0.22597323081304285
subj03	session22	671	0.20775024918126153
subj03	session22	672	0.26608002278228676
subj03	session22	673	0.2919436138402392
subj03	session22	674	0.1872063220845793
subj03	session22	675	-0.16637904029616973
subj03	session22	676	-0.2614865442118753
subj03	session22	677	-0.4173771892353695
subj03	session22	678	-0.0743556884522284
subj03	session22	679	0.15329204043855904
subj03	session22	680	0.018116189662537377
subj03	session22	681	-0.2958877972376477
subj03	session22	682	-0.20026626797664818
subj03	session22	683	0.35571693008685745
subj03	session22	684	0.304285917698989
subj03	session22	685	0.20484408372490392
subj03	session22	686	-0.27083297736010253
subj03	session22	687	0.21629218282785137
subj03	session22	688	-0.03343015805211448
subj03	session22	689	-0.049333618111917985
subj03	session22	690	-0.1085561725758223
subj03	session22	691	0.05813612416346289
subj03	session22	692	0.08883240780293322
subj03	session22	693	0.2850889933077033
subj03	session22	694	0.32770753239356404
subj03	session22	695	0.1186658123309127
subj03	session22	696	-0.13148654421187525
subj03	session22	697	0.09868717072476149
subj03	session22	698	0.020773173857325928
subj03	session22	699	-0.12214011106364801
subj03	session22	700	-0.16270112487540936
subj03	session22	701	0.04179125729745125
subj03	session22	702	-0.0025516161184679018
subj03	session22	703	0.010445678484977917
subj03	session22	704	0.1992140111063648
subj03	session22	705	-0.08032749537234801
subj03	session22	706	-0.16656984194788552
subj03	session22	707	0.09084294461056529
subj03	session22	708	0.29989605581660256
subj03	session22	709	0.23829132849209744
subj03	session22	710	0.004614836964260285
subj03	session22	711	0.028059233945607314
subj03	session22	712	-0.08629218282785135
subj03	session22	713	-0.0658351131994874
subj03	session22	714	0.18820731880962552
subj03	session22	715	0.3617115192937491
subj03	session22	716	0.38650434287341595
subj03	session22	717	0.020645023494233222
subj03	session22	718	-0.1769927381460914
subj03	session22	719	0.007818596041577653
subj03	session22	720	-0.0626911576249466
subj03	session22	721	0.16155346717926813
subj03	session22	722	0.35598604584935206
subj03	session22	723	0.15654848355403675
subj03	session22	724	-0.11010679196924393
subj03	session22	725	0.09365370924106509
subj03	session22	726	-0.08912288195927666
subj03	session22	727	-0.06172006265128862
subj03	session22	728	0.00014238929232521664
subj03	session22	729	-0.011104940908443698
subj03	session22	730	0.06267407090986757
subj03	session22	731	0.11373344724476717
subj03	session22	732	-0.13245621529260995
subj03	session22	733	-0.0885675637192083
subj03	session22	734	-0.2789206891641749
subj03	session22	735	0.1304371351274384
subj03	session22	736	0.28578100526840383
subj03	session22	737	0.22045279794959421
subj03	session22	738	0.1693991171863876
subj03	session22	739	0.13892353695002138
subj03	session22	740	0.1836052968816745
subj03	session22	741	0.4183440125302577
subj03	session22	742	0.30622525986045857
subj03	session22	743	0.19175281218852344
subj03	session22	744	-0.06482984479567139
subj03	session22	745	-0.2806208173145379
subj03	session22	746	-0.14670938345436424
subj03	session22	747	-0.2966723622383597
subj03	session22	748	-0.11013099814893922
subj03	session22	749	-0.00234799943044285
subj03	session23	0	0.1439028905026342
subj03	session23	1	0.05412644169158479
subj03	session23	2	0.016004556457354407
subj03	session23	3	0.13680905595899182
subj03	session23	4	0.06233660828705682
subj03	session23	5	0.1970340310408657
subj03	session23	6	0.6367933931368361
subj03	session23	7	0.5289363519863306
subj03	session23	8	0.46039157055389435
subj03	session23	9	0.42739997152214154
subj03	session23	10	0.4128150363092695
subj03	session23	11	0.6955019222554464
subj03	session23	12	0.9288267122312401
subj03	session23	13	0.5328321230243486
subj03	session23	14	0.06197351559162752
subj03	session23	15	0.029965826569841914
subj03	session23	16	-0.1194062366510038
subj03	session23	17	0.026779154207603593
subj03	session23	18	0.565702691157625
subj03	session23	19	0.04417485405097535
subj03	session23	20	-0.4017969528691443
subj03	session23	21	-0.5618368218709954
subj03	session23	22	-0.014728748398120493
subj03	session23	23	0.3577417058237221
subj03	session23	24	0.9712943186672361
subj03	session23	25	0.9646831838245764
subj03	session23	26	0.47845792396411796
subj03	session23	27	0.18586216716502915
subj03	session23	28	0.013840239214011084
subj03	session23	29	0.05432293891499359
subj03	session23	30	0.10990602306706536
subj03	session23	31	0.48750676349138544
subj03	session23	32	0.1522426313541222
subj03	session23	33	0.30209739427595045
subj03	session23	34	0.2851231667378613
subj03	session23	35	0.4716688025060515
subj03	session23	36	0.04027481133418768
subj03	session23	37	0.08497223408799656
subj03	session23	38	-0.2721856756371921
subj03	session23	39	-0.08971522141534956
subj03	session23	40	0.40162039014666095
subj03	session23	41	0.1060145237078172
subj03	session23	42	0.007674782856329202
subj03	session23	43	0.4461426740709099
subj03	session23	44	1.0707902605724051
subj03	session23	45	0.997949594190517
subj03	session23	46	0.1496127011248754
subj03	session23	47	0.05333902890502634
subj03	session23	48	-0.03710522568702834
subj03	session23	49	-0.04982201338459349
subj03	session23	50	-0.21203474298732738
subj03	session23	51	0.2864630499786416
subj03	session23	52	0.18888224405524706
subj03	session23	53	0.3860287626370497
subj03	session23	54	0.4531980635056244
subj03	session23	55	0.4863619535810907
subj03	session23	56	0.6875679908870853
subj03	session23	57	0.6872746689448954
subj03	session23	58	0.41649722340879963
subj03	session23	59	0.35058521999145664
subj03	session23	60	0.6642503203759077
subj03	session23	61	0.6896482984479567
subj03	session23	62	0.47970383027196356
subj03	session23	63	-0.1006521429588495
subj03	session23	64	0.9639911718638758
subj03	session23	65	1.0399387726043001
subj03	session23	66	0.20186102805069062
subj03	session23	67	0.45490815890645026
subj03	session23	68	0.2565541791257298
subj03	session23	69	0.3429759362095971
subj03	session23	70	0.8705296881674499
subj03	session23	71	0.4955517585077603
subj03	session23	72	0.36056813327637766
subj03	session23	73	-0.42686458778299863
subj03	session23	74	-0.30683753381745693
subj03	session23	75	0.08661683041435282
subj03	session23	76	0.5504656129859034
subj03	session23	77	0.5160074042432009
subj03	session23	78	0.4789178413783284
subj03	session23	79	0.3459248184536523
subj03	session23	80	0.3240495514737292
subj03	session23	81	0.7758336893065642
subj03	session23	82	0.24002847785846504
subj03	session23	83	0.32899330770326074
subj03	session23	84	0.09072903317670511
subj03	session23	85	0.6552712516018796
subj03	session23	86	0.2542973088423751
subj03	session23	87	0.15106507190659263
subj03	session23	88	-0.2964018225829418
subj03	session23	89	-0.3459518724191941
subj03	session23	90	-0.21131567706108498
subj03	session23	91	0.2793151075039157
subj03	session23	92	-0.008614552185675615
subj03	session23	93	0.4171849636907304
subj03	session23	94	0.41733162466182544
subj03	session23	95	0.403433005837961
subj03	session23	96	0.286087142246903
subj03	session23	97	0.31839242488964836
subj03	session23	98	0.22617969528691437
subj03	session23	99	0.14301580521144805
subj03	session23	100	0.18676633917129432
subj03	session23	101	0.030945464901039475
subj03	session23	102	0.10839384878257158
subj03	session23	103	0.0015734016801936754
subj03	session23	104	0.4139484550761783
subj03	session23	105	0.6157582229816317
subj03	session23	106	0.6659362095970384
subj03	session23	107	0.6426285063363235
subj03	session23	108	0.3703474298732735
subj03	session23	109	0.42369073045706956
subj03	session23	110	0.3635098960558167
subj03	session23	111	0.5380492666951445
subj03	session23	112	0.24760643599601304
subj03	session23	113	0.16402819307988037
subj03	session23	114	0.09708813897194933
subj03	session23	115	0.12003559732308133
subj03	session23	116	0.006604015378043562
subj03	session23	117	0.32272533105510465
subj03	session23	118	0.3664075181546348
subj03	session23	119	0.3322768047842803
subj03	session23	120	0.520864303004414
subj03	session23	121	0.3233133988324078
subj03	session23	122	-0.17573259290901325
subj03	session23	123	0.22125017798661537
subj03	session23	124	0.4687754520860032
subj03	session23	125	0.4837519578527695
subj03	session23	126	0.4405239925957568
subj03	session23	127	0.14208457923964118
subj03	session23	128	0.16352698277089564
subj03	session23	129	0.47651715790972515
subj03	session23	130	0.3456742132991598
subj03	session23	131	0.6323195215719778
subj03	session23	132	0.2478798234372775
subj03	session23	133	0.48812615691300015
subj03	session23	134	0.4276705111775595
subj03	session23	135	0.36739285205752525
subj03	session23	136	0.5017343015805211
subj03	session23	137	0.5377459775024918
subj03	session23	138	0.393309127153638
subj03	session23	139	0.13450804499501637
subj03	session23	140	-0.2049095827993735
subj03	session23	141	0.0029474583511320215
subj03	session23	142	-0.07100526840381602
subj03	session23	143	-0.12680763206606863
subj03	session23	144	-0.40952584365655703
subj03	session23	145	-0.23957425601594767
subj03	session23	146	-0.014780008543357549
subj03	session23	147	0.8958578954862593
subj03	session23	148	0.9853182400683469
subj03	session23	149	0.19083012957425605
subj03	session23	150	0.05360814466752101
subj03	session23	151	0.13466040153780437
subj03	session23	152	0.6062010536807633
subj03	session23	153	0.24789406236651007
subj03	session23	154	0.5983198063505624
subj03	session23	155	0.5029673928520575
subj03	session23	156	0.13529403388865158
subj03	session23	157	0.25948170297593626
subj03	session23	158	0.18124021073615268
subj03	session23	159	-0.03961697280364516
subj03	session23	160	0.0012131567706108576
subj03	session23	161	0.21010394418339742
subj03	session23	162	0.5299188381033746
subj03	session23	163	0.2756642460486971
subj03	session23	164	0.138684322938915
subj03	session23	165	0.5429659689591343
subj03	session23	166	0.06511747116616833
subj03	session23	167	0.32507760216431725
subj03	session23	168	0.3101139114338602
subj03	session23	169	0.2662409226826143
subj03	session23	170	0.20351843941335615
subj03	session23	171	0.224263135412217
subj03	session23	172	0.07151786985618684
subj03	session23	173	-0.04708101950733306
subj03	session23	174	-0.18997579382030466
subj03	session23	175	0.3136779154207604
subj03	session23	176	0.3300156628221558
subj03	session23	177	0.6168133276377616
subj03	session23	178	0.45733589634059524
subj03	session23	179	0.42190374483838816
subj03	session23	180	0.4641349850491243
subj03	session23	181	-0.03702263989747972
subj03	session23	182	0.1853680763206607
subj03	session23	183	0.44500213583938486
subj03	session23	184	0.34812330912715367
subj03	session23	185	0.38712658408087713
subj03	session23	186	0.509508756941478
subj03	session23	187	0.10758650149508756
subj03	session23	188	-0.09211590488395276
subj03	session23	189	-0.0924590630784565
subj03	session23	190	-0.5202192795101809
subj03	session23	191	-0.47257297451231667
subj03	session23	192	-0.2932123024348569
subj03	session23	193	-0.16910152356542785
subj03	session23	194	0.2891456642460487
subj03	session23	195	0.3025914851203189
subj03	session23	196	0.44449095827993734
subj03	session23	197	0.5858991883810337
subj03	session23	198	0.7160102520290474
subj03	session23	199	0.4835768190232094
subj03	session23	200	0.9207916844653282
subj03	session23	201	0.4240908443685035
subj03	session23	202	0.48233803217998
subj03	session23	203	0.41970810195073327
subj03	session23	204	0.0659689591342731
subj03	session23	205	0.05235369500213581
subj03	session23	206	0.18051260145237077
subj03	session23	207	0.1622454791399687
subj03	session23	208	-0.39689306564146376
subj03	session23	209	-0.11284493806065785
subj03	session23	210	0.08823294888224406
subj03	session23	211	1.1638217286060089
subj03	session23	212	0.8738188808201622
subj03	session23	213	0.34606720774597743
subj03	session23	214	0.2649053111206038
subj03	session23	215	0.2130898476434572
subj03	session23	216	0.5238758365370925
subj03	session23	217	0.5045464901039443
subj03	session23	218	0.4806962836394703
subj03	session23	219	0.005204328634486664
subj03	session23	220	-0.001550619393421637
subj03	session23	221	-0.18199060230670655
subj03	session23	222	-0.12059233945607291
subj03	session23	223	0.06277374341449525
subj03	session23	224	0.11108785419336469
subj03	session23	225	-0.1101893777587926
subj03	session23	226	0.11653994019649722
subj03	session23	227	0.4750135269827709
subj03	session23	228	0.24370212160045565
subj03	session23	229	-0.18727039726612557
subj03	session23	230	0.8997280364516588
subj03	session23	231	0.46436850348853764
subj03	session23	232	0.04402534529403388
subj03	session23	233	0.1899188381033746
subj03	session23	234	-0.026272248326925825
subj03	session23	235	-0.022883383169585644
subj03	session23	236	0.14455930514025347
subj03	session23	237	0.4040310408657269
subj03	session23	238	0.3768232948882244
subj03	session23	239	0.03851060800227823
subj03	session23	240	0.0448027908301296
subj03	session23	241	0.3093549765057668
subj03	session23	242	0.05265413640894205
subj03	session23	243	-0.08736152641321371
subj03	session23	244	0.3984280222127296
subj03	session23	245	0.7860729033176705
subj03	session23	246	0.6392538801082158
subj03	session23	247	0.5430371636052969
subj03	session23	248	0.4631240210736152
subj03	session23	249	0.3071849636907304
subj03	session23	250	0.025534671792681204
subj03	session23	251	0.0018880820162323862
subj03	session23	252	0.3825017798661541
subj03	session23	253	0.08686458778299873
subj03	session23	254	0.14265128862309556
subj03	session23	255	0.44592481845365234
subj03	session23	256	0.915675637192083
subj03	session23	257	0.8192410650719065
subj03	session23	258	0.38435711234515163
subj03	session23	259	0.3719906023067065
subj03	session23	260	0.5603132564431155
subj03	session23	261	0.26902178556172573
subj03	session23	262	0.3571137690445679
subj03	session23	263	0.2413712088850918
subj03	session23	264	0.14932222696853198
subj03	session23	265	-0.02802078883667948
subj03	session23	266	0.3507845650007119
subj03	session23	267	0.8507390004271679
subj03	session23	268	0.8948127580805924
subj03	session23	269	0.7308443685034886
subj03	session23	270	0.24324647586501494
subj03	session23	271	0.2965698419478855
subj03	session23	272	0.16680478428022213
subj03	session23	273	0.03808344012530256
subj03	session23	274	-0.14075751103517017
subj03	session23	275	0.09476007404243199
subj03	session23	276	0.24602449095827997
subj03	session23	277	0.018472162893350394
subj03	session23	278	-0.0642090274811334
subj03	session23	279	-0.08060942617115195
subj03	session23	280	-0.5454307276092838
subj03	session23	281	-0.2602107361526413
subj03	session23	282	-0.0324775736864588
subj03	session23	283	0.32076035882101667
subj03	session23	284	0.08773885803787554
subj03	session23	285	-0.24233660828705678
subj03	session23	286	-0.18384593478570413
subj03	session23	287	-0.26187811476576967
subj03	session23	288	0.38153495657126585
subj03	session23	289	0.6357525274099387
subj03	session23	290	0.8589420475580236
subj03	session23	291	0.9696639612701125
subj03	session23	292	0.25515449238217286
subj03	session23	293	0.17956998433717786
subj03	session23	294	0.44425886373344725
subj03	session23	295	0.22666809055958986
subj03	session23	296	0.4515847928235796
subj03	session23	297	0.5120304713085576
subj03	session23	298	0.4178399544354265
subj03	session23	299	-0.009850491243058505
subj03	session23	300	0.13326213868717074
subj03	session23	301	-0.05588210166595472
subj03	session23	302	-0.06663249323650862
subj03	session23	303	0.8025530400113912
subj03	session23	304	0.35740851487968106
subj03	session23	305	0.59298163178129
subj03	session23	306	0.6779154207603588
subj03	session23	307	0.4645322511747116
subj03	session23	308	0.3882528833831696
subj03	session23	309	0.3030642175708387
subj03	session23	310	0.46837106649579946
subj03	session23	311	0.4003887227680479
subj03	session23	312	-0.0925544639043144
subj03	session23	313	0.5847016944325787
subj03	session23	314	0.42062793677915417
subj03	session23	315	0.24942332336608286
subj03	session23	316	0.20282215577388582
subj03	session23	317	0.22472020504058096
subj03	session23	318	0.45211732877687594
subj03	session23	319	0.34574256015947596
subj03	session23	320	0.3109354976505767
subj03	session23	321	0.11058379609853339
subj03	session23	322	0.48097251886658127
subj03	session23	323	0.25910152356542787
subj03	session23	324	-0.025356685177274674
subj03	session23	325	0.29615976078598893
subj03	session23	326	0.1848440837249039
subj03	session23	327	-0.04532820731880964
subj03	session23	328	-0.11764345721201767
subj03	session23	329	-0.08407660543927097
subj03	session23	330	-0.2641022355118895
subj03	session23	331	0.2812017656272248
subj03	session23	332	0.1584066638188808
subj03	session23	333	0.4744169158479283
subj03	session23	334	0.5448027908301295
subj03	session23	335	0.478210166595472
subj03	session23	336	0.48655417912572974
subj03	session23	337	0.4095329631211733
subj03	session23	338	0.8540751815463477
subj03	session23	339	1.2207674782856328
subj03	session23	340	0.6761141962124448
subj03	session23	341	-0.09309696710807347
subj03	session23	342	0.08425316816175424
subj03	session23	343	0.060344582087427
subj03	session23	344	-0.09555318240068347
subj03	session23	345	0.23211305709810617
subj03	session23	346	0.16406948597465473
subj03	session23	347	-0.2232265413640894
subj03	session23	348	0.0677374341449523
subj03	session23	349	-0.1754805638615976
subj03	session23	350	-0.02631211732877687
subj03	session23	351	0.21191228819592764
subj03	session23	352	0.3622326641036594
subj03	session23	353	0.6673544069485976
subj03	session23	354	0.5547857041150506
subj03	session23	355	0.4697579382030472
subj03	session23	356	0.0568489249608429
subj03	session23	357	-0.06652142958849493
subj03	session23	358	-0.22420475580236365
subj03	session23	359	0.21193791826854616
subj03	session23	360	0.25342161469457497
subj03	session23	361	0.329028905026342
subj03	session23	362	0.49046134130713376
subj03	session23	363	0.2621201765627225
subj03	session23	364	0.19311262993022926
subj03	session23	365	0.3234315819450378
subj03	session23	366	0.3566666666666667
subj03	session23	367	0.2665200056955717
subj03	session23	368	0.6087341591912288
subj03	session23	369	0.5005439270966823
subj03	session23	370	0.25374626228107644
subj03	session23	371	0.30183112629930237
subj03	session23	372	0.13579097251886657
subj03	session23	373	0.3519122881959276
subj03	session23	374	0.17862451943613838
subj03	session23	375	0.19663676491527837
subj03	session23	376	-0.2856286487256158
subj03	session23	377	-0.09156485832265418
subj03	session23	378	0.33401110636480136
subj03	session23	379	0.37016517157909723
subj03	session23	380	0.08402107361526413
subj03	session23	381	0.6546660971094974
subj03	session23	382	0.673732023351844
subj03	session23	383	0.5423707817172149
subj03	session23	384	0.8987142246903033
subj03	session23	385	0.9034372775167308
subj03	session23	386	0.7102463334757226
subj03	session23	387	0.6339270966823296
subj03	session23	388	0.7806136978499216
subj03	session23	389	0.4097095258436566
subj03	session23	390	0.168848070625089
subj03	session23	391	0.3782713939911719
subj03	session23	392	0.23485974654705963
subj03	session23	393	0.19199060230670656
subj03	session23	394	0.4740452797949594
subj03	session23	395	0.29515022070340313
subj03	session23	396	-0.13179125729745123
subj03	session23	397	0.13096112772319524
subj03	session23	398	0.13641890929802078
subj03	session23	399	-0.22672077459775025
subj03	session23	400	-0.01149366367649154
subj03	session23	401	0.008776875978926395
subj03	session23	402	0.14662679766481557
subj03	session23	403	0.12568987612131563
subj03	session23	404	-0.04839242488964833
subj03	session23	405	-0.2648924960842945
subj03	session23	406	-0.08835397978072047
subj03	session23	407	0.2434842659831981
subj03	session23	408	0.38622383596753523
subj03	session23	409	0.32026911576249467
subj03	session23	410	0.1843585362380749
subj03	session23	411	0.37455503346148367
subj03	session23	412	0.436346290758935
subj03	session23	413	0.2721757083867293
subj03	session23	414	0.1677644881104941
subj03	session23	415	0.03326213868717074
subj03	session23	416	-0.05889363519863307
subj03	session23	417	0.21863021500783145
subj03	session23	418	0.07417912572974512
subj03	session23	419	0.5129446105652856
subj03	session23	420	0.41777160757511034
subj03	session23	421	0.13908016517157912
subj03	session23	422	0.2652840666381888
subj03	session23	423	0.23277231952157196
subj03	session23	424	0.9674896767763065
subj03	session23	425	0.7205111775594475
subj03	session23	426	0.37656414637619257
subj03	session23	427	0.2869998576107076
subj03	session23	428	0.21758792538801083
subj03	session23	429	0.5134771465185818
subj03	session23	430	0.21540224975081873
subj03	session23	431	0.4512231240210736
subj03	session23	432	0.6093079880392995
subj03	session23	433	0.3348398120461341
subj03	session23	434	0.5587099530115335
subj03	session23	435	0.5415477716075751
subj03	session23	436	0.12900327495372346
subj03	session23	437	0.037434144952299596
subj03	session23	438	0.637928235796668
subj03	session23	439	0.7872347999430443
subj03	session23	440	0.4012644169158479
subj03	session23	441	0.633021500783141
subj03	session23	442	0.9493094119322225
subj03	session23	443	0.8616987042574399
subj03	session23	444	0.21202619962978786
subj03	session23	445	-0.22735583084152072
subj03	session23	446	-0.3677388580378756
subj03	session23	447	-0.09559732308130427
subj03	session23	448	0.2156329204043856
subj03	session23	449	0.33952869144240355
subj03	session23	450	0.09859319379182688
subj03	session23	451	-0.34496938630215007
subj03	session23	452	0.2370340310408657
subj03	session23	453	-0.1255659974369927
subj03	session23	454	0.008137548056386152
subj03	session23	455	0.0850135269827709
subj03	session23	456	-0.022026199629787815
subj03	session23	457	0.5023864445393706
subj03	session23	458	0.8778584650434289
subj03	session23	459	1.186477288907874
subj03	session23	460	0.19642745265556028
subj03	session23	461	0.09456784849779297
subj03	session23	462	0.2243001566282216
subj03	session23	463	0.2298690018510608
subj03	session23	464	-0.023289192652712506
subj03	session23	465	0.21814609141392569
subj03	session23	466	0.5512615691300013
subj03	session23	467	0.02658977644881107
subj03	session23	468	0.4307176420333191
subj03	session23	469	0.6178257155061939
subj03	session23	470	0.08139826285063362
subj03	session23	471	0.1362750961127723
subj03	session23	472	-0.15183682187099526
subj03	session23	473	-0.2912786558450804
subj03	session23	474	0.13110636480136698
subj03	session23	475	0.13317955289762212
subj03	session23	476	0.1718453652285348
subj03	session23	477	0.01522711092125875
subj03	session23	478	0.08334757226256585
subj03	session23	479	0.33400541079310836
subj03	session23	480	0.026891641748540515
subj03	session23	481	0.2808016517157909
subj03	session23	482	0.5192339456072903
subj03	session23	483	0.8015207176420333
subj03	session23	484	0.2873259290901325
subj03	session23	485	0.2255289762209882
subj03	session23	486	0.109841947885519
subj03	session23	487	0.071490815890645
subj03	session23	488	-0.30209739427595045
subj03	session23	489	0.04111063648013666
subj03	session23	490	0.47937633489961545
subj03	session23	491	0.5584664673216574
subj03	session23	492	0.5497522426313541
subj03	session23	493	0.3562024775736865
subj03	session23	494	0.02867008400968245
subj03	session23	495	-0.15259148512031898
subj03	session23	496	0.3002292467606436
subj03	session23	497	0.4347743129716646
subj03	session23	498	0.09493806065783851
subj03	session23	499	0.08514167734586359
subj03	session23	500	0.3648127580805923
subj03	session23	501	0.0710095400825858
subj03	session23	502	0.14117898334045278
subj03	session23	503	0.44251459490246337
subj03	session23	504	0.369525843656557
subj03	session23	505	0.9221187526697991
subj03	session23	506	0.8292111633205184
subj03	session23	507	0.39130713370354553
subj03	session23	508	0.7956371920831553
subj03	session23	509	0.6895913427310266
subj03	session23	510	0.553200911291471
subj03	session23	511	-0.12204898191655988
subj03	session23	512	-0.2970383027196355
subj03	session23	513	0.054771465185818026
subj03	session23	514	0.2748241492239784
subj03	session23	515	-0.13091271536380464
subj03	session23	516	-0.014499501637476835
subj03	session23	517	-0.01855759646874555
subj03	session23	518	0.03735725473444399
subj03	session23	519	0.7270938345436424
subj03	session23	520	-0.04377046846077174
subj03	session23	521	-0.2951473729175566
subj03	session23	522	-0.18613982628506337
subj03	session23	523	-0.06409653994019648
subj03	session23	524	0.21011675921970668
subj03	session23	525	0.0290260572404955
subj03	session23	526	0.5822511747116617
subj03	session23	527	0.7498049266695144
subj03	session23	528	0.46489534387014103
subj03	session23	529	0.29385305425032043
subj03	session23	530	0.25235369500213584
subj03	session23	531	0.27202192795101804
subj03	session23	532	-0.026255161611846815
subj03	session23	533	0.12407090986757793
subj03	session23	534	0.6285305425032038
subj03	session23	535	0.6185177274668945
subj03	session23	536	0.5638658692866296
subj03	session23	537	0.6802676918695714
subj03	session23	538	0.2715050548198776
subj03	session23	539	0.055842232664103646
subj03	session23	540	0.15408372490388725
subj03	session23	541	0.6137733162466182
subj03	session23	542	0.10205040580948316
subj03	session23	543	0.2274227538089136
subj03	session23	544	0.2685077602164317
subj03	session23	545	-0.004730172291043708
subj03	session23	546	-0.17945464901039437
subj03	session23	547	-0.009943044283069902
subj03	session23	548	0.11473159618396693
subj03	session23	549	0.11789975793820305
subj03	session23	550	0.22568560444254593
subj03	session23	551	0.13646732165741135
subj03	session23	552	0.3827865584508045
subj03	session23	553	0.10161754236081447
subj03	session23	554	0.45077744553609567
subj03	session23	555	0.4061711519293749
subj03	session23	556	-0.054959419051687275
subj03	session23	557	-0.2604300156628222
subj03	session23	558	0.2707745977502492
subj03	session23	559	0.3802918980492667
subj03	session23	560	0.2700355973230813
subj03	session23	561	0.388983340452798
subj03	session23	562	0.25353410223551187
subj03	session23	563	0.29352983055674214
subj03	session23	564	0.5716474441122027
subj03	session23	565	0.2251060800227823
subj03	session23	566	0.6857952441976364
subj03	session23	567	0.4532792254022498
subj03	session23	568	0.1845550334614837
subj03	session23	569	0.4062366510038445
subj03	session23	570	0.30726185390858607
subj03	session23	571	0.3977701836821871
subj03	session23	572	0.3484935212871992
subj03	session23	573	0.607990887085291
subj03	session23	574	0.5038260002847785
subj03	session23	575	0.17732023351843942
subj03	session23	576	-0.0018952014808486404
subj03	session23	577	0.2570981062224121
subj03	session23	578	0.174426883098391
subj03	session23	579	0.5598106222412075
subj03	session23	580	0.18282500355973227
subj03	session23	581	0.32714224690303284
subj03	session23	582	0.27544781432436277
subj03	session23	583	0.24195358109070197
subj03	session23	584	0.2495827993734871
subj03	session23	585	0.4631923679339313
subj03	session23	586	-0.23951872419194079
subj03	session23	587	-0.04704542218425173
subj03	session23	588	0.19650007119464616
subj03	session23	589	-0.14431154777160754
subj03	session23	590	0.12824434002563004
subj03	session23	591	0.5903630926954293
subj03	session23	592	0.4445593051402535
subj03	session23	593	0.790045564573544
subj03	session23	594	0.3359262423465756
subj03	session23	595	0.18674498077744553
subj03	session23	596	0.23609426171151932
subj03	session23	597	0.3541962124448242
subj03	session23	598	-0.093116901608999
subj03	session23	599	-0.22050121030898479
subj03	session23	600	-0.13095116047273248
subj03	session23	601	-0.03660259148512031
subj03	session23	602	0.006880250605154506
subj03	session23	603	0.1977046846077175
subj03	session23	604	-0.10909155631496512
subj03	session23	605	0.805771038017941
subj03	session23	606	1.0033333333333334
subj03	session23	607	0.2571621814039584
subj03	session23	608	-0.10748255731169017
subj03	session23	609	-0.17285063363235084
subj03	session23	610	-0.23968247187811473
subj03	session23	611	0.31599174142104514
subj03	session23	612	0.42662537377189236
subj03	session23	613	0.6283995443542646
subj03	session23	614	0.35285348141819733
subj03	session23	615	0.23796668090559586
subj03	session23	616	0.3956799088708529
subj03	session23	617	0.1177673358963406
subj03	session23	618	0.1805951872419194
subj03	session23	619	0.21733304855474866
subj03	session23	620	0.3573985476292183
subj03	session23	621	0.39943044283069923
subj03	session23	622	0.484556457354407
subj03	session23	623	0.4665755375195784
subj03	session23	624	0.42909582799373486
subj03	session23	625	0.5469955859319379
subj03	session23	626	0.5169115762494662
subj03	session23	627	0.41714082301010963
subj03	session23	628	0.05008258578954862
subj03	session23	629	0.05416915847928234
subj03	session23	630	0.2330129574256016
subj03	session23	631	0.33438843798946316
subj03	session23	632	0.4220973942759505
subj03	session23	633	0.20210024206179697
subj03	session23	634	0.4066453082728179
subj03	session23	635	-0.14272248326925815
subj03	session23	636	0.057266125587355846
subj03	session23	637	0.11685177274668945
subj03	session23	638	0.3792282500355973
subj03	session23	639	0.7054919550049836
subj03	session23	640	0.5427993734871137
subj03	session23	641	0.5050021358393849
subj03	session23	642	0.7084764345721203
subj03	session23	643	0.7182528833831695
subj03	session23	644	0.6743314822725331
subj03	session23	645	0.28804357112345147
subj03	session23	646	-0.29475865014950875
subj03	session23	647	0.15630499786416066
subj03	session23	648	0.00653851630357397
subj03	session23	649	0.00453937063932791
subj03	session23	650	-0.2433760501210309
subj03	session23	651	-0.07230101096397552
subj03	session23	652	0.06324647586501496
subj03	session23	653	0.03864730172291043
subj03	session23	654	0.5066922967392853
subj03	session23	655	0.3161754236081447
subj03	session23	656	0.017323081304285944
subj03	session23	657	0.6765912003417344
subj03	session23	658	0.7697764488110493
subj03	session23	659	0.3712957425601595
subj03	session23	660	0.1994817029759362
subj03	session23	661	0.1207034031040866
subj03	session23	662	0.3634942332336608
subj03	session23	663	0.1635098960558166
subj03	session23	664	-0.04538231524989319
subj03	session23	665	-0.2687854193364659
subj03	session23	666	0.3277431297166453
subj03	session23	667	0.4094247472590061
subj03	session23	668	0.35726470169443264
subj03	session23	669	-0.14665242773743417
subj03	session23	670	0.16472305282642746
subj03	session23	671	0.389830556742133
subj03	session23	672	0.4325943329061655
subj03	session23	673	0.30719350704827
subj03	session23	674	0.5800227822867721
subj03	session23	675	0.45770041292894764
subj03	session23	676	0.747770183682187
subj03	session23	677	0.32364231809767907
subj03	session23	678	0.04799515876406091
subj03	session23	679	0.03122170012815034
subj03	session23	680	0.09236793393136837
subj03	session23	681	0.5766481560586644
subj03	session23	682	0.29319379182685457
subj03	session23	683	0.426544211875267
subj03	session23	684	0.4676164032464759
subj03	session23	685	0.5489619820589492
subj03	session23	686	0.3562637049693863
subj03	session23	687	0.19596468745550333
subj03	session23	688	0.13223693578242915
subj03	session23	689	0.11481845365228534
subj03	session23	690	0.31668517727466894
subj03	session23	691	-0.0661626085718354
subj03	session23	692	0.264602021927951
subj03	session23	693	0.033247899757938196
subj03	session23	694	0.1426228107646305
subj03	session23	695	0.5494304428306992
subj03	session23	696	0.21687028335469175
subj03	session23	697	-0.058976220988181664
subj03	session23	698	0.19181261569130004
subj03	session23	699	0.35879965826569843
subj03	session23	700	0.7808771180407234
subj03	session23	701	0.3655631496511462
subj03	session23	702	0.3914609141392567
subj03	session23	703	0.306443115477716
subj03	session23	704	0.17543784707390003
subj03	session23	705	0.16391997721771323
subj03	session23	706	-0.2051744268830984
subj03	session23	707	-0.0855161611846789
subj03	session23	708	0.187854193364659
subj03	session23	709	0.06192652712516016
subj03	session23	710	0.17591627509611277
subj03	session23	711	0.10636764915278367
subj03	session23	712	0.2002648440837249
subj03	session23	713	0.15750961127723195
subj03	session23	714	0.6896141250177987
subj03	session23	715	1.2840851487968103
subj03	session23	716	0.7813171009540083
subj03	session23	717	0.6080079738003702
subj03	session23	718	0.38275380891356975
subj03	session23	719	0.12876406094261714
subj03	session23	720	0.10452370781717213
subj03	session23	721	0.11100811618966254
subj03	session23	722	0.4402135839384878
subj03	session23	723	0.3698220133845935
subj03	session23	724	0.15624661825430727
subj03	session23	725	-0.25346575537519583
subj03	session23	726	0.1266396127011249
subj03	session23	727	0.6423679339313684
subj03	session23	728	0.4199672504627651
subj03	session23	729	0.5083867293179553
subj03	session23	730	0.21859604157767337
subj03	session23	731	-0.13190089705254165
subj03	session23	732	0.18866581233091273
subj03	session23	733	0.3463292040438559
subj03	session23	734	0.5254535098960558
subj03	session23	735	0.40332194218994727
subj03	session23	736	0.1598718496369073
subj03	session23	737	0.19419051687313116
subj03	session23	738	0.48347145094688876
subj03	session23	739	0.27085860743272105
subj03	session23	740	-0.0906877402819308
subj03	session23	741	0.18682756656699415
subj03	session23	742	0.03966823294888225
subj03	session23	743	-0.1681033746262281
subj03	session23	744	-0.13112345151644594
subj03	session23	745	0.18036451658835256
subj03	session23	746	0.5562209881816887
subj03	session23	747	0.43498932080307556
subj03	session23	748	0.42695856471593335
subj03	session23	749	0.3329915990317528
subj03	session24	0	0.6892424889648299
subj03	session24	1	0.5216901608999003
subj03	session24	2	0.3873928520575253
subj03	session24	3	0.2256158336893066
subj03	session24	4	0.29545635768190237
subj03	session24	5	-0.011315677061084998
subj03	session24	6	0.14728890787412785
subj03	session24	7	0.1814594902463335
subj03	session24	8	0.23361241634629076
subj03	session24	9	0.2558564715933362
subj03	session24	10	0.07120746119891784
subj03	session24	11	0.18546632493236506
subj03	session24	12	0.2909981489391998
subj03	session24	13	0.38375907731738573
subj03	session24	14	0.4511191798376762
subj03	session24	15	0.0934201908016517
subj03	session24	16	0.39261426740709104
subj03	session24	17	0.08319236793393135
subj03	session24	18	0.35920689164174857
subj03	session24	19	0.4682884807062509
subj03	session24	20	0.7049337889790688
subj03	session24	21	0.4644453937063934
subj03	session24	22	-0.32705823722056093
subj03	session24	23	-0.5528819592766624
subj03	session24	24	-0.25404527979495944
subj03	session24	25	0.6311533532678343
subj03	session24	26	0.9124547913996868
subj03	session24	27	0.4923736295030614
subj03	session24	28	-0.08005695571693008
subj03	session24	29	-0.15730172291043715
subj03	session24	30	0.011277231952157194
subj03	session24	31	0.29212017656272243
subj03	session24	32	-0.0823608144667521
subj03	session24	33	0.11999715221415348
subj03	session24	34	0.38395842232664107
subj03	session24	35	0.29862167165029185
subj03	session24	36	0.16620817314537942
subj03	session24	37	0.3068346860316104
subj03	session24	38	0.45752100242061794
subj03	session24	39	0.6423793250747544
subj03	session24	40	0.6137120888509183
subj03	session24	41	0.5343969813470026
subj03	session24	42	0.449982913284921
subj03	session24	43	-0.010941193222269684
subj03	session24	44	0.27816033034315824
subj03	session24	45	0.08256015947600741
subj03	session24	46	0.585234230385875
subj03	session24	47	0.3195657126584081
subj03	session24	48	-0.08042859176989889
subj03	session24	49	0.06656272248326923
subj03	session24	50	0.37766196782001993
subj03	session24	51	0.6721785561725759
subj03	session24	52	0.0903189520148085
subj03	session24	53	0.07854905311120604
subj03	session24	54	0.1704015378043571
subj03	session24	55	-0.12327922540224977
subj03	session24	56	0.1805809483126869
subj03	session24	57	0.32042716787697567
subj03	session24	58	0.249678200199345
subj03	session24	59	0.4106820447102378
subj03	session24	60	0.35656841805496226
subj03	session24	61	0.05365940481275809
subj03	session24	62	0.5140125302577246
subj03	session24	63	0.299339313683611
subj03	session24	64	0.37460771749964406
subj03	session24	65	0.10167307418482131
subj03	session24	66	0.21467036878826715
subj03	session24	67	0.13178129004698846
subj03	session24	68	0.1537932507475438
subj03	session24	69	0.09881389719493093
subj03	session24	70	0.45087996582656986
subj03	session24	71	0.40728890787412786
subj03	session24	72	0.5234173430158053
subj03	session24	73	0.6052712516018794
subj03	session24	74	0.5161469457496796
subj03	session24	75	0.7134742987327353
subj03	session24	76	0.2732137263277801
subj03	session24	77	0.2600925530400114
subj03	session24	78	0.4008329773601025
subj03	session24	79	0.05846646732165741
subj03	session24	80	0.3460045564573544
subj03	session24	81	0.202450519720917
subj03	session24	82	0.05580093976932936
subj03	session24	83	0.4434557881247331
subj03	session24	84	0.020182258294176292
subj03	session24	85	0.18117755944752953
subj03	session24	86	0.14580805923394563
subj03	session24	87	0.09444396981347
subj03	session24	88	0.44859176989890354
subj03	session24	89	-0.19965257012672646
subj03	session24	90	0.042047558023636626
subj03	session24	91	-0.1823793250747544
subj03	session24	92	0.21076035882101668
subj03	session24	93	0.48375907731738577
subj03	session24	94	0.23008116189662536
subj03	session24	95	0.3052641321372633
subj03	session24	96	-0.016428876548483542
subj03	session24	97	-0.07313968389577104
subj03	session24	98	0.07365513313398833
subj03	session24	99	0.35971379752242627
subj03	session24	100	0.2576406094261712
subj03	session24	101	0.30759504485262706
subj03	session24	102	0.5885362380748967
subj03	session24	103	0.1940125302577246
subj03	session24	104	0.8999003274953723
subj03	session24	105	0.2854378470739
subj03	session24	106	0.08193649437562298
subj03	session24	107	0.5865883525558878
subj03	session24	108	0.5523067065356685
subj03	session24	109	-0.15093264986473015
subj03	session24	110	-0.06521002420617969
subj03	session24	111	-0.19387868432293895
subj03	session24	112	0.30296027338744125
subj03	session24	113	0.4113014381318525
subj03	session24	114	0.016860316104228973
subj03	session24	115	0.2196098533390289
subj03	session24	116	0.27186529972946033
subj03	session24	117	0.28484977929659694
subj03	session24	118	0.37847643457212016
subj03	session24	119	0.4320660686316389
subj03	session24	120	0.04972803645165883
subj03	session24	121	0.5273956998433718
subj03	session24	122	0.7238231524989321
subj03	session24	123	0.7094261711519293
subj03	session24	124	0.2573202335184394
subj03	session24	125	0.27414210451374055
subj03	session24	126	0.1285960415776733
subj03	session24	127	0.6514480991029474
subj03	session24	128	1.1170795956144097
subj03	session24	129	0.25875978926384735
subj03	session24	130	0.38564431154777157
subj03	session24	131	0.06348711376904458
subj03	session24	132	0.07523707817172148
subj03	session24	133	0.028732735298305567
subj03	session24	134	0.558368218709953
subj03	session24	135	0.37434999288053533
subj03	session24	136	0.3580108215862167
subj03	session24	137	0.1616517157909725
subj03	session24	138	0.6518795386586929
subj03	session24	139	0.5764844083724904
subj03	session24	140	-0.04161184678912147
subj03	session24	141	-0.5324875409369216
subj03	session24	142	-0.12304428306991312
subj03	session24	143	-0.07595614409796386
subj03	session24	144	-0.2783255019222554
subj03	session24	145	0.44291470881389716
subj03	session24	146	0.42264132137263277
subj03	session24	147	0.43233803217998
subj03	session24	148	0.28842802221272956
subj03	session24	149	-0.0011106364801366975
subj03	session24	150	0.3865100384451089
subj03	session24	151	0.10040438559020361
subj03	session24	152	0.15253880108215861
subj03	session24	153	0.5751359817741706
subj03	session24	154	0.35915278371066495
subj03	session24	155	0.20355830841520717
subj03	session24	156	0.40825003559732304
subj03	session24	157	0.19421614694574968
subj03	session24	158	0.2171749964402677
subj03	session24	159	0.11703260714794246
subj03	session24	160	-0.08474583511319951
subj03	session24	161	0.14496511462338027
subj03	session24	162	0.4389192652712516
subj03	session24	163	0.7980378755517585
subj03	session24	164	0.5628164602021929
subj03	session24	165	0.19641178983340454
subj03	session24	166	0.0439270966823295
subj03	session24	167	-0.06975509041720063
subj03	session24	168	0.4420219279510182
subj03	session24	169	0.01358251459490245
subj03	session24	170	-0.06747259006122738
subj03	session24	171	-0.3260273387441264
subj03	session24	172	-0.519700982486117
subj03	session24	173	-0.17581090701979216
subj03	session24	174	0.20934358536238074
subj03	session24	175	0.5958351131994873
subj03	session24	176	0.3709953011533533
subj03	session24	177	-0.04516873131140538
subj03	session24	178	0.4820404385590204
subj03	session24	179	0.9485803787555175
subj03	session24	180	1.03233803217998
subj03	session24	181	0.6227096682329489
subj03	session24	182	0.26915278371066503
subj03	session24	183	0.2652313826000285
subj03	session24	184	0.46474156343442974
subj03	session24	185	0.8148369642602876
subj03	session24	186	0.4134358536238075
subj03	session24	187	-0.06597465470596613
subj03	session24	188	0.4275993165313968
subj03	session24	189	0.2499159903175281
subj03	session24	190	0.12877545208600313
subj03	session24	191	0.1981304285917699
subj03	session24	192	0.1787498220133846
subj03	session24	193	0.5905311120603731
subj03	session24	194	0.9034330058379609
subj03	session24	195	0.42344866866011677
subj03	session24	196	0.15314110778869428
subj03	session24	197	0.1383098391000997
subj03	session24	198	0.14552328064929512
subj03	session24	199	0.3084835540367365
subj03	session24	200	0.4361113484265983
subj03	session24	201	0.03856044425459201
subj03	session24	202	-0.15568845222839242
subj03	session24	203	0.4727367221984907
subj03	session24	204	0.39658977644881105
subj03	session24	205	0.34838530542503204
subj03	session24	206	0.42626085718353973
subj03	session24	207	-0.2246974227538089
subj03	session24	208	0.19787270397266127
subj03	session24	209	0.08762921828278512
subj03	session24	210	0.2100512601452371
subj03	session24	211	0.1859233945607291
subj03	session24	212	0.6241819735155917
subj03	session24	213	0.6518937775879253
subj03	session24	214	0.5055930514025346
subj03	session24	215	0.32572120176562724
subj03	session24	216	0.27815890645023494
subj03	session24	217	-0.03828136124163459
subj03	session24	218	0.1063078456500071
subj03	session24	219	0.11909582799373487
subj03	session24	220	-0.042622810764630516
subj03	session24	221	-0.053165313968389576
subj03	session24	222	0.2723821728606009
subj03	session24	223	-0.053877260430015665
subj03	session24	224	-0.1498063505624377
subj03	session24	225	0.037078171721486544
subj03	session24	226	0.0839142816460202
subj03	session24	227	0.5815392282500357
subj03	session24	228	0.20586359105795243
subj03	session24	229	0.0598504912430585
subj03	session24	230	0.5551060800227824
subj03	session24	231	0.505877829987185
subj03	session24	232	0.12358963405951874
subj03	session24	233	0.10725615833689303
subj03	session24	234	0.3124220418624519
subj03	session24	235	-0.011794105083297724
subj03	session24	236	-0.021431012387868438
subj03	session24	237	0.18318952014808487
subj03	session24	238	0.9901352698277089
subj03	session24	239	0.910694859746547
subj03	session24	240	0.1475622953153923
subj03	session24	241	0.19481133418766908
subj03	session24	242	0.34212017656272253
subj03	session24	243	0.43673358963405945
subj03	session24	244	0.4148184536522853
subj03	session24	245	0.3487555175850776
subj03	session24	246	0.32240495514737294
subj03	session24	247	-0.11094973657980915
subj03	session24	248	0.0925131710095401
subj03	session24	249	0.4301665954720205
subj03	session24	250	0.23773316246618253
subj03	session24	251	0.3728349708101951
subj03	session24	252	0.10590915563149653
subj03	session24	253	-0.03021500783141106
subj03	session24	254	0.1929688167449808
subj03	session24	255	0.5094361384023922
subj03	session24	256	0.36542930371636057
subj03	session24	257	0.43069913142531685
subj03	session24	258	0.7297294603445821
subj03	session24	259	0.2546703687882671
subj03	session24	260	0.22432721059376334
subj03	session24	261	0.08196639612701125
subj03	session24	262	0.4431097821443828
subj03	session24	263	0.1261540652142959
subj03	session24	264	-0.015091841093549758
subj03	session24	265	-0.24749822013384593
subj03	session24	266	0.01075039157055389
subj03	session24	267	0.3538103374626228
subj03	session24	268	0.21002990175138833
subj03	session24	269	0.5355973230813044
subj03	session24	270	0.49290046988466474
subj03	session24	271	0.3492325217143671
subj03	session24	272	0.050667805781005264
subj03	session24	273	0.20704969386302152
subj03	session24	274	0.4473885803787555
subj03	session24	275	-0.10292182827851344
subj03	session24	276	-0.09637192083155349
subj03	session24	277	-0.08204613413071338
subj03	session24	278	0.05043001566282217
subj03	session24	279	0.10457923964117898
subj03	session24	280	0.2223081304285918
subj03	session24	281	-0.09486259433290616
subj03	session24	282	-0.07023636622525985
subj03	session24	283	-0.018775452086003144
subj03	session24	284	0.34539940196497226
subj03	session24	285	0.08747686173999716
subj03	session24	286	0.2750405809483127
subj03	session24	287	0.4637405667093835
subj03	session24	288	0.8435896340595188
subj03	session24	289	1.005506193934216
subj03	session24	290	1.3148455076178271
subj03	session24	291	0.8794190516873133
subj03	session24	292	0.898113341876691
subj03	session24	293	0.38476007404243195
subj03	session24	294	-0.27214438274241776
subj03	session24	295	-0.1599159903175281
subj03	session24	296	0.1263562580093977
subj03	session24	297	0.5260145237078172
subj03	session24	298	0.12222696853196639
subj03	session24	299	0.005285490531112061
subj03	session24	300	0.0921315677061085
subj03	session24	301	0.46510038445108925
subj03	session24	302	-0.23614836964260286
subj03	session24	303	-0.2085348141819735
subj03	session24	304	-0.2457397123736295
subj03	session24	305	-0.07927096682329487
subj03	session24	306	0.11243912857753101
subj03	session24	307	0.39781859604157765
subj03	session24	308	0.5666481560586644
subj03	session24	309	0.25846219564288764
subj03	session24	310	0.777239071621814
subj03	session24	311	1.1422369357824291
subj03	session24	312	0.38332336608287054
subj03	session24	313	0.19319948739854761
subj03	session24	314	-0.16298732735298305
subj03	session24	315	0.06408230101096399
subj03	session24	316	0.03588922113057098
subj03	session24	317	0.252332336608287
subj03	session24	318	-0.037613555460629375
subj03	session24	319	-0.13895343870140964
subj03	session24	320	-0.14314822725331053
subj03	session24	321	-0.3241677345863591
subj03	session24	322	0.40948027908301293
subj03	session24	323	0.7883781859604158
subj03	session24	324	0.9316332051829701
subj03	session24	325	0.789508756941478
subj03	session24	326	0.042380748967677614
subj03	session24	327	-0.0029431866723622327
subj03	session24	328	0.7444340025630074
subj03	session24	329	0.9338430869998575
subj03	session24	330	0.17992310978214437
subj03	session24	331	-0.006866011675921979
subj03	session24	332	0.4202705396554179
subj03	session24	333	0.008728463619535812
subj03	session24	334	-0.5767193507048269
subj03	session24	335	-0.08918980492666952
subj03	session24	336	0.5630585219991457
subj03	session24	337	0.6224078029332194
subj03	session24	338	0.16838957710380179
subj03	session24	339	0.49567706108500637
subj03	session24	340	0.3926968531966396
subj03	session24	341	0.42308272817884096
subj03	session24	342	0.2984636195358109
subj03	session24	343	0.14735583084152076
subj03	session24	344	0.4699800654990745
subj03	session24	345	0.19526697992310985
subj03	session24	346	0.5700954008258579
subj03	session24	347	0.12316958564715935
subj03	session24	348	0.16542930371636055
subj03	session24	349	-0.3220603730599459
subj03	session24	350	0.037293179552897626
subj03	session24	351	0.06880677773031467
subj03	session24	352	0.40906023067065356
subj03	session24	353	-0.2806279367791542
subj03	session24	354	0.04065641463761923
subj03	session24	355	0.17448241492239788
subj03	session24	356	0.22549053111206038
subj03	session24	357	0.5906393279225401
subj03	session24	358	0.7955617257582229
subj03	session24	359	0.349152783710665
subj03	session24	360	0.05360529688167449
subj03	session24	361	0.3274967962409227
subj03	session24	362	0.5796112772319522
subj03	session24	363	0.4781446675210024
subj03	session24	364	-0.26802221272960275
subj03	session24	365	-0.43102235511889503
subj03	session24	366	-0.1494133561156201
subj03	session24	367	-0.20640039869001853
subj03	session24	368	0.5340808771180408
subj03	session24	369	0.547475437847074
subj03	session24	370	0.5749893208030756
subj03	session24	371	0.4064388437989464
subj03	session24	372	0.7341250177986615
subj03	session24	373	0.9743499928805354
subj03	session24	374	0.3836266552755233
subj03	session24	375	-0.250146660971095
subj03	session24	376	0.10145806635341025
subj03	session24	377	0.3035355261284352
subj03	session24	378	0.14227110921258723
subj03	session24	379	-0.11039869001851063
subj03	session24	380	0.39665527552328067
subj03	session24	381	0.8436010252029047
subj03	session24	382	0.8767464046703687
subj03	session24	383	0.41634913854478145
subj03	session24	384	0.34655560301865296
subj03	session24	385	0.16728463619535813
subj03	session24	386	0.35893777587925385
subj03	session24	387	-0.10364374199060229
subj03	session24	388	0.2025388010821586
subj03	session24	389	-0.2028606008828136
subj03	session24	390	0.0063861597607859965
subj03	session24	391	0.4022340879965827
subj03	session24	392	0.660276235227111
subj03	session24	393	0.4418880820162324
subj03	session24	394	-0.07147800085433577
subj03	session24	395	-0.2555061939342161
subj03	session24	396	0.5103645165883526
subj03	session24	397	0.7506094261711519
subj03	session24	398	0.45959419051687306
subj03	session24	399	0.598905026342019
subj03	session24	400	0.5320916987042574
subj03	session24	401	0.26821301438131856
subj03	session24	402	-0.09091413925672788
subj03	session24	403	0.06687597892638474
subj03	session24	404	0.27956713655133136
subj03	session24	405	0.06246333475722628
subj03	session24	406	0.32405097536665245
subj03	session24	407	0.34352555887797237
subj03	session24	408	0.05380179410508332
subj03	session24	409	-0.023703545493378914
subj03	session24	410	0.09067492524562155
subj03	session24	411	-0.36328064929517295
subj03	session24	412	-0.03485405097536667
subj03	session24	413	-0.05301438131852483
subj03	session24	414	0.01767193507048267
subj03	session24	415	0.06405667093834543
subj03	session24	416	0.4046504342873416
subj03	session24	417	0.23414068062081736
subj03	session24	418	0.16066638188808202
subj03	session24	419	0.2921999145664247
subj03	session24	420	0.44998148939199767
subj03	session24	421	0.2383440125302577
subj03	session24	422	0.6362864872561583
subj03	session24	423	0.7034159191228819
subj03	session24	424	0.229017513882956
subj03	session24	425	0.21144097963833117
subj03	session24	426	0.3457041150505482
subj03	session24	427	0.11456357681902318
subj03	session24	428	-0.13786843229389145
subj03	session24	429	-0.051462338032179984
subj03	session24	430	0.1794788551900897
subj03	session24	431	0.3380065499074469
subj03	session24	432	0.43585504770041295
subj03	session24	433	0.4985490531112061
subj03	session24	434	0.38069770753239357
subj03	session24	435	0.6309625516161186
subj03	session24	436	0.9612743841663106
subj03	session24	437	0.2176534244624804
subj03	session24	438	0.19991171863875834
subj03	session24	439	0.2175565997436993
subj03	session24	440	0.22848640182258292
subj03	session24	441	0.24074611989178415
subj03	session24	442	0.12886942901893775
subj03	session24	443	0.045173002990175154
subj03	session24	444	0.46109924533675073
subj03	session24	445	0.5831382600028477
subj03	session24	446	0.4649765057667664
subj03	session24	447	0.3743229389149936
subj03	session24	448	0.592524562152926
subj03	session24	449	0.5378997579382031
subj03	session24	450	0.598718496369073
subj03	session24	451	0.16392709668232947
subj03	session24	452	0.004933788979068779
subj03	session24	453	0.43282642745265554
subj03	session24	454	0.6627352983055673
subj03	session24	455	0.42870140965399406
subj03	session24	456	0.48173714936636763
subj03	session24	457	0.2637078171721487
subj03	session24	458	-0.03129431866723623
subj03	session24	459	0.2818624519436139
subj03	session24	460	0.0379937348711377
subj03	session24	461	0.18920119607005553
subj03	session24	462	0.2623935640039869
subj03	session24	463	0.1308870852911861
subj03	session24	464	0.33288765484835536
subj03	session24	465	-0.16198490673501353
subj03	session24	466	-0.24222696853196637
subj03	session24	467	-0.122140111063648
subj03	session24	468	0.48668090559589927
subj03	session24	469	0.46044425459205474
subj03	session24	470	-0.05009255304001138
subj03	session24	471	0.08759504485262708
subj03	session24	472	0.42001566282215574
subj03	session24	473	-0.15141250177986618
subj03	session24	474	0.03356258009397694
subj03	session24	475	0.2146504342873416
subj03	session24	476	0.08209454649010395
subj03	session24	477	-0.26406663818880816
subj03	session24	478	-0.5625331055104656
subj03	session24	479	-0.027159333618111924
subj03	session24	480	0.14629787839954436
subj03	session24	481	0.7536679481702976
subj03	session24	482	0.6989235369500214
subj03	session24	483	0.40096824718781143
subj03	session24	484	0.733286344866866
subj03	session24	485	0.6191129147088139
subj03	session24	486	0.4243101238786843
subj03	session24	487	0.42306279367791544
subj03	session24	488	0.44742702548768337
subj03	session24	489	0.5294290189377758
subj03	session24	490	0.17326356258009398
subj03	session24	491	0.4276149793535527
subj03	session24	492	0.2802548768332621
subj03	session24	493	0.2722170012815036
subj03	session24	494	0.32106080022782285
subj03	session24	495	0.41576819023209455
subj03	session24	496	0.7630599458920689
subj03	session24	497	0.44634201908016524
subj03	session24	498	0.35174284493806063
subj03	session24	499	0.3957867008400968
subj03	session24	500	0.08020788836679484
subj03	session24	501	0.7254976505766766
subj03	session24	502	0.8214808486401821
subj03	session24	503	0.647380037021216
subj03	session24	504	0.8410593763348997
subj03	session24	505	0.5940210736152642
subj03	session24	506	0.9382301010963975
subj03	session24	507	0.3759888936351986
subj03	session24	508	0.017535241349850544
subj03	session24	509	0.015790972518866582
subj03	session24	510	-0.09570981062224124
subj03	session24	511	0.3524035312544497
subj03	session24	512	0.25535098960558167
subj03	session24	513	0.12804926669514452
subj03	session24	514	0.19261426740709098
subj03	session24	515	0.30800085433575397
subj03	session24	516	0.4986131282927524
subj03	session24	517	0.2213028620247757
subj03	session24	518	0.0905268403816033
subj03	session24	519	0.33135981774170586
subj03	session24	520	0.5943101238786843
subj03	session24	521	0.7150776021643171
subj03	session24	522	0.011241634629075906
subj03	session24	523	-0.15842659831980635
subj03	session24	524	0.167052541648868
subj03	session24	525	0.23477146518581804
subj03	session24	526	0.224771465185818
subj03	session24	527	0.2503417343015805
subj03	session24	528	-0.10079168446532824
subj03	session24	529	-0.03745550334614836
subj03	session24	530	-0.007394275950448528
subj03	session24	531	0.0312601452370782
subj03	session24	532	0.0679125729745123
subj03	session24	533	0.6592752385020646
subj03	session24	534	0.22465043428734158
subj03	session24	535	0.10874697422753811
subj03	session24	536	0.17561440979638335
subj03	session24	537	0.10261569130001424
subj03	session24	538	0.10781859604157766
subj03	session24	539	0.008422326641036582
subj03	session24	540	0.10214438274241781
subj03	session24	541	-0.2542232664103659
subj03	session24	542	-0.026636764915278353
subj03	session24	543	0.3650633632350847
subj03	session24	544	0.03865869286629647
subj03	session24	545	0.31670084009682464
subj03	session24	546	0.3522454791399686
subj03	session24	547	0.3559604157767336
subj03	session24	548	1.1365285490531112
subj03	session24	549	0.7651431012387868
subj03	session24	550	0.6716873131140538
subj03	session24	551	0.30651715790972517
subj03	session24	552	0.5272504627652002
subj03	session24	553	0.1263149651146234
subj03	session24	554	0.5077858465043429
subj03	session24	555	0.6018339740851487
subj03	session24	556	0.21469315107503917
subj03	session24	557	0.29248754093692153
subj03	session24	558	0.4069186957140823
subj03	session24	559	-0.0431197493948455
subj03	session24	560	0.01527552328064931
subj03	session24	561	0.1264901039441834
subj03	session24	562	0.26235796668090555
subj03	session24	563	-0.30104086572689737
subj03	session24	564	0.045827993734871175
subj03	session24	565	0.34674498077744553
subj03	session24	566	0.4913370354549338
subj03	session24	567	0.5390004271678771
subj03	session24	568	0.8634472447671935
subj03	session24	569	0.6436950021358393
subj03	session24	570	-0.22502918980492664
subj03	session24	571	-0.013773316246618232
subj03	session24	572	0.3472960273387441
subj03	session24	573	0.23895343870140964
subj03	session24	574	0.30718923536950027
subj03	session24	575	0.35587925388010816
subj03	session24	576	0.25075751103517013
subj03	session24	577	0.3083297736010252
subj03	session24	578	0.07659974369927383
subj03	session24	579	-0.22338174569272393
subj03	session24	580	-0.3572661255873558
subj03	session24	581	0.1527694717357255
subj03	session24	582	0.6114808486401824
subj03	session24	583	0.5675694147800086
subj03	session24	584	0.2500669229673929
subj03	session24	585	0.6907333048554749
subj03	session24	586	0.6048682899045993
subj03	session24	587	0.16594617684750107
subj03	session24	588	0.0011049409084436877
subj03	session24	589	-0.10089847643457212
subj03	session24	590	0.06751388295600172
subj03	session24	591	0.3269728036451659
subj03	session24	592	0.33475865014950873
subj03	session24	593	0.05889790687740282
subj03	session24	594	0.20081019507333053
subj03	session24	595	0.1300569557169301
subj03	session24	596	0.1602477573686459
subj03	session24	597	0.32589918838103377
subj03	session24	598	0.38874270254876836
subj03	session24	599	0.3978499216858893
subj03	session24	600	0.2847045422184251
subj03	session24	601	0.07428876548483554
subj03	session24	602	-0.06939342161469457
subj03	session24	603	0.14002420617969527
subj03	session24	604	0.2276690872846362
subj03	session24	605	0.5010921258721344
subj03	session24	606	0.27216431724334333
subj03	session24	607	0.06826854620532537
subj03	session24	608	0.2416901608999003
subj03	session24	609	0.44515591627509615
subj03	session24	610	0.2497422753808914
subj03	session24	611	0.35362950306136975
subj03	session24	612	0.7448312686885946
subj03	session24	613	0.0003901466609710922
subj03	session24	614	-0.14780293321942192
subj03	session24	615	-0.2750420048412359
subj03	session24	616	0.5449693863021501
subj03	session24	617	0.7968816744980778
subj03	session24	618	0.5676762067492525
subj03	session24	619	0.5188324078029333
subj03	session24	620	0.15176420333190943
subj03	session24	621	0.2880620817314538
subj03	session24	622	0.1424348568987612
subj03	session24	623	0.185257012672647
subj03	session24	624	0.11532678342588636
subj03	session24	625	0.2379026057240496
subj03	session24	626	-0.23146803360387294
subj03	session24	627	0.2342004841235939
subj03	session24	628	0.7055076178271393
subj03	session24	629	0.642619962978784
subj03	session24	630	0.24960985333902888
subj03	session24	631	0.24346148369642606
subj03	session24	632	0.3710721913712089
subj03	session24	633	0.5101395415064787
subj03	session24	634	0.9776932934643314
subj03	session24	635	1.0063163890075466
subj03	session24	636	0.40679766481560586
subj03	session24	637	0.45132849209739423
subj03	session24	638	0.5695343870140965
subj03	session24	639	0.3436010252029047
subj03	session24	640	0.5285618681475153
subj03	session24	641	0.39693863021500786
subj03	session24	642	0.276561298590346
subj03	session24	643	0.08707247614979352
subj03	session24	644	-0.27493236508614555
subj03	session24	645	-0.08219137120888506
subj03	session24	646	0.03948882244055249
subj03	session24	647	0.1847002705396554
subj03	session24	648	0.21372347999430444
subj03	session24	649	0.10811476576961412
subj03	session24	650	0.1933945607290332
subj03	session24	651	-0.143438701409654
subj03	session24	652	-0.20217428449380606
subj03	session24	653	-0.02470169443257867
subj03	session24	654	-0.14155631496511462
subj03	session24	655	-0.27216289335042
subj03	session24	656	0.2204926669514453
subj03	session24	657	0.1566267976648156
subj03	session24	658	0.26824861170439984
subj03	session24	659	0.16221984906735012
subj03	session24	660	0.21322369357824295
subj03	session24	661	0.3836821870995301
subj03	session24	662	-0.05217143670795956
subj03	session24	663	0.2504770041292894
subj03	session24	664	0.40362807916844656
subj03	session24	665	0.49745550334614835
subj03	session24	666	0.6097707532393564
subj03	session24	667	0.5721757083867294
subj03	session24	668	0.4122326641036594
subj03	session24	669	0.5192738146091415
subj03	session24	670	-0.25613982628506343
subj03	session24	671	-0.12157624946604013
subj03	session24	672	0.35014523707817174
subj03	session24	673	0.3912060373059946
subj03	session24	674	0.33949451801224545
subj03	session24	675	-8.54335753951497e-05
subj03	session24	676	0.5596725046276521
subj03	session24	677	0.8824533675067636
subj03	session24	678	0.7030143813185249
subj03	session24	679	0.38760501210308984
subj03	session24	680	0.2793777587925388
subj03	session24	681	-0.20872561583368932
subj03	session24	682	-0.10803217998006553
subj03	session24	683	0.01636195358109068
subj03	session24	684	-0.02726185390858607
subj03	session24	685	0.07471308557596465
subj03	session24	686	0.20335184394133562
subj03	session24	687	0.43058237220561013
subj03	session24	688	0.0022867720347429957
subj03	session24	689	0.08504912430585221
subj03	session24	690	0.09526982770895627
subj03	session24	691	-0.2979851915135982
subj03	session24	692	-0.19290474156343446
subj03	session24	693	0.285714082301011
subj03	session24	694	0.5408785419336466
subj03	session24	695	0.4524391285775309
subj03	session24	696	0.5147857041150506
subj03	session24	697	0.5852014808486401
subj03	session24	698	0.2681261569130001
subj03	session24	699	0.5277602164317243
subj03	session24	700	0.3956201053680763
subj03	session24	701	0.3651374056670938
subj03	session24	702	0.24392567278940622
subj03	session24	703	0.19027338744126446
subj03	session24	704	0.3637334472447672
subj03	session24	705	0.34050975366652425
subj03	session24	706	0.006404670368788257
subj03	session24	707	-0.13794532251174713
subj03	session24	708	0.3111974939484551
subj03	session24	709	0.1030143813185248
subj03	session24	710	-0.1472376477288908
subj03	session24	711	-0.026223835967535247
subj03	session24	712	0.3769443257867009
subj03	session24	713	0.8498106222412075
subj03	session24	714	0.7974355688452229
subj03	session24	715	0.4320461341307134
subj03	session24	716	0.06954150647871278
subj03	session24	717	0.2695614409796383
subj03	session24	718	0.20034742987327353
subj03	session24	719	0.15980492666951443
subj03	session24	720	0.10831695856471597
subj03	session24	721	-0.3033077032607148
subj03	session24	722	-0.25016374768617394
subj03	session24	723	-0.11210024206179699
subj03	session24	724	-0.19218140395842237
subj03	session24	725	-0.18791684465328207
subj03	session24	726	-0.1533589634059519
subj03	session24	727	0.36699700982486116
subj03	session24	728	0.08780720489819163
subj03	session24	729	0.08074042432009115
subj03	session24	730	0.26392424889648297
subj03	session24	731	0.24915847928235801
subj03	session24	732	0.28380891356969956
subj03	session24	733	0.6598675779581376
subj03	session24	734	0.7486643884379894
subj03	session24	735	0.4496354834116475
subj03	session24	736	0.32398262850633636
subj03	session24	737	0.12104656129859034
subj03	session24	738	0.15923964117898332
subj03	session24	739	0.24046276520005694
subj03	session24	740	0.16950021358393846
subj03	session24	741	0.4376520005695573
subj03	session24	742	0.8613313398832407
subj03	session24	743	0.662128719920262
subj03	session24	744	0.549147088138972
subj03	session24	745	0.15886658123309125
subj03	session24	746	0.15360102520290475
subj03	session24	747	0.37765484835540364
subj03	session24	748	0.5164516588352556
subj03	session24	749	0.03661967820019937
subj03	session25	0	-0.14699416203901466
subj03	session25	1	-0.3764374199060231
subj03	session25	2	-0.3038573259290902
subj03	session25	3	-0.15543642318097678
subj03	session25	4	-0.06225402249750821
subj03	session25	5	0.020264844083724903
subj03	session25	6	0.20882528833831693
subj03	session25	7	0.6505724049551475
subj03	session25	8	0.09830129574256019
subj03	session25	9	0.1160743272105938
subj03	session25	10	-0.06884237505339597
subj03	session25	11	0.7214708813897195
subj03	session25	12	1.1247287483981203
subj03	session25	13	0.9783995443542646
subj03	session25	14	0.7542261141962124
subj03	session25	15	0.2157852769471736
subj03	session25	16	-0.034387014096539964
subj03	session25	17	0.15294888224405517
subj03	session25	18	-0.1439484550761783
subj03	session25	19	0.27434002563007265
subj03	session25	20	0.22445393706393282
subj03	session25	21	0.0691285775309697
subj03	session25	22	0.538430869998576
subj03	session25	23	0.21209169870425743
subj03	session25	24	0.6685903460059803
subj03	session25	25	0.9117328776875979
subj03	session25	26	0.5828406663818881
subj03	session25	27	0.6530471308557596
subj03	session25	28	0.556058664388438
subj03	session25	29	0.36602876263704975
subj03	session25	30	0.24069485974654703
subj03	session25	31	0.35125729745123163
subj03	session25	32	0.38445393706393277
subj03	session25	33	0.5942004841235938
subj03	session25	34	0.5372860600882814
subj03	session25	35	0.03807632066068637
subj03	session25	36	-0.07574256015947599
subj03	session25	37	-0.14742987327352985
subj03	session25	38	-0.19244909582799377
subj03	session25	39	-0.3848298447956714
subj03	session25	40	-0.7203588210166596
subj03	session25	41	0.21040011391143387
subj03	session25	42	0.49418054962266833
subj03	session25	43	0.7438530542503203
subj03	session25	44	0.7281133418766909
subj03	session25	45	0.1128463619535811
subj03	session25	46	-0.06934643314822726
subj03	session25	47	0.19445251317100962
subj03	session25	48	0.43729745123166736
subj03	session25	49	0.526972803645166
subj03	session25	50	0.5511177559447529
subj03	session25	51	1.1290488395272675
subj03	session25	52	0.699864730172291
subj03	session25	53	-0.053958422326641046
subj03	session25	54	0.039426171151929375
subj03	session25	55	0.29730314680336045
subj03	session25	56	0.5788437989463192
subj03	session25	57	0.05288765484835543
subj03	session25	58	0.2005368076320661
subj03	session25	59	-0.602829275238502
subj03	session25	60	0.564342873415919
subj03	session25	61	0.48046846077174993
subj03	session25	62	0.33839954435426456
subj03	session25	63	0.15182543072760926
subj03	session25	64	-0.1523366082870568
subj03	session25	65	0.4513769044567848
subj03	session25	66	0.4312231240210736
subj03	session25	67	0.4960088281361242
subj03	session25	68	0.8418823864445394
subj03	session25	69	0.6910308984764346
subj03	session25	70	0.24751245906307845
subj03	session25	71	0.27390146660971093
subj03	session25	72	0.2091186102805069
subj03	session25	73	0.015278371066495796
subj03	session25	74	0.06435426455930514
subj03	session25	75	0.31706393279225403
subj03	session25	76	0.06728321230243485
subj03	session25	77	-0.13317243343300583
subj03	session25	78	0.3968745550334615
subj03	session25	79	0.466159760785989
subj03	session25	80	0.6587028335469173
subj03	session25	81	0.4121984906735014
subj03	session25	82	0.2766866011675922
subj03	session25	83	0.17160615121742845
subj03	session25	84	-0.017602164317243346
subj03	session25	85	-0.3393962694005411
subj03	session25	86	-0.08073330485547485
subj03	session25	87	0.06947743129716645
subj03	session25	88	0.0666410365940481
subj03	session25	89	0.3849722340879966
subj03	session25	90	0.4017157909725188
subj03	session25	91	0.576905880677773
subj03	session25	92	0.3516987042574398
subj03	session25	93	0.1430485547486829
subj03	session25	94	0.10087569414780008
subj03	session25	95	0.2177730314680336
subj03	session25	96	0.42208457923964116
subj03	session25	97	0.1905353837391428
subj03	session25	98	0.29047130855759645
subj03	session25	99	0.7588722768047843
subj03	session25	100	0.285951872419194
subj03	session25	101	0.13659404812758077
subj03	session25	102	0.18819735155916276
subj03	session25	103	0.2611262993022925
subj03	session25	104	0.45096967108073466
subj03	session25	105	0.14264416915847927
subj03	session25	106	0.22373629503061368
subj03	session25	107	0.16904314395557454
subj03	session25	108	0.3635198633062794
subj03	session25	109	0.15878826712231242
subj03	session25	110	-0.08943044283069916
subj03	session25	111	0.2785874982201339
subj03	session25	112	0.5421230243485691
subj03	session25	113	0.47899473159618405
subj03	session25	114	0.14822155773885803
subj03	session25	115	-0.018127580805923388
subj03	session25	116	0.27105510465612986
subj03	session25	117	0.07569841947885518
subj03	session25	118	0.32286772034742983
subj03	session25	119	-0.045598746974227555
subj03	session25	120	0.11503915705538942
subj03	session25	121	0.38243912857753093
subj03	session25	122	0.567713227965257
subj03	session25	123	0.33179410508329776
subj03	session25	124	0.3766011675921971
subj03	session25	125	0.11962694005410789
subj03	session25	126	-0.1456856044425459
subj03	session25	127	0.07032179980065498
subj03	session25	128	0.2512359390573829
subj03	session25	129	0.4803901466609711
subj03	session25	130	0.6834785704115052
subj03	session25	131	0.7226512886230955
subj03	session25	132	0.6884949451801224
subj03	session25	133	0.41026911576249464
subj03	session25	134	0.03629930229246765
subj03	session25	135	0.5483226541364089
subj03	session25	136	0.44566851772746685
subj03	session25	137	0.13841378328349713
subj03	session25	138	0.14336323508472162
subj03	session25	139	0.4909896055816602
subj03	session25	140	-0.0005880677773031644
subj03	session25	141	-0.4125032037590773
subj03	session25	142	-0.37538089135696995
subj03	session25	143	-0.306679481702976
subj03	session25	144	-0.02423892923252173
subj03	session25	145	0.01674355688452226
subj03	session25	146	0.24563861597607858
subj03	session25	147	0.5310095400825857
subj03	session25	148	0.9262010536807632
subj03	session25	149	0.8743984052399258
subj03	session25	150	0.20652570126726472
subj03	session25	151	0.41574967962409226
subj03	session25	152	0.4572746689448953
subj03	session25	153	0.7452840666381888
subj03	session25	154	0.12434287341591911
subj03	session25	155	0.27628791114908163
subj03	session25	156	-0.1439812046134131
subj03	session25	157	-0.09345009255304004
subj03	session25	158	-0.1158151786985619
subj03	session25	159	-0.45519436138402386
subj03	session25	160	0.06241065071906592
subj03	session25	161	0.18197066780578097
subj03	session25	162	0.3866396127011249
subj03	session25	163	0.3870596611134843
subj03	session25	164	0.010431439555745402
subj03	session25	165	0.3151260145237078
subj03	session25	166	0.31638331197493946
subj03	session25	167	0.37888793962694006
subj03	session25	168	-0.1115477716075751
subj03	session25	169	0.6967036878826713
subj03	session25	170	0.6738032179980065
subj03	session25	171	0.1837633489961555
subj03	session25	172	0.3276562722483269
subj03	session25	173	0.10701267264701693
subj03	session25	174	0.13749252456215294
subj03	session25	175	-0.4426726470169443
subj03	session25	176	0.6484265983198063
subj03	session25	177	0.2201025202904742
subj03	session25	178	0.5689036024490958
subj03	session25	179	0.5083810337462622
subj03	session25	180	0.2687797237647729
subj03	session25	181	0.7913484265983198
subj03	session25	182	0.3493264986473017
subj03	session25	183	0.24140111063648015
subj03	session25	184	0.4660074042432009
subj03	session25	185	0.15126014523707818
subj03	session25	186	0.2896967108073473
subj03	session25	187	0.28274241777018366
subj03	session25	188	-0.09627936779154207
subj03	session25	189	0.18521002420617969
subj03	session25	190	0.1580279083012957
subj03	session25	191	0.2229972946034458
subj03	session25	192	0.5216730741848213
subj03	session25	193	0.39928805353837393
subj03	session25	194	1.017073900042717
subj03	session25	195	0.9321529260999574
subj03	session25	196	0.4149466040153781
subj03	session25	197	0.6004072333760501
subj03	session25	198	0.12466752100242062
subj03	session25	199	0.11699985761070769
subj03	session25	200	0.4601552043286345
subj03	session25	201	0.03486544211875267
subj03	session25	202	0.22138687170724766
subj03	session25	203	0.07578242916132706
subj03	session25	204	0.01711661683041435
subj03	session25	205	0.3124419763633775
subj03	session25	206	0.2931909440410081
subj03	session25	207	0.11541364089420474
subj03	session25	208	0.005097536665242788
subj03	session25	209	-0.01994589206891642
subj03	session25	210	0.4354563576819024
subj03	session25	211	0.23734871137690441
subj03	session25	212	0.7592225544639043
subj03	session25	213	0.47354691727182113
subj03	session25	214	0.5116203901466609
subj03	session25	215	0.41036451658835255
subj03	session25	216	0.29874697422753804
subj03	session25	217	0.18718353979780716
subj03	session25	218	0.3351601879538659
subj03	session25	219	0.5176306421757084
subj03	session25	220	-0.03791684465328203
subj03	session25	221	-0.1536821870995301
subj03	session25	222	0.05487113769044567
subj03	session25	223	0.07924676064359959
subj03	session25	224	0.5109127153638047
subj03	session25	225	0.39245194361384017
subj03	session25	226	0.8203246475865016
subj03	session25	227	-0.45081019507333053
subj03	session25	228	0.268520575252741
subj03	session25	229	0.199672504627652
subj03	session25	230	-0.040763206606863146
subj03	session25	231	0.2768688594617685
subj03	session25	232	0.5340623665100385
subj03	session25	233	0.3459803502776591
subj03	session25	234	0.23219279510180832
subj03	session25	235	-0.042834970810195064
subj03	session25	236	0.1593193791826855
subj03	session25	237	0.1887583653709241
subj03	session25	238	0.6454748682899046
subj03	session25	239	0.7873259290901324
subj03	session25	240	0.7158094831268689
subj03	session25	241	0.2967834258863733
subj03	session25	242	0.10313114053823144
subj03	session25	243	-0.2706977075323936
subj03	session25	244	0.10316958564715933
subj03	session25	245	0.25988751245906305
subj03	session25	246	0.369051687313114
subj03	session25	247	0.3549893208030756
subj03	session25	248	0.3752826427452655
subj03	session25	249	0.5760373059945894
subj03	session25	250	0.26350420048412354
subj03	session25	251	0.45709810622241204
subj03	session25	252	0.4220575252740994
subj03	session25	253	0.2427224832692581
subj03	session25	254	0.8514908158906451
subj03	session25	255	0.35640039869001855
subj03	session25	256	0.13794532251174713
subj03	session25	257	-0.1249480279083013
subj03	session25	258	0.1460187953865869
subj03	session25	259	0.1381631781290047
subj03	session25	260	0.18574113626655275
subj03	session25	261	0.16949451801224552
subj03	session25	262	0.2112501779866154
subj03	session25	263	0.7110664957995159
subj03	session25	264	0.8444482414922397
subj03	session25	265	0.851536380464189
subj03	session25	266	0.8153965541791257
subj03	session25	267	0.29174711661683045
subj03	session25	268	0.06010821586216714
subj03	session25	269	-0.05404385590203615
subj03	session25	270	0.32584223266410367
subj03	session25	271	0.09651573401680194
subj03	session25	272	0.047456927239071606
subj03	session25	273	0.054535098960558165
subj03	session25	274	-0.18501637476861743
subj03	session25	275	-0.12234372775167308
subj03	session25	276	-0.05089420475580236
subj03	session25	277	-0.19463904314395555
subj03	session25	278	-0.2146689448953439
subj03	session25	279	0.30501637476861737
subj03	session25	280	0.18723479994304432
subj03	session25	281	0.25721628933504204
subj03	session25	282	0.47688025060515443
subj03	session25	283	0.3409369215434999
subj03	session25	284	0.45294888224405533
subj03	session25	285	0.3494105083297735
subj03	session25	286	0.2927281788409512
subj03	session25	287	-0.18542787982343728
subj03	session25	288	-0.23800939769329343
subj03	session25	289	0.15512174284493807
subj03	session25	290	0.3778741278655845
subj03	session25	291	0.3678143243628079
subj03	session25	292	0.6277246191086431
subj03	session25	293	0.7118709953011534
subj03	session25	294	0.4977374341449523
subj03	session25	295	0.26538089135696996
subj03	session25	296	0.06385020646447383
subj03	session25	297	-0.023826000284778576
subj03	session25	298	0.21201908016517163
subj03	session25	299	0.7296525701267266
subj03	session25	300	0.5864231809767905
subj03	session25	301	0.19771892353695006
subj03	session25	302	0.1485405097536665
subj03	session25	303	0.06092553040011391
subj03	session25	304	-0.04387726043001566
subj03	session25	305	0.3970610850064075
subj03	session25	306	0.2938971949309412
subj03	session25	307	0.23310266267976645
subj03	session25	308	0.2943499928805354
subj03	session25	309	0.6522426313541222
subj03	session25	310	0.37618254307276094
subj03	session25	311	-0.022783710664957962
subj03	session25	312	0.3340168019364944
subj03	session25	313	0.040425743984052416
subj03	session25	314	0.3231439555745408
subj03	session25	315	0.4227595044852627
subj03	session25	316	0.33045279794959415
subj03	session25	317	0.3421685889221131
subj03	session25	318	0.4526712231240211
subj03	session25	319	0.11376619678200199
subj03	session25	320	0.12118040723337603
subj03	session25	321	0.3285689876121316
subj03	session25	322	1.1048255731169017
subj03	session25	323	1.3868617399971523
subj03	session25	324	0.13430158052114474
subj03	session25	325	-0.3575865014950876
subj03	session25	326	-0.06497365798091985
subj03	session25	327	-0.04704542218425174
subj03	session25	328	-0.3851929374911007
subj03	session25	329	-0.15048697137975225
subj03	session25	330	-0.004656129859034585
subj03	session25	331	-0.08649295173002987
subj03	session25	332	0.5325174426883099
subj03	session25	333	0.4634073757653424
subj03	session25	334	0.5004314395557454
subj03	session25	335	0.6749950163747687
subj03	session25	336	0.09527552328064923
subj03	session25	337	0.1188893635198633
subj03	session25	338	0.4244681759931653
subj03	session25	339	0.20880392994446814
subj03	session25	340	0.17017656272248322
subj03	session25	341	-0.10816317812900471
subj03	session25	342	0.2824191940766054
subj03	session25	343	0.09194218994731596
subj03	session25	344	0.7354307276092839
subj03	session25	345	0.8829260999572831
subj03	session25	346	0.04003986900185106
subj03	session25	347	0.2557995158764061
subj03	session25	348	0.05363377474013956
subj03	session25	349	0.33183539797807204
subj03	session25	350	0.14758650149508754
subj03	session25	351	-0.2428890787412787
subj03	session25	352	0.2364872561583369
subj03	session25	353	0.1626797664815606
subj03	session25	354	-0.08850064075181545
subj03	session25	355	0.5657439840523993
subj03	session25	356	0.41206891641748544
subj03	session25	357	0.08530542503203763
subj03	session25	358	0.4400825857895486
subj03	session25	359	0.2903488537661968
subj03	session25	360	0.5798334045279795
subj03	session25	361	-0.16581233091271536
subj03	session25	362	-0.15621814039584225
subj03	session25	363	0.3701779866154065
subj03	session25	364	0.8831496511462338
subj03	session25	365	0.20881959276662393
subj03	session25	366	0.3349765057667663
subj03	session25	367	0.4206820447102378
subj03	session25	368	0.5158578954862594
subj03	session25	369	0.003830271963548348
subj03	session25	370	0.14758934928093406
subj03	session25	371	0.1505225687028335
subj03	session25	372	0.4270881389719493
subj03	session25	373	0.6871693008685748
subj03	session25	374	0.3761739997152214
subj03	session25	375	0.096386159760786
subj03	session25	376	0.20160045564573542
subj03	session25	377	0.1597664815605866
subj03	session25	378	0.4472988751245906
subj03	session25	379	0.7439057382884807
subj03	session25	380	0.38058521999145667
subj03	session25	381	0.07172575822298165
subj03	session25	382	0.1862523138260003
subj03	session25	383	-0.07690018510607997
subj03	session25	384	0.7264687455503347
subj03	session25	385	0.6664957995158763
subj03	session25	386	0.48791826854620535
subj03	session25	387	0.7855275523280649
subj03	session25	388	0.7719464616260857
subj03	session25	389	0.4350961127723196
subj03	session25	390	0.45422896198205903
subj03	session25	391	-0.0804285917698989
subj03	session25	392	-0.46151502207034034
subj03	session25	393	-0.36586928662964546
subj03	session25	394	0.2634230385874982
subj03	session25	395	0.287397123736295
subj03	session25	396	0.15966680905595898
subj03	session25	397	0.2868503488537662
subj03	session25	398	0.9408130428591771
subj03	session25	399	0.7032208457923963
subj03	session25	400	0.21782713939911721
subj03	session25	401	-0.05336893065641465
subj03	session25	402	-0.5250121030898476
subj03	session25	403	0.0019891784137832896
subj03	session25	404	0.17847928235796665
subj03	session25	405	0.20300299017513887
subj03	session25	406	0.041917983767620674
subj03	session25	407	-0.15457354406948598
subj03	session25	408	0.17533959846219566
subj03	session25	409	1.0152513171009543
subj03	session25	410	1.2540837249038872
subj03	session25	411	0.6410608002278229
subj03	session25	412	0.332111633205183
subj03	session25	413	-0.014468175993165352
subj03	session25	414	-0.18000427167876976
subj03	session25	415	0.16069913142531686
subj03	session25	416	0.31765342446248035
subj03	session25	417	0.13840239214011105
subj03	session25	418	0.47539655417912574
subj03	session25	419	-0.0007276092837818443
subj03	session25	420	0.15970098248611705
subj03	session25	421	0.048104798519151365
subj03	session25	422	-0.2890929802078884
subj03	session25	423	0.018311262993022916
subj03	session25	424	0.14896625373771893
subj03	session25	425	0.5847956713655134
subj03	session25	426	0.21730314680336035
subj03	session25	427	0.45365940481275796
subj03	session25	428	0.5861697280364516
subj03	session25	429	1.0381902320945466
subj03	session25	430	0.42611134842659837
subj03	session25	431	0.19709098675779577
subj03	session25	432	0.1594347145094689
subj03	session25	433	0.46313683610992457
subj03	session25	434	0.3975580236366225
subj03	session25	435	0.29703687882671226
subj03	session25	436	0.45137263277801515
subj03	session25	437	0.25551473729175567
subj03	session25	438	-0.29417200626512885
subj03	session25	439	0.16764060942617118
subj03	session25	440	0.6696112772319521
subj03	session25	441	0.9181631781290047
subj03	session25	442	1.0042560159476006
subj03	session25	443	0.4605724049551474
subj03	session25	444	0.38736152641321375
subj03	session25	445	0.5682956001708672
subj03	session25	446	0.41520575252740993
subj03	session25	447	0.362320945464901
subj03	session25	448	0.18686601167592196
subj03	session25	449	0.3322226968531966
subj03	session25	450	0.6622198490673501
subj03	session25	451	0.32021785561725763
subj03	session25	452	0.12219991456642458
subj03	session25	453	-0.2636181119179838
subj03	session25	454	-0.40142246903032885
subj03	session25	455	-0.6222639897479709
subj03	session25	456	-0.2611604727324505
subj03	session25	457	-0.2610066922967393
subj03	session25	458	-0.11004556457354407
subj03	session25	459	0.18535098960558163
subj03	session25	460	-0.08337889790687741
subj03	session25	461	-0.010508329773600961
subj03	session25	462	0.5126099957283212
subj03	session25	463	0.8190474156343442
subj03	session25	464	0.19611277231952157
subj03	session25	465	-0.15595329631211735
subj03	session25	466	0.48132279652570126
subj03	session25	467	0.7503474298732736
subj03	session25	468	0.5566666666666668
subj03	session25	469	0.9013085575964687
subj03	session25	470	0.6572618539085862
subj03	session25	471	1.2796468745550336
subj03	session25	472	0.9763676491527837
subj03	session25	473	0.8752456215292609
subj03	session25	474	0.2507532393564004
subj03	session25	475	-0.02147372917556594
subj03	session25	476	-0.054661825430727645
subj03	session25	477	0.26085148796810476
subj03	session25	478	0.3029075893492809
subj03	session25	479	0.3560643599601311
subj03	session25	480	0.1674298732735298
subj03	session25	481	0.4378912145806636
subj03	session25	482	-0.26179837676206746
subj03	session25	483	-0.11551900897052537
subj03	session25	484	0.28177132279652567
subj03	session25	485	0.0869927381460915
subj03	session25	486	0.01848924960842947
subj03	session25	487	-0.135748255731169
subj03	session25	488	-0.0925957567990887
subj03	session25	489	0.024334330058379587
subj03	session25	490	0.2793720632208458
subj03	session25	491	-0.0943414495229959
subj03	session25	492	0.08449522995870709
subj03	session25	493	0.09801224547914
subj03	session25	494	-0.44438843798946315
subj03	session25	495	0.1584351416773459
subj03	session25	496	0.025947600740424317
subj03	session25	497	0.25201480848640184
subj03	session25	498	0.7179054535098961
subj03	session25	499	0.49446675210024205
subj03	session25	500	0.6417969528691443
subj03	session25	501	0.8108059233945608
subj03	session25	502	0.29327495372347995
subj03	session25	503	-0.027169300868574702
subj03	session25	504	-0.15560444254592048
subj03	session25	505	-0.0068546205325359716
subj03	session25	506	0.33994731596183964
subj03	session25	507	0.46080165171579096
subj03	session25	508	0.27077744553609573
subj03	session25	509	-0.31811049409084435
subj03	session25	510	0.14296596895913424
subj03	session25	511	0.2643813185248469
subj03	session25	512	0.7698220133845934
subj03	session25	513	0.6833945607290333
subj03	session25	514	0.7654050975366652
subj03	session25	515	0.2876804784280222
subj03	session25	516	0.2722896198205895
subj03	session25	517	0.7273743414495231
subj03	session25	518	0.2645222839242489
subj03	session25	519	0.2629887512459063
subj03	session25	520	0.41139114338601734
subj03	session25	521	0.7534073757653424
subj03	session25	522	0.43157767335896347
subj03	session25	523	0.43766908728463616
subj03	session25	524	0.08363662252598605
subj03	session25	525	0.4126441691584793
subj03	session25	526	0.5562651288623096
subj03	session25	527	0.48452940338886513
subj03	session25	528	-0.15340310408657273
subj03	session25	529	0.23011248754093688
subj03	session25	530	0.17801366937206323
subj03	session25	531	-0.1706336323508472
subj03	session25	532	-0.07033319094404099
subj03	session25	533	0.1755275523280649
subj03	session25	534	-0.06976932934643312
subj03	session25	535	-0.18135696995585932
subj03	session25	536	-0.16747259006122742
subj03	session25	537	0.06440979638331198
subj03	session25	538	0.1179723764772889
subj03	session25	539	0.14000711946461625
subj03	session25	540	0.21202050405809483
subj03	session25	541	-0.0679524419763634
subj03	session25	542	0.700384451089278
subj03	session25	543	0.42038872276804784
subj03	session25	544	0.16374341449522997
subj03	session25	545	0.3228719920261996
subj03	session25	546	0.41207745977502497
subj03	session25	547	0.09497508187384313
subj03	session25	548	0.6397565143101238
subj03	session25	549	0.06478285632920402
subj03	session25	550	-0.16399829132849209
subj03	session25	551	0.0573558308415207
subj03	session25	552	0.7878072048981917
subj03	session25	553	0.8423736295030614
subj03	session25	554	0.7993521287199203
subj03	session25	555	0.6300598035027766
subj03	session25	556	-0.009169870425743997
subj03	session25	557	-0.19399259575679906
subj03	session25	558	-0.12229246760643599
subj03	session25	559	-0.13778015093264984
subj03	session25	560	0.2883311974939485
subj03	session25	561	0.3211974939484551
subj03	session25	562	0.15178983340452798
subj03	session25	563	0.1108116189662537
subj03	session25	564	0.46117755944752953
subj03	session25	565	0.02324078029332197
subj03	session25	566	0.42088993307703265
subj03	session25	567	-0.14454221842517442
subj03	session25	568	0.47243485689876114
subj03	session25	569	0.47192795101808344
subj03	session25	570	0.7001751388295601
subj03	session25	571	0.5518439413356117
subj03	session25	572	0.4438815321087854
subj03	session25	573	0.5276035882101666
subj03	session25	574	0.7474170582372206
subj03	session25	575	0.8212330912715364
subj03	session25	576	0.5906663818880821
subj03	session25	577	0.03550761782713939
subj03	session25	578	0.197871280079738
subj03	session25	579	0.13228534814181975
subj03	session25	580	-0.08838388153210879
subj03	session25	581	0.08116047273245057
subj03	session25	582	0.35417627794389867
subj03	session25	583	0.10022070340310409
subj03	session25	584	-0.10800654990744699
subj03	session25	585	-0.08894631923679339
subj03	session25	586	-0.04749822013384594
subj03	session25	587	0.17085575964687455
subj03	session25	588	0.15492524562152923
subj03	session25	589	0.5556443115477716
subj03	session25	590	0.2158764060942617
subj03	session25	591	0.19268403816033033
subj03	session25	592	0.13801509326498645
subj03	session25	593	-0.11039726612558735
subj03	session25	594	0.06946746404670366
subj03	session25	595	-0.39029332194218996
subj03	session25	596	0.2635170155204329
subj03	session25	597	0.5862309554321515
subj03	session25	598	0.462642745265556
subj03	session25	599	0.256595472020504
subj03	session25	600	0.143292040438559
subj03	session25	601	0.08821016659547204
subj03	session25	602	0.6051559162750961
subj03	session25	603	0.8186700840096824
subj03	session25	604	0.6264957995158763
subj03	session25	605	-0.16145664246048694
subj03	session25	606	0.10575110351701553
subj03	session25	607	0.1956927239071622
subj03	session25	608	0.364087996582657
subj03	session25	609	0.3288580378755518
subj03	session25	610	0.06395557454079452
subj03	session25	611	0.32324362807916845
subj03	session25	612	0.5962722483269257
subj03	session25	613	0.43898191655987473
subj03	session25	614	0.37534814181973514
subj03	session25	615	0.5314139256727894
subj03	session25	616	0.11641463761925103
subj03	session25	617	0.12828705681332764
subj03	session25	618	0.5403047130855759
subj03	session25	619	0.11999430442830698
subj03	session25	620	-0.17670226398974795
subj03	session25	621	0.17806635341022356
subj03	session25	622	0.5935696995585932
subj03	session25	623	0.6221571977787271
subj03	session25	624	0.32377331624661826
subj03	session25	625	0.6283283497081019
subj03	session25	626	0.23226683753381747
subj03	session25	627	0.6311391143386018
subj03	session25	628	0.45938630215007825
subj03	session25	629	0.47170439982913276
subj03	session25	630	0.0375679908870853
subj03	session25	631	-0.152473302007689
subj03	session25	632	-0.20299729460344584
subj03	session25	633	-0.30772889078741283
subj03	session25	634	0.1031767051117756
subj03	session25	635	0.0013242204186245232
subj03	session25	636	0.17298590346005976
subj03	session25	637	0.8775865014950877
subj03	session25	638	0.5859419051687313
subj03	session25	639	0.550169443257867
subj03	session25	640	0.28007973800370217
subj03	session25	641	-0.12527267549480278
subj03	session25	642	0.2195130286202478
subj03	session25	643	0.49510038445108917
subj03	session25	644	-0.05191940766054395
subj03	session25	645	0.13754520860031325
subj03	session25	646	0.021607575110351693
subj03	session25	647	0.056878826712231254
subj03	session25	648	0.39098533390289053
subj03	session25	649	0.3971621814039583
subj03	session25	650	0.4003545493378898
subj03	session25	651	0.6644895343870142
subj03	session25	652	0.5749779296596895
subj03	session25	653	0.35234372775167316
subj03	session25	654	0.21044852627082442
subj03	session25	655	0.011003844510892776
subj03	session25	656	0.18041435284066634
subj03	session25	657	0.8988167449807775
subj03	session25	658	0.5360401537804357
subj03	session25	659	0.5763861597607861
subj03	session25	660	-0.00627652000569557
subj03	session25	661	0.03063363235084724
subj03	session25	662	0.11950021358393853
subj03	session25	663	0.6071835397978071
subj03	session25	664	0.4343955574540795
subj03	session25	665	-0.043558308415207164
subj03	session25	666	-0.09278940623665101
subj03	session25	667	0.2807532393564004
subj03	session25	668	0.0901665954720205
subj03	session25	669	0.3861953581090702
subj03	session25	670	0.549678200199345
subj03	session25	671	0.710192225544639
subj03	session25	672	0.5581702975936209
subj03	session25	673	-0.10792111633205183
subj03	session25	674	-0.5787697565143102
subj03	session25	675	-0.4542816460202193
subj03	session25	676	-0.11668944895343873
subj03	session25	677	0.4738658692866296
subj03	session25	678	0.18120888509184105
subj03	session25	679	0.21455645735440693
subj03	session25	680	0.19645593051402532
subj03	session25	681	0.0943870140965399
subj03	session25	682	0.3626584080877118
subj03	session25	683	0.2976320660686316
subj03	session25	684	0.2428349708101951
subj03	session25	685	0.2806763491385448
subj03	session25	686	0.22174142104513747
subj03	session25	687	0.5468403816033035
subj03	session25	688	-0.02597323081304285
subj03	session25	689	-0.11737576534244623
subj03	session25	690	0.13741563434429732
subj03	session25	691	0.1285390858607433
subj03	session25	692	0.3505866438843799
subj03	session25	693	0.1978556172575822
subj03	session25	694	0.10903175281218852
subj03	session25	695	0.4456799088708529
subj03	session25	696	0.645934785704115
subj03	session25	697	0.377707532393564
subj03	session25	698	0.2293549765057668
subj03	session25	699	0.669898903602449
subj03	session25	700	0.43074754378470737
subj03	session25	701	0.3148981916559875
subj03	session25	702	0.07686885946176848
subj03	session25	703	0.0001580521144809869
subj03	session25	704	0.06786131282927522
subj03	session25	705	-0.0784209027481133
subj03	session25	706	0.3262366510038445
subj03	session25	707	0.3629873273529831
subj03	session25	708	0.11718638758365373
subj03	session25	709	0.4197821443827424
subj03	session25	710	0.4315734016801937
subj03	session25	711	0.32543357539513024
subj03	session25	712	0.10027053965541789
subj03	session25	713	0.15329915990317525
subj03	session25	714	0.4363875836537092
subj03	session25	715	0.5962950306136979
subj03	session25	716	0.5200954008258579
subj03	session25	717	0.07719065926242347
subj03	session25	718	0.18231952157197778
subj03	session25	719	0.1484522283924249
subj03	session25	720	-0.12542787982343734
subj03	session25	721	-0.44425316816175414
subj03	session25	722	-0.1259888936351986
subj03	session25	723	0.16113341876690873
subj03	session25	724	0.5103659404812758
subj03	session25	725	0.1620261996297878
subj03	session25	726	-0.3538245763918553
subj03	session25	727	-0.049041720062651305
subj03	session25	728	0.3025601594760074
subj03	session25	729	0.521005268403816
subj03	session25	730	0.5511248754093692
subj03	session25	731	0.8085761070767478
subj03	session25	732	0.43226114196212445
subj03	session25	733	0.2944183397408515
subj03	session25	734	0.03857041150505482
subj03	session25	735	-0.04457923964117898
subj03	session25	736	0.06416631069343583
subj03	session25	737	0.05008116189662536
subj03	session25	738	0.28716787697565144
subj03	session25	739	0.05330485547486828
subj03	session25	740	-0.18614125017798658
subj03	session25	741	0.1941691584792824
subj03	session25	742	0.2905766766339171
subj03	session25	743	0.3640623665100384
subj03	session25	744	0.04574967962409226
subj03	session25	745	0.59801224547914
subj03	session25	746	0.7821059376334899
subj03	session25	747	0.5946361953581091
subj03	session25	748	0.41616545635768193
subj03	session25	749	0.27141534956571267
subj03	session26	0	0.033974085148796775
subj03	session26	1	0.648334045279795
subj03	session26	2	0.30013099814893923
subj03	session26	3	0.4008870852911861
subj03	session26	4	0.1274868289904599
subj03	session26	5	-0.054795671365513325
subj03	session26	6	0.6402320945464901
subj03	session26	7	0.042837818596041584
subj03	session26	8	-0.16392994446817596
subj03	session26	9	-0.015170155204328606
subj03	session26	10	0.2992695429303717
subj03	session26	11	0.24099672504627656
subj03	session26	12	0.45050832977360106
subj03	session26	13	1.1336337747401395
subj03	session26	14	1.0739883240780292
subj03	session26	15	1.228282785134558
subj03	session26	16	1.0902477573686458
subj03	session26	17	0.5470383027196355
subj03	session26	18	0.6648156058664388
subj03	session26	19	0.07497508187384308
subj03	session26	20	-0.08550192225544638
subj03	session26	21	-0.48736864587783
subj03	session26	22	-0.315900612273957
subj03	session26	23	-0.16670226398974797
subj03	session26	24	-0.24910152356542792
subj03	session26	25	0.12346717926811902
subj03	session26	26	0.4584579239641179
subj03	session26	27	0.30637476861739993
subj03	session26	28	0.05829987184963691
subj03	session26	29	0.37341734301580526
subj03	session26	30	0.382134415491955
subj03	session26	31	-0.12198775452086003
subj03	session26	32	-0.3563833119749395
subj03	session26	33	0.16068774028193084
subj03	session26	34	-0.12527837106649578
subj03	session26	35	0.08017656272248325
subj03	session26	36	0.03350277659120033
subj03	session26	37	0.25202050405809484
subj03	session26	38	0.1419122881959277
subj03	session26	39	0.49097109497365793
subj03	session26	40	0.25813185248469317
subj03	session26	41	0.055403673643741984
subj03	session26	42	-0.2973956998433718
subj03	session26	43	0.20197493948455078
subj03	session26	44	0.7856215292609995
subj03	session26	45	0.6886914424035313
subj03	session26	46	0.7406848924960843
subj03	session26	47	0.16870283354691726
subj03	session26	48	0.15209312259718066
subj03	session26	49	0.651140538231525
subj03	session26	50	0.3757781574825573
subj03	session26	51	0.17296169728036456
subj03	session26	52	0.4076804784280222
subj03	session26	53	0.25761355546062936
subj03	session26	54	0.3481731453794674
subj03	session26	55	0.25528691442403534
subj03	session26	56	0.5847173572547344
subj03	session26	57	0.30042147230528266
subj03	session26	58	0.4482656984194789
subj03	session26	59	0.5873757653424462
subj03	session26	60	0.2800498362523138
subj03	session26	61	0.3117613555460629
subj03	session26	62	0.31782286772034735
subj03	session26	63	0.9237590773173857
subj03	session26	64	0.27201338459347857
subj03	session26	65	0.7668731311405382
subj03	session26	66	0.9995642887654851
subj03	session26	67	0.9538601737149366
subj03	session26	68	0.26272675494802794
subj03	session26	69	0.49269400541079306
subj03	session26	70	0.6318054962266838
subj03	session26	71	0.6072590061227395
subj03	session26	72	0.307549480279083
subj03	session26	73	0.3722056101381177
subj03	session26	74	0.3645023494233233
subj03	session26	75	0.3024078029332194
subj03	session26	76	0.5822383596753524
subj03	session26	77	-0.31504200484123596
subj03	session26	78	0.015046276520005685
subj03	session26	79	0.6644809910294746
subj03	session26	80	0.18199629787839955
subj03	session26	81	-0.32588210166595477
subj03	session26	82	-0.12893635198633063
subj03	session26	83	0.25802221272960274
subj03	session26	84	0.6997223408799658
subj03	session26	85	0.37573971237362946
subj03	session26	86	-0.09553182400683467
subj03	session26	87	-0.4229403388865157
subj03	session26	88	-0.5213925672789406
subj03	session26	89	0.04307988039299447
subj03	session26	90	-0.19398547629218285
subj03	session26	91	0.20159618396696566
subj03	session26	92	0.05377046846077174
subj03	session26	93	0.24984337177844226
subj03	session26	94	-0.12483269258151787
subj03	session26	95	-0.2961270112487541
subj03	session26	96	-0.031778442261141966
subj03	session26	97	0.2527652000569557
subj03	session26	98	0.11664957995158762
subj03	session26	99	0.44372775167307416
subj03	session26	100	0.296211020931226
subj03	session26	101	0.6430784565000712
subj03	session26	102	0.626713655133134
subj03	session26	103	0.8072248326925816
subj03	session26	104	0.3976975651431012
subj03	session26	105	0.31405382315249897
subj03	session26	106	0.40668944895343867
subj03	session26	107	0.2294404100811619
subj03	session26	108	0.1480606578385305
subj03	session26	109	0.23900897052541648
subj03	session26	110	0.34978926384735864
subj03	session26	111	0.1586387583653709
subj03	session26	112	-0.4079866154065214
subj03	session26	113	0.12167592197066782
subj03	session26	114	0.5466495799515877
subj03	session26	115	0.26824861170439984
subj03	session26	116	0.4093407375765342
subj03	session26	117	0.06730599458920687
subj03	session26	118	-0.22060657838530545
subj03	session26	119	0.07059518724191939
subj03	session26	120	0.24924818453652287
subj03	session26	121	0.5237462622810766
subj03	session26	122	0.9685917698989038
subj03	session26	123	0.7494660401537805
subj03	session26	124	0.5799544354264559
subj03	session26	125	0.08947458351131993
subj03	session26	126	-0.07385305425032038
subj03	session26	127	0.3175651431012388
subj03	session26	128	0.599914566424605
subj03	session26	129	0.5165456357681902
subj03	session26	130	0.9691997721771323
subj03	session26	131	0.7409653994019649
subj03	session26	132	0.3639541506478713
subj03	session26	133	0.7516460202192796
subj03	session26	134	0.5099658265698419
subj03	session26	135	0.12305425032037591
subj03	session26	136	-0.14462907589349283
subj03	session26	137	-0.03019222554463907
subj03	session26	138	-0.02725615833689305
subj03	session26	139	0.28781290046988467
subj03	session26	140	0.3911932222696853
subj03	session26	141	0.4147344439698134
subj03	session26	142	0.19364089420475583
subj03	session26	143	0.03355261284351417
subj03	session26	144	0.2208927808628791
subj03	session26	145	-0.16865869286629648
subj03	session26	146	-0.5268218709953011
subj03	session26	147	-0.30419763633774743
subj03	session26	148	0.49875836537092405
subj03	session26	149	0.9274882528833832
subj03	session26	150	-0.12295457781574823
subj03	session26	151	-0.5542090274811334
subj03	session26	152	-0.35748825288338315
subj03	session26	153	0.10799231097821442
subj03	session26	154	0.34423608144667517
subj03	session26	155	0.40272960273387437
subj03	session26	156	0.3775081873843087
subj03	session26	157	0.37797664815605864
subj03	session26	158	0.34529972946034454
subj03	session26	159	0.7906507190659262
subj03	session26	160	0.5691157624946603
subj03	session26	161	0.4498091983482841
subj03	session26	162	0.12461768475010677
subj03	session26	163	0.33652285348141825
subj03	session26	164	0.024043855902036164
subj03	session26	165	0.2037989463192368
subj03	session26	166	0.21729317955289762
subj03	session26	167	-0.1483781859604158
subj03	session26	168	0.22290046988466464
subj03	session26	169	0.2535184394133561
subj03	session26	170	0.09126299302292469
subj03	session26	171	0.3340267691869571
subj03	session26	172	0.35690872846361954
subj03	session26	173	0.2218852342303859
subj03	session26	174	0.34210736152641325
subj03	session26	175	0.25176847501067917
subj03	session26	176	0.2658251459490246
subj03	session26	177	-0.0788238644453937
subj03	session26	178	0.3157610707674783
subj03	session26	179	0.048687170724761496
subj03	session26	180	0.3990246333475723
subj03	session26	181	-0.17434002563007264
subj03	session26	182	-0.21786416061512173
subj03	session26	183	0.058920689164174846
subj03	session26	184	0.42665812330912717
subj03	session26	185	0.2051616118467891
subj03	session26	186	0.3924177701836822
subj03	session26	187	0.48477288907874133
subj03	session26	188	-0.10851487968104799
subj03	session26	189	0.17862879111490815
subj03	session26	190	0.15996725046276522
subj03	session26	191	0.504421187526698
subj03	session26	192	0.010891356969955867
subj03	session26	193	-0.4769984337177844
subj03	session26	194	-0.2691100669229674
subj03	session26	195	0.09282927523850207
subj03	session26	196	0.2625786700840097
subj03	session26	197	0.15052826427452654
subj03	session26	198	0.401315677061085
subj03	session26	199	0.29830129574256015
subj03	session26	200	0.16676918695714082
subj03	session26	201	-0.24408230101096395
subj03	session26	202	0.30415919122881957
subj03	session26	203	0.7182215577388581
subj03	session26	204	0.658690018510608
subj03	session26	205	0.6315135981774171
subj03	session26	206	0.4750277659120034
subj03	session26	207	0.09766196782001996
subj03	session26	208	0.3010907019792111
subj03	session26	209	-0.15634913854478139
subj03	session26	210	-0.14022212729602734
subj03	session26	211	-0.25149651146233803
subj03	session26	212	-0.025335326783425875
subj03	session26	213	-0.18070482699700982
subj03	session26	214	-0.16058094831268688
subj03	session26	215	0.392834970810195
subj03	session26	216	0.5077943898618824
subj03	session26	217	0.5752086003132565
subj03	session26	218	0.16454079453225118
subj03	session26	219	0.16343727751673076
subj03	session26	220	0.4779239641178983
subj03	session26	221	0.4797422753808913
subj03	session26	222	0.30392567278940624
subj03	session26	223	0.0741890929802079
subj03	session26	224	0.06367506763491386
subj03	session26	225	0.23694717357254735
subj03	session26	226	0.4472689733732023
subj03	session26	227	0.21200341734301578
subj03	session26	228	-0.06575110351701552
subj03	session26	229	-0.4055332478997579
subj03	session26	230	-0.3521130570981062
subj03	session26	231	0.010666381888082003
subj03	session26	232	0.2440680620817314
subj03	session26	233	0.8805695571693009
subj03	session26	234	0.7877829987184963
subj03	session26	235	0.7287227680478429
subj03	session26	236	0.4572903317670511
subj03	session26	237	0.30959276662394986
subj03	session26	238	0.2518695714082301
subj03	session26	239	0.2098106222412075
subj03	session26	240	-0.06527125160187952
subj03	session26	241	-0.0120176562722483
subj03	session26	242	-0.08813185248469314
subj03	session26	243	-0.020055531824006854
subj03	session26	244	0.4426655275523281
subj03	session26	245	0.1764117898334045
subj03	session26	246	0.2758877972376477
subj03	session26	247	0.7544468175993164
subj03	session26	248	0.8286529972946035
subj03	session26	249	0.417848497792966
subj03	session26	250	0.025037733162466137
subj03	session26	251	0.3206749252456215
subj03	session26	252	0.0005410793108358126
subj03	session26	253	-0.12840239214011107
subj03	session26	254	-0.30844083724903887
subj03	session26	255	0.13614409796383314
subj03	session26	256	0.39989463192367936
subj03	session26	257	0.10955574540794534
subj03	session26	258	0.19812900469884667
subj03	session26	259	-0.04075751103517014
subj03	session26	260	0.09922682614267408
subj03	session26	261	0.07409511604727324
subj03	session26	262	-0.07324932365086145
subj03	session26	263	0.007036878826712242
subj03	session26	264	0.6182400683468604
subj03	session26	265	0.8806336323508472
subj03	session26	266	0.8281247330200768
subj03	session26	267	0.3402093122597181
subj03	session26	268	0.4843015805211448
subj03	session26	269	0.3825188665812331
subj03	session26	270	0.2441777018368219
subj03	session26	271	0.03399259575679907
subj03	session26	272	0.456566994162039
subj03	session26	273	0.43897764488110497
subj03	session26	274	0.6382785134557881
subj03	session26	275	0.48660401537804354
subj03	session26	276	0.06146803360387297
subj03	session26	277	0.03638615976078597
subj03	session26	278	-0.2658479282357966
subj03	session26	279	-0.2875466324932365
subj03	session26	280	-0.08925672789406235
subj03	session26	281	0.22908158906450235
subj03	session26	282	0.1442474725900612
subj03	session26	283	0.3209440410081162
subj03	session26	284	0.07747543784707385
subj03	session26	285	0.10568702833546914
subj03	session26	286	0.40814181973515595
subj03	session26	287	0.3160828705681333
subj03	session26	288	0.401829702406379
subj03	session26	289	0.10910294745835117
subj03	session26	290	0.33183824576391857
subj03	session26	291	0.4288224405524705
subj03	session26	292	-0.14172718211590488
subj03	session26	293	-0.039755090417200614
subj03	session26	294	0.0919108643030044
subj03	session26	295	0.38815463477146517
subj03	session26	296	0.4279068774028193
subj03	session26	297	0.32422611419621244
subj03	session26	298	-0.06320518297024062
subj03	session26	299	0.4298903602449095
subj03	session26	300	-0.0794375622953154
subj03	session26	301	0.025450662110209292
subj03	session26	302	-0.18428734159191226
subj03	session26	303	0.14341591912288196
subj03	session26	304	0.08004983625231384
subj03	session26	305	0.6007375765342446
subj03	session26	306	0.2117556599743699
subj03	session26	307	0.2759091556314964
subj03	session26	308	0.39100954008258576
subj03	session26	309	0.4500541079310836
subj03	session26	310	0.9973131140538232
subj03	session26	311	0.404426883098391
subj03	session26	312	0.23803075608714225
subj03	session26	313	0.5668517727466894
subj03	session26	314	0.4256599743699274
subj03	session26	315	0.32435284066638187
subj03	session26	316	0.3531268688594618
subj03	session26	317	0.619796383311975
subj03	session26	318	0.47242204186245196
subj03	session26	319	0.6311690160899901
subj03	session26	320	0.6946333475722626
subj03	session26	321	0.740237790118183
subj03	session26	322	0.3569955859319378
subj03	session26	323	0.30782144382742416
subj03	session26	324	-0.2072533105510466
subj03	session26	325	0.1673885803787555
subj03	session26	326	0.08236223835967538
subj03	session26	327	-0.30749110066922963
subj03	session26	328	-0.2474683183824577
subj03	session26	329	-0.11344439698134698
subj03	session26	330	-0.14184394133561154
subj03	session26	331	-0.00147942474725899
subj03	session26	332	0.5294546490103944
subj03	session26	333	0.2901025202904742
subj03	session26	334	0.5842118752669799
subj03	session26	335	0.5468104798519152
subj03	session26	336	0.5604371351274384
subj03	session26	337	0.35830983910009967
subj03	session26	338	0.5971593336181118
subj03	session26	339	0.026295030613697857
subj03	session26	340	0.2176505766766339
subj03	session26	341	-0.25353267834258864
subj03	session26	342	0.23644881104940907
subj03	session26	343	-0.021828278513455774
subj03	session26	344	0.07530542503203756
subj03	session26	345	0.0050291898049266755
subj03	session26	346	-0.027891214580663518
subj03	session26	347	-0.09966680905595904
subj03	session26	348	0.3799700982486117
subj03	session26	349	0.09819023209454648
subj03	session26	350	0.3572661255873559
subj03	session26	351	0.3310451374056671
subj03	session26	352	0.10219137120888505
subj03	session26	353	-0.2192852057525274
subj03	session26	354	-0.40049266695144525
subj03	session26	355	0.267216289335042
subj03	session26	356	0.4501495087569415
subj03	session26	357	0.27904172006265127
subj03	session26	358	0.762473302007689
subj03	session26	359	0.42724334330058383
subj03	session26	360	0.4817827139399117
subj03	session26	361	0.4334173430158052
subj03	session26	362	0.6132749537234801
subj03	session26	363	0.2376206749252456
subj03	session26	364	-0.029339313683610983
subj03	session26	365	0.07252456215292612
subj03	session26	366	-0.273116901608999
subj03	session26	367	0.5505296881674497
subj03	session26	368	0.49986473017229105
subj03	session26	369	0.17893919977217712
subj03	session26	370	0.2567748825288338
subj03	session26	371	0.8706151217428449
subj03	session26	372	0.7648298447956714
subj03	session26	373	0.4164032464758651
subj03	session26	374	0.0958650149508757
subj03	session26	375	0.3148868005126014
subj03	session26	376	0.12968389577103803
subj03	session26	377	-0.03866296454506622
subj03	session26	378	0.9316958564715933
subj03	session26	379	0.8334999288053538
subj03	session26	380	0.48642318097679055
subj03	session26	381	-0.08265413640894206
subj03	session26	382	-0.029521571977787275
subj03	session26	383	-0.42752242631354126
subj03	session26	384	0.457052541648868
subj03	session26	385	0.16756514310123877
subj03	session26	386	-0.019814893919977195
subj03	session26	387	-0.01440267691869569
subj03	session26	388	-0.3876249466040154
subj03	session26	389	0.2522768047842802
subj03	session26	390	0.4051103517015521
subj03	session26	391	0.30327637761640325
subj03	session26	392	0.2146262281076463
subj03	session26	393	0.9600982486117045
subj03	session26	394	0.8085732592909013
subj03	session26	395	0.4524647586501495
subj03	session26	396	0.46236935782429167
subj03	session26	397	0.29965684180549623
subj03	session26	398	0.22274668944895346
subj03	session26	399	0.5034985049124306
subj03	session26	400	0.24279510180834402
subj03	session26	401	0.29424320091129147
subj03	session26	402	0.4535397978072049
subj03	session26	403	0.07829132849209741
subj03	session26	404	0.00030613697849922374
subj03	session26	405	-0.03149508756941479
subj03	session26	406	-0.14325786700840099
subj03	session26	407	-0.19448668660116764
subj03	session26	408	0.12586359105795245
subj03	session26	409	-0.009110066922967399
subj03	session26	410	0.2262993022924676
subj03	session26	411	0.32411932222696854
subj03	session26	412	0.3653538373914281
subj03	session26	413	0.3786871707247615
subj03	session26	414	-0.008537661967820007
subj03	session26	415	-0.04666666666666669
subj03	session26	416	0.2883311974939485
subj03	session26	417	0.17996867435568847
subj03	session26	418	0.2987213441549195
subj03	session26	419	0.16091983482842093
subj03	session26	420	0.318707105225687
subj03	session26	421	-0.07456784849779297
subj03	session26	422	0.5935341022355118
subj03	session26	423	0.28285775309696715
subj03	session26	424	0.32301865299729465
subj03	session26	425	0.2206307845650007
subj03	session26	426	0.48406663818880813
subj03	session26	427	0.44481275808059234
subj03	session26	428	0.015574540794532242
subj03	session26	429	0.17501779866154066
subj03	session26	430	0.22976078598889363
subj03	session26	431	0.14791257297451232
subj03	session26	432	0.1498661540652143
subj03	session26	433	0.326233803217998
subj03	session26	434	0.8776676633917129
subj03	session26	435	1.0385632920404386
subj03	session26	436	0.5631710095400825
subj03	session26	437	-0.008110494090844373
subj03	session26	438	0.3795685604442546
subj03	session26	439	0.4146376192510324
subj03	session26	440	0.029776448811049426
subj03	session26	441	0.6359205467748825
subj03	session26	442	0.7887199202619962
subj03	session26	443	0.3922654136408943
subj03	session26	444	0.19819735155916277
subj03	session26	445	0.0717072476149793
subj03	session26	446	0.012498932080307569
subj03	session26	447	0.28378043571123446
subj03	session26	448	0.07548768332621388
subj03	session26	449	-0.010119607005553158
subj03	session26	450	0.31601452370781713
subj03	session26	451	0.5262822155773885
subj03	session26	452	0.006001708671507889
subj03	session26	453	0.048502064644738725
subj03	session26	454	0.0709653994019649
subj03	session26	455	0.5674754378470739
subj03	session26	456	0.17099530115335324
subj03	session26	457	-0.01821016659547202
subj03	session26	458	0.2436252313826
subj03	session26	459	0.016061512174284504
subj03	session26	460	-0.0631197493948455
subj03	session26	461	0.23636907304570698
subj03	session26	462	0.5437761640324648
subj03	session26	463	0.18079880392994446
subj03	session26	464	-0.05172006265128862
subj03	session26	465	0.7944069485974655
subj03	session26	466	0.14440694859746545
subj03	session26	467	-0.05286202477573689
subj03	session26	468	0.012899045991741466
subj03	session26	469	0.17963975509041719
subj03	session26	470	-0.09562010536807633
subj03	session26	471	0.05144382742417772
subj03	session26	472	1.0089904599174142
subj03	session26	473	0.9707660543927097
subj03	session26	474	0.28600170867150787
subj03	session26	475	-0.0037690445678484935
subj03	session26	476	-0.005292609995728303
subj03	session26	477	0.30345294033888653
subj03	session26	478	0.3356870283354692
subj03	session26	479	-0.21395272675494803
subj03	session26	480	-0.03728463619535812
subj03	session26	481	0.23017371493663677
subj03	session26	482	0.023871564858322664
subj03	session26	483	0.04747116616830411
subj03	session26	484	-0.06469030328919265
subj03	session26	485	0.42221700128150363
subj03	session26	486	0.6616403246475865
subj03	session26	487	0.032602876263705
subj03	session26	488	0.4103844510892781
subj03	session26	489	0.4871109212587214
subj03	session26	490	0.35760928378185963
subj03	session26	491	0.45918838103374626
subj03	session26	492	0.15580663534102235
subj03	session26	493	0.27442830699131426
subj03	session26	494	0.021926527125160186
subj03	session26	495	-0.25678057810052685
subj03	session26	496	-0.10996582656984198
subj03	session26	497	0.26592197066780576
subj03	session26	498	0.38951018083440125
subj03	session26	499	0.7766025914851203
subj03	session26	500	0.08858892211305706
subj03	session26	501	0.16565712658408088
subj03	session26	502	0.06676064359960132
subj03	session26	503	0.05958991883810338
subj03	session26	504	0.4907432721059376
subj03	session26	505	0.5257126584080878
subj03	session26	506	0.6967165029189802
subj03	session26	507	0.11450946888793966
subj03	session26	508	-0.2700213583938488
subj03	session26	509	-0.3860387298875125
subj03	session26	510	-0.045833689306564125
subj03	session26	511	0.15990744695998863
subj03	session26	512	0.4490046988466467
subj03	session26	513	0.1455275523280649
subj03	session26	514	0.06801366937206323
subj03	session26	515	0.4390089705254165
subj03	session26	516	0.659807774455361
subj03	session26	517	0.7241036594048127
subj03	session26	518	1.1878499216858893
subj03	session26	519	0.6426313541221701
subj03	session26	520	0.44176989890360246
subj03	session26	521	0.19970952584365653
subj03	session26	522	0.3978670084009682
subj03	session26	523	0.0855304001139114
subj03	session26	524	0.006104228961982055
subj03	session26	525	0.31939342161469453
subj03	session26	526	0.27940766054392707
subj03	session26	527	0.6350704826997011
subj03	session26	528	0.10816033034315821
subj03	session26	529	-0.21708813897194934
subj03	session26	530	-0.475641463761925
subj03	session26	531	-0.25370069770753245
subj03	session26	532	-0.2369215434999288
subj03	session26	533	0.28847073900042713
subj03	session26	534	0.16245621529261
subj03	session26	535	0.29451801224547913
subj03	session26	536	0.5063192367933931
subj03	session26	537	0.2894774312971664
subj03	session26	538	0.5410308984764346
subj03	session26	539	0.33133703545493376
subj03	session26	540	0.057300299017513844
subj03	session26	541	0.017028335469172724
subj03	session26	542	-0.11715363804641889
subj03	session26	543	-0.23304285917698986
subj03	session26	544	0.2883240780293322
subj03	session26	545	0.21680905595899186
subj03	session26	546	0.046584080877118045
subj03	session26	547	-0.5850662110209311
subj03	session26	548	-0.41180976790545354
subj03	session26	549	0.035622953153922804
subj03	session26	550	0.9641691584792823
subj03	session26	551	1.1122995870710524
subj03	session26	552	0.5803816033034315
subj03	session26	553	0.5967236223835967
subj03	session26	554	0.23027765912003414
subj03	session26	555	0.19989036024490958
subj03	session26	556	0.4225231382600029
subj03	session26	557	0.4066581233091271
subj03	session26	558	0.4738729887512459
subj03	session26	559	0.8432678342588636
subj03	session26	560	0.6939911718638759
subj03	session26	561	0.522382172860601
subj03	session26	562	-0.13637904029616973
subj03	session26	563	0.7663904314395557
subj03	session26	564	0.4990516873131141
subj03	session26	565	0.2959333618111918
subj03	session26	566	0.32558450804499506
subj03	session26	567	0.23073045706962841
subj03	session26	568	0.32749394845507623
subj03	session26	569	0.3587711804072334
subj03	session26	570	0.9677730314680337
subj03	session26	571	0.2586003132564431
subj03	session26	572	0.5177203474298734
subj03	session26	573	0.6897864160615121
subj03	session26	574	-0.07547771607575107
subj03	session26	575	0.4408073472874839
subj03	session26	576	-0.029470311832550184
subj03	session26	577	0.3453153922825004
subj03	session26	578	0.4936978499216859
subj03	session26	579	0.4621087854193364
subj03	session26	580	-0.1935141677345864
subj03	session26	581	0.6295600170867152
subj03	session26	582	0.4958379609853339
subj03	session26	583	0.2797123736295031
subj03	session26	584	0.36614694574967965
subj03	session26	585	0.5694688879396269
subj03	session26	586	0.1962124448241492
subj03	session26	587	-0.19035882101665957
subj03	session26	588	-0.20342731026626798
subj03	session26	589	-0.11892211305709813
subj03	session26	590	-0.24547629218282788
subj03	session26	591	-0.3697550904172006
subj03	session26	592	-0.27148939199772176
subj03	session26	593	-0.0669813470027054
subj03	session26	594	0.20351701552043283
subj03	session26	595	-0.020226398974797093
subj03	session26	596	0.20860031325644313
subj03	session26	597	-0.04387298875124589
subj03	session26	598	0.03227110921258722
subj03	session26	599	-0.13312686885946176
subj03	session26	600	0.16881389719493095
subj03	session26	601	-0.07356258009397691
subj03	session26	602	0.2732066068631639
subj03	session26	603	0.3760729033176705
subj03	session26	604	0.7082998718496369
subj03	session26	605	0.4662864872561584
subj03	session26	606	-0.03011106364801366
subj03	session26	607	-0.2888509184109355
subj03	session26	608	-0.46194646162608566
subj03	session26	609	-0.054572120176562725
subj03	session26	610	0.5980649295173004
subj03	session26	611	0.534788551900897
subj03	session26	612	0.28413213726327785
subj03	session26	613	0.3071977787270397
subj03	session26	614	0.4872191371208885
subj03	session26	615	0.2297095258436565
subj03	session26	616	0.5805254164886802
subj03	session26	617	0.4119607005553183
subj03	session26	618	0.13896198205894914
subj03	session26	619	0.4971237362950306
subj03	session26	620	0.6455788124733021
subj03	session26	621	0.41763633774740144
subj03	session26	622	0.24238502064644743
subj03	session26	623	0.7459604157767336
subj03	session26	624	0.5975850776021643
subj03	session26	625	0.26628648725615833
subj03	session26	626	0.6152142958849494
subj03	session26	627	0.6766908728463619
subj03	session26	628	0.4486615406521429
subj03	session26	629	0.6244639043143955
subj03	session26	630	0.6105638615976079
subj03	session26	631	0.033250747543784695
subj03	session26	632	0.31238074896767765
subj03	session26	633	0.4143613840239214
subj03	session26	634	0.5264901039441834
subj03	session26	635	0.6194489534387014
subj03	session26	636	0.8558322654136409
subj03	session26	637	0.7740623665100385
subj03	session26	638	0.1933618111917984
subj03	session26	639	-0.052770895628648735
subj03	session26	640	-0.31053395984621956
subj03	session26	641	-0.11893635198633062
subj03	session26	642	-0.06368361099245336
subj03	session26	643	0.4565541791257297
subj03	session26	644	0.29604015378043574
subj03	session26	645	-0.09983482842090272
subj03	session26	646	0.2153054250320376
subj03	session26	647	0.11927239071621816
subj03	session26	648	0.17257155061939342
subj03	session26	649	-0.164725900612274
subj03	session26	650	-0.023695002135839385
subj03	session26	651	0.21450662110209312
subj03	session26	652	-0.2140011391143386
subj03	session26	653	0.04295884949451804
subj03	session26	654	0.25724334330058374
subj03	session26	655	0.1808628791114908
subj03	session26	656	0.22694432578670082
subj03	session26	657	0.0194190516873131
subj03	session26	658	-0.09031325644311543
subj03	session26	659	-0.05244767193507046
subj03	session26	660	0.047733162466182526
subj03	session26	661	0.4176619678200199
subj03	session26	662	0.7696796240922683
subj03	session26	663	0.7644895343870142
subj03	session26	664	0.6693521287199202
subj03	session26	665	0.4334515164459633
subj03	session26	666	0.43742560159476007
subj03	session26	667	0.11011391143386011
subj03	session26	668	0.11771892353695004
subj03	session26	669	0.05081446675210023
subj03	session26	670	0.10318524846931511
subj03	session26	671	0.1506450234942332
subj03	session26	672	-0.12112060373059949
subj03	session26	673	0.24442688309839097
subj03	session26	674	0.4422141534956571
subj03	session26	675	0.34991456642460483
subj03	session26	676	0.24038729887512464
subj03	session26	677	0.3636380464189093
subj03	session26	678	0.17342731026626795
subj03	session26	679	0.06479567136551329
subj03	session26	680	-0.04826569841947886
subj03	session26	681	0.21451089278086286
subj03	session26	682	0.593421614694575
subj03	session26	683	0.35918553324789976
subj03	session26	684	0.47595899188381025
subj03	session26	685	0.34616688025060516
subj03	session26	686	0.14001281503630927
subj03	session26	687	-0.1419436138402392
subj03	session26	688	0.5101124875409369
subj03	session26	689	0.7039427595044851
subj03	session26	690	1.1276092837818597
subj03	session26	691	0.5850035597323081
subj03	session26	692	0.17775879253880109
subj03	session26	693	0.24256015947600743
subj03	session26	694	0.5907660543927097
subj03	session26	695	0.7731667378613127
subj03	session26	696	0.26873415919122884
subj03	session26	697	0.5052057525274098
subj03	session26	698	0.353648013669372
subj03	session26	699	0.381626085718354
subj03	session26	700	-0.016959988608856606
subj03	session26	701	-0.4699971522141535
subj03	session26	702	-0.17070197921116328
subj03	session26	703	-0.009468887939626948
subj03	session26	704	-0.251309981489392
subj03	session26	705	-0.3080549622668376
subj03	session26	706	-0.19151359817741703
subj03	session26	707	-0.4133119749394845
subj03	session26	708	-0.21453652285348143
subj03	session26	709	-0.006285063363235105
subj03	session26	710	0.3112544496653852
subj03	session26	711	0.8286643884379894
subj03	session26	712	0.8259319379182686
subj03	session26	713	0.6746005980350278
subj03	session26	714	0.7858650149508757
subj03	session26	715	0.4521913712088851
subj03	session26	716	0.5410821586216716
subj03	session26	717	0.34975936209597036
subj03	session26	718	0.6703403104086572
subj03	session26	719	-0.12197351559162749
subj03	session26	720	0.15178129004698843
subj03	session26	721	0.2755346717926812
subj03	session26	722	0.44457354406948596
subj03	session26	723	0.13333475722625657
subj03	session26	724	0.3504100811618966
subj03	session26	725	0.5054691727182116
subj03	session26	726	0.37667236223835965
subj03	session26	727	0.3964516588352556
subj03	session26	728	-0.1684422611419621
subj03	session26	729	0.057720347429873274
subj03	session26	730	-0.1143528406663819
subj03	session26	731	-0.12511604727324505
subj03	session26	732	-0.23342303858749824
subj03	session26	733	0.04465755375195784
subj03	session26	734	-0.11643030044140683
subj03	session26	735	-0.06507333048554746
subj03	session26	736	-0.007190659262423506
subj03	session26	737	-0.2159034600598035
subj03	session26	738	0.6194987896910152
subj03	session26	739	0.18332336608287056
subj03	session26	740	0.12926384735867863
subj03	session26	741	0.0514609141392567
subj03	session26	742	0.2935483411647444
subj03	session26	743	0.3450690588067777
subj03	session26	744	0.44194930941193217
subj03	session26	745	0.45275380891356964
subj03	session26	746	1.236414637619251
subj03	session26	747	1.3311661683041436
subj03	session26	748	0.8880364516588353
subj03	session26	749	-0.09516873131140537
subj03	session27	0	0.15899188381033746
subj03	session27	1	0.23480706250889935
subj03	session27	2	0.004045279794959424
subj03	session27	3	-0.002691157624946609
subj03	session27	4	-0.18590203616688028
subj03	session27	5	-0.2505553182400683
subj03	session27	6	0.10667093834543645
subj03	session27	7	0.26827424177701836
subj03	session27	8	0.18335611562010537
subj03	session27	9	0.4493321942189948
subj03	session27	10	0.1987398547629218
subj03	session27	11	0.25430585219991453
subj03	session27	12	0.26723195215719775
subj03	session27	13	0.6476833262138687
subj03	session27	14	0.08181688737006974
subj03	session27	15	-0.12819735155916276
subj03	session27	16	0.1109312259718069
subj03	session27	17	0.10240210736152641
subj03	session27	18	0.10021927951018082
subj03	session27	19	-0.08162608571835399
subj03	session27	20	0.23571693008685746
subj03	session27	21	0.047538089135696994
subj03	session27	22	0.7450676349138545
subj03	session27	23	1.0712629930229247
subj03	session27	24	0.6635782429161327
subj03	session27	25	0.2677673358963406
subj03	session27	26	0.028170297593620955
subj03	session27	27	-0.17584508044995015
subj03	session27	28	0.30874555033461476
subj03	session27	29	0.6648084864018226
subj03	session27	30	0.18674782856329208
subj03	session27	31	0.09227110921258722
subj03	session27	32	0.3049665385163035
subj03	session27	33	0.4712601452370782
subj03	session27	34	0.09273672219849069
subj03	session27	35	0.022298163178129025
subj03	session27	36	0.01868005126014522
subj03	session27	37	0.020961127723195208
subj03	session27	38	0.10046988466467324
subj03	session27	39	0.08454364231809769
subj03	session27	40	-0.1458521999145664
subj03	session27	41	0.2929659689591343
subj03	session27	42	0.5241178983340452
subj03	session27	43	0.04172291043713512
subj03	session27	44	0.406092837818596
subj03	session27	45	0.7905709810622242
subj03	session27	46	0.2531752812188523
subj03	session27	47	-0.16535383739142817
subj03	session27	48	0.3651573401680193
subj03	session27	49	-0.11198063505624378
subj03	session27	50	-0.3190018510608002
subj03	session27	51	0.04685177274668946
subj03	session27	52	0.003588210166595426
subj03	session27	53	0.4759661113484266
subj03	session27	54	0.9217328776875979
subj03	session27	55	0.8163092695429304
subj03	session27	56	0.4601964972234088
subj03	session27	57	0.19337747401395416
subj03	session27	58	0.3186828990459918
subj03	session27	59	0.7024789975793819
subj03	session27	60	0.9074298732735298
subj03	session27	61	1.0737904029616974
subj03	session27	62	0.6217741705823722
subj03	session27	63	0.3469016089990033
subj03	session27	64	0.5135056243770469
subj03	session27	65	0.7122725331055106
subj03	session27	66	0.5604143528406663
subj03	session27	67	0.797679054535099
subj03	session27	68	0.3698291328492097
subj03	session27	69	0.3387370069770753
subj03	session27	70	0.28118040723337606
subj03	session27	71	0.3581090701979211
subj03	session27	72	0.46660401537804364
subj03	session27	73	0.7403417343015805
subj03	session27	74	0.6781788409511605
subj03	session27	75	0.3812601452370782
subj03	session27	76	-0.25906450234942335
subj03	session27	77	-0.34244909582799377
subj03	session27	78	-0.1819436138402392
subj03	session27	79	0.23135696995585933
subj03	session27	80	-0.29212160045564567
subj03	session27	81	-0.36277231952157196
subj03	session27	82	-0.3648583226541364
subj03	session27	83	-0.510474156343443
subj03	session27	84	0.05013242204186245
subj03	session27	85	-0.02903744838388155
subj03	session27	86	0.0985533247899758
subj03	session27	87	-0.18713370354549336
subj03	session27	88	0.31986188238644453
subj03	session27	89	0.6799814893919977
subj03	session27	90	0.8697821443827424
subj03	session27	91	0.895837960985334
subj03	session27	92	1.058933504200484
subj03	session27	93	0.4017399971522141
subj03	session27	94	-0.06581802648440839
subj03	session27	95	0.43531681617542356
subj03	session27	96	0.4884209027481134
subj03	session27	97	0.41526128435141685
subj03	session27	98	0.5178371066495799
subj03	session27	99	0.22334757226256585
subj03	session27	100	0.4334543642318097
subj03	session27	101	0.12089278086287913
subj03	session27	102	-0.014069485974654718
subj03	session27	103	0.08720632208457921
subj03	session27	104	0.3522469030328919
subj03	session27	105	0.3975039157055389
subj03	session27	106	0.2646575537519578
subj03	session27	107	0.23522711092125875
subj03	session27	108	-0.434105083297736
subj03	session27	109	-0.01276092837818601
subj03	session27	110	-0.09575252740993878
subj03	session27	111	-0.263133988324078
subj03	session27	112	0.296408942047558
subj03	session27	113	0.5652029047415634
subj03	session27	114	0.7724177701836822
subj03	session27	115	0.3280321799800655
subj03	session27	116	0.4363192367933932
subj03	session27	117	0.7948640182258294
subj03	session27	118	0.4914295884949452
subj03	session27	119	-0.0981517869856187
subj03	session27	120	0.014251744268830989
subj03	session27	121	-0.2525772461910864
subj03	session27	122	-0.16935640039869002
subj03	session27	123	0.12258151786985615
subj03	session27	124	0.20380321799800655
subj03	session27	125	0.30482557311690156
subj03	session27	126	0.4852313826000285
subj03	session27	127	0.5253196639612701
subj03	session27	128	-0.04419051687313115
subj03	session27	129	0.2631681617542361
subj03	session27	130	0.43222269685319664
subj03	session27	131	0.6453680763206607
subj03	session27	132	0.5925117471166168
subj03	session27	133	0.37063363235084723
subj03	session27	134	-0.2059134273102663
subj03	session27	135	0.20930798803929945
subj03	session27	136	-0.06399686743556884
subj03	session27	137	0.5202577246191086
subj03	session27	138	0.2980079738003702
subj03	session27	139	0.3022013384593478
subj03	session27	140	0.2115093264986473
subj03	session27	141	0.37071621814039585
subj03	session27	142	0.38598746974227544
subj03	session27	143	0.10669656841805496
subj03	session27	144	0.16228250035597322
subj03	session27	145	0.5302819307988039
subj03	session27	146	0.6457867008400968
subj03	session27	147	0.24899330770326075
subj03	session27	148	0.4196169728036451
subj03	session27	149	0.4811448099102947
subj03	session27	150	-0.026474441122027632
subj03	session27	151	-0.1457966680905596
subj03	session27	152	-0.19641890929802075
subj03	session27	153	-0.14502776591200342
subj03	session27	154	0.1547700412928948
subj03	session27	155	0.1463648013669372
subj03	session27	156	0.0418695714082301
subj03	session27	157	0.4703830271963549
subj03	session27	158	0.585900612273957
subj03	session27	159	-0.00824861170439983
subj03	session27	160	-0.40411505054819874
subj03	session27	161	-0.23768332621386876
subj03	session27	162	-0.24371636052968815
subj03	session27	163	0.01966538516303574
subj03	session27	164	0.1305510465612986
subj03	session27	165	-0.06731880962551616
subj03	session27	166	0.17497508187384309
subj03	session27	167	0.4929631211732878
subj03	session27	168	0.6922312402107361
subj03	session27	169	0.4213498504912431
subj03	session27	170	0.5204784280222128
subj03	session27	171	0.021754236081446696
subj03	session27	172	0.30937348711376905
subj03	session27	173	0.5379111490815891
subj03	session27	174	0.3272689733732023
subj03	session27	175	0.16790545350989608
subj03	session27	176	0.15722910437135126
subj03	session27	177	0.5534458208742703
subj03	session27	178	0.8655047700412929
subj03	session27	179	0.5510508329773601
subj03	session27	180	0.6424946604015377
subj03	session27	181	0.459864730172291
subj03	session27	182	0.28300156628221557
subj03	session27	183	0.542619962978784
subj03	session27	184	0.09407375765342448
subj03	session27	185	-0.08658265698419479
subj03	session27	186	-0.009863306279367798
subj03	session27	187	-0.01284493806065785
subj03	session27	188	0.18242488964829842
subj03	session27	189	0.31329773601025207
subj03	session27	190	0.5386102805069058
subj03	session27	191	0.06114765769614124
subj03	session27	192	0.3641449522995871
subj03	session27	193	0.5599487398547629
subj03	session27	194	0.5377374341449522
subj03	session27	195	0.38669372063220847
subj03	session27	196	0.3078228677203475
subj03	session27	197	0.5582172860600882
subj03	session27	198	0.1354506621102093
subj03	session27	199	-0.2014922397835683
subj03	session27	200	-0.04277516730741848
subj03	session27	201	-0.055341022355118875
subj03	session27	202	0.0968289904599174
subj03	session27	203	-0.15933646589776448
subj03	session27	204	-0.30000284778584646
subj03	session27	205	0.049461768475010666
subj03	session27	206	0.018840951160472713
subj03	session27	207	0.06780293321942187
subj03	session27	208	-0.10202904741563436
subj03	session27	209	0.48819307988039307
subj03	session27	210	0.6636152641321373
subj03	session27	211	0.47164032464758654
subj03	session27	212	0.8125587355830842
subj03	session27	213	0.6336095685604441
subj03	session27	214	0.7670041292894775
subj03	session27	215	1.2037747401395416
subj03	session27	216	0.9819507333048556
subj03	session27	217	0.4941648868005127
subj03	session27	218	0.5047486828990461
subj03	session27	219	0.47826142674070904
subj03	session27	220	0.09175138829560016
subj03	session27	221	-0.06480136693720631
subj03	session27	222	-0.06797095258436568
subj03	session27	223	-0.154421187526698
subj03	session27	224	-0.5162651288623096
subj03	session27	225	-0.466193934216147
subj03	session27	226	-0.2703132564431155
subj03	session27	227	0.22429588494945177
subj03	session27	228	0.16165029189804925
subj03	session27	229	0.02021073615264132
subj03	session27	230	-0.19104656129859035
subj03	session27	231	-0.15277659120034173
subj03	session27	232	0.20171436707959564
subj03	session27	233	0.33680051260145233
subj03	session27	234	0.5636935782429161
subj03	session27	235	0.8641321372632779
subj03	session27	236	0.39734159191228824
subj03	session27	237	0.16030613697849921
subj03	session27	238	0.24991314253168165
subj03	session27	239	0.2009112914708814
subj03	session27	240	0.049967250462765206
subj03	session27	241	0.5333618111917984
subj03	session27	242	0.30779011818311264
subj03	session27	243	0.13029901751388295
subj03	session27	244	-0.09129716645308274
subj03	session27	245	0.36491670226398976
subj03	session27	246	0.39727609283781856
subj03	session27	247	0.6245279794959419
subj03	session27	248	0.14487256158336892
subj03	session27	249	0.0956799088708529
subj03	session27	250	0.5714950875694147
subj03	session27	251	0.4911362665527552
subj03	session27	252	0.5454065214295885
subj03	session27	253	0.10331909440410084
subj03	session27	254	0.23187099530115338
subj03	session27	255	0.04653566851772744
subj03	session27	256	0.4016631069343585
subj03	session27	257	0.29282357966680905
subj03	session27	258	0.4628164602021928
subj03	session27	259	0.48969955859319375
subj03	session27	260	0.02446105652854907
subj03	session27	261	-0.14658408087711802
subj03	session27	262	0.012743841663106926
subj03	session27	263	0.07508756941478
subj03	session27	264	0.4562309554321515
subj03	session27	265	0.40341591912288194
subj03	session27	266	0.36317100954008263
subj03	session27	267	0.6933048554748683
subj03	session27	268	0.06702263989747972
subj03	session27	269	-0.08201053680763207
subj03	session27	270	-0.11688167449807775
subj03	session27	271	0.029691015235654306
subj03	session27	272	0.34021500783141106
subj03	session27	273	0.21443542645593053
subj03	session27	274	0.5725929090132422
subj03	session27	275	0.00589349280934072
subj03	session27	276	0.18655275523280646
subj03	session27	277	0.19321515022070343
subj03	session27	278	-0.2541648868005126
subj03	session27	279	0.13124733020076892
subj03	session27	280	-0.02676918695714081
subj03	session27	281	0.44144952299587076
subj03	session27	282	0.23790972518866582
subj03	session27	283	0.27850064075181546
subj03	session27	284	0.5583212302434858
subj03	session27	285	0.46121742844938063
subj03	session27	286	0.3323679339313683
subj03	session27	287	0.4063277801509327
subj03	session27	288	0.685634344297309
subj03	session27	289	0.06404100811618967
subj03	session27	290	0.24183682187099534
subj03	session27	291	-0.2086658123309127
subj03	session27	292	-0.27046276520005696
subj03	session27	293	-0.14854193364658982
subj03	session27	294	-0.18437562295315396
subj03	session27	295	-0.3089662537377189
subj03	session27	296	-0.027573686458778328
subj03	session27	297	0.20680478428022211
subj03	session27	298	0.3505866438843799
subj03	session27	299	-0.317374341449523
subj03	session27	300	0.3852783710664958
subj03	session27	301	0.37833831695856474
subj03	session27	302	0.6650747543784707
subj03	session27	303	0.3311889505909155
subj03	session27	304	0.827081019507333
subj03	session27	305	0.2041463761925103
subj03	session27	306	-0.3312601452370782
subj03	session27	307	0.004374199060230662
subj03	session27	308	0.6018667236223836
subj03	session27	309	1.0853581090701978
subj03	session27	310	0.5094703118325502
subj03	session27	311	0.620740424320091
subj03	session27	312	-0.009498789691015228
subj03	session27	313	0.23950448526270823
subj03	session27	314	0.2738331197493949
subj03	session27	315	0.48208315534671803
subj03	session27	316	0.7933404527979496
subj03	session27	317	1.0299530115335327
subj03	session27	318	0.2560273387441264
subj03	session27	319	0.011573401680193638
subj03	session27	320	0.6080364516588352
subj03	session27	321	0.7852769471735725
subj03	session27	322	0.6818140395842233
subj03	session27	323	0.04026769186957142
subj03	session27	324	-0.0007005553182400625
subj03	session27	325	-0.06713939911718639
subj03	session27	326	0.18596183966965685
subj03	session27	327	0.051351274384166326
subj03	session27	328	-0.1492325217143671
subj03	session27	329	0.031492239783568264
subj03	session27	330	-0.2130058379609853
subj03	session27	331	0.33773885803787557
subj03	session27	332	-0.10973373202335182
subj03	session27	333	-0.056838957710380195
subj03	session27	334	-0.07597750249181262
subj03	session27	335	-0.022587213441549195
subj03	session27	336	0.17632493236508615
subj03	session27	337	-0.057374341449523
subj03	session27	338	0.11055674213299158
subj03	session27	339	-0.1348113341876691
subj03	session27	340	0.2729132849209739
subj03	session27	341	0.8398946319236794
subj03	session27	342	1.1227167876975652
subj03	session27	343	0.6027438416631069
subj03	session27	344	0.2318268546205325
subj03	session27	345	-0.07558450804499504
subj03	session27	346	0.018923536950021358
subj03	session27	347	0.5113939911718638
subj03	session27	348	0.29331909440410087
subj03	session27	349	-0.04171009540082587
subj03	session27	350	0.27797522426313537
subj03	session27	351	0.3916787697565143
subj03	session27	352	0.30790545350989607
subj03	session27	353	0.10292325217143672
subj03	session27	354	0.1508543357539513
subj03	session27	355	0.28617115192937487
subj03	session27	356	0.42004841235939055
subj03	session27	357	0.34776164032464757
subj03	session27	358	0.350439982913285
subj03	session27	359	0.461174711661683
subj03	session27	360	0.15753666524277374
subj03	session27	361	0.26812473302007694
subj03	session27	362	0.30538089135696994
subj03	session27	363	0.7058450804499503
subj03	session27	364	-0.06968531966396124
subj03	session27	365	-0.25776591200341736
subj03	session27	366	-0.33335042004841237
subj03	session27	367	0.3505738288480706
subj03	session27	368	0.05833262138687171
subj03	session27	369	0.12958564715933357
subj03	session27	370	-0.02590630784565001
subj03	session27	371	-0.02933077032607149
subj03	session27	372	0.42718496369073045
subj03	session27	373	0.7747016944325786
subj03	session27	374	0.39085860743272105
subj03	session27	375	0.143240780293322
subj03	session27	376	0.21485262708244335
subj03	session27	377	0.5058279937348712
subj03	session27	378	0.6816759219706677
subj03	session27	379	0.8429958707105227
subj03	session27	380	0.09744553609568563
subj03	session27	381	0.6972148654421189
subj03	session27	382	0.42338744126441696
subj03	session27	383	0.3086373344724477
subj03	session27	384	0.08979780720489816
subj03	session27	385	-0.2885504770041293
subj03	session27	386	-0.042810764630499785
subj03	session27	387	0.03676064359960132
subj03	session27	388	0.10766481560586647
subj03	session27	389	0.009887512459063077
subj03	session27	390	0.14310551046561304
subj03	session27	391	0.24071337035454934
subj03	session27	392	0.24521856756371918
subj03	session27	393	0.23951587640609429
subj03	session27	394	0.15073757653424466
subj03	session27	395	0.4316759219706679
subj03	session27	396	0.23045706962836396
subj03	session27	397	0.48232236935782424
subj03	session27	398	0.7167848497792966
subj03	session27	399	0.5935953296312116
subj03	session27	400	0.6357368645877829
subj03	session27	401	0.4880905595899188
subj03	session27	402	0.3023223693578243
subj03	session27	403	0.35408372490388723
subj03	session27	404	0.47026199629787835
subj03	session27	405	-0.02832550192225545
subj03	session27	406	-0.4851103517015521
subj03	session27	407	-0.6493008685746832
subj03	session27	408	0.1537348711376904
subj03	session27	409	0.07201338459347854
subj03	session27	410	0.14635768190232093
subj03	session27	411	0.18109782144382738
subj03	session27	412	0.03739854762921826
subj03	session27	413	0.10136978499216862
subj03	session27	414	-0.12559162750961128
subj03	session27	415	0.13621102093122597
subj03	session27	416	0.11477288907874125
subj03	session27	417	0.4979467464046703
subj03	session27	418	0.4252513171009541
subj03	session27	419	0.14863733447244767
subj03	session27	420	0.15246903032891926
subj03	session27	421	0.18511889505909154
subj03	session27	422	0.12470881389719493
subj03	session27	423	0.23898476434572122
subj03	session27	424	0.21656699416203903
subj03	session27	425	0.264048127580806
subj03	session27	426	-0.2525174426883099
subj03	session27	427	0.2569101523565428
subj03	session27	428	0.43886373344724483
subj03	session27	429	0.13991314253168163
subj03	session27	430	0.4874398405239926
subj03	session27	431	0.7838017941050833
subj03	session27	432	0.7677730314680336
subj03	session27	433	0.5800640751815463
subj03	session27	434	0.4194361384023922
subj03	session27	435	0.6802790830129574
subj03	session27	436	0.3141606151217428
subj03	session27	437	0.12802933219421897
subj03	session27	438	0.43826285063363235
subj03	session27	439	0.5080122454791399
subj03	session27	440	0.44228961982058945
subj03	session27	441	0.10313398832407805
subj03	session27	442	0.004488110494090842
subj03	session27	443	0.057334472447671925
subj03	session27	444	0.47380179410508333
subj03	session27	445	0.463935640039869
subj03	session27	446	0.33998576107076744
subj03	session27	447	0.5659760785988893
subj03	session27	448	0.7342033319094404
subj03	session27	449	0.0824832692581518
subj03	session27	450	0.18805638615976075
subj03	session27	451	0.06338601737149369
subj03	session27	452	0.17199060230670654
subj03	session27	453	0.05962978783995442
subj03	session27	454	-0.14517727466894487
subj03	session27	455	-0.016292182827851345
subj03	session27	456	0.11233660828705683
subj03	session27	457	0.07533675067634914
subj03	session27	458	-0.15853196639612702
subj03	session27	459	0.13815178698561864
subj03	session27	460	0.3737562295315392
subj03	session27	461	0.5085106080022782
subj03	session27	462	0.10646162608571835
subj03	session27	463	0.06886088566139827
subj03	session27	464	-0.22984764345721198
subj03	session27	465	0.10509753666524278
subj03	session27	466	0.4823522711092125
subj03	session27	467	0.38086145521856757
subj03	session27	468	0.2860301865299729
subj03	session27	469	0.5060572404955148
subj03	session27	470	0.2630271963548341
subj03	session27	471	0.3440723337605012
subj03	session27	472	-0.17877545208600315
subj03	session27	473	0.018549053111206092
subj03	session27	474	0.12317385732592907
subj03	session27	475	0.3926356258009398
subj03	session27	476	0.10081873843087001
subj03	session27	477	0.26454221842517445
subj03	session27	478	0.7876021643172433
subj03	session27	479	1.0112160045564573
subj03	session27	480	0.5258564715933363
subj03	session27	481	0.1846945749679624
subj03	session27	482	0.44509753666524277
subj03	session27	483	0.03498647301722912
subj03	session27	484	0.15391000996725043
subj03	session27	485	-0.08821870995301152
subj03	session27	486	0.28137405667093834
subj03	session27	487	0.17970240637904034
subj03	session27	488	0.30005553182400685
subj03	session27	489	0.29031325644311545
subj03	session27	490	-0.37207603588210164
subj03	session27	491	-0.09333048554748681
subj03	session27	492	-0.038222981631781276
subj03	session27	493	0.13924248896482985
subj03	session27	494	0.37798661540652145
subj03	session27	495	0.6405368076320662
subj03	session27	496	0.4929503061369785
subj03	session27	497	0.34242773743414495
subj03	session27	498	0.38681617542360813
subj03	session27	499	0.4956585504770041
subj03	session27	500	0.8152769471735726
subj03	session27	501	0.43409511604727324
subj03	session27	502	0.5572476149793536
subj03	session27	503	0.8585405097536665
subj03	session27	504	0.41243200911291467
subj03	session27	505	0.4270126726470169
subj03	session27	506	0.33076747828563297
subj03	session27	507	0.31756514310123884
subj03	session27	508	-0.3048355403673644
subj03	session27	509	-0.3753452940338886
subj03	session27	510	-0.47419194076605437
subj03	session27	511	-0.26800654990744693
subj03	session27	512	-0.2084636195358109
subj03	session27	513	0.0033860173714936677
subj03	session27	514	0.5656699416203903
subj03	session27	515	0.3168503488537662
subj03	session27	516	-0.022084579239641175
subj03	session27	517	0.2226413213726328
subj03	session27	518	0.7179367791542076
subj03	session27	519	0.904596326356258
subj03	session27	520	0.45509326498647307
subj03	session27	521	0.09142816460202194
subj03	session27	522	0.3049522995870711
subj03	session27	523	0.06430015662822154
subj03	session27	524	0.5254236081446676
subj03	session27	525	0.25932507475437844
subj03	session27	526	0.24195927666239503
subj03	session27	527	0.46164174854050977
subj03	session27	528	0.24203759077317386
subj03	session27	529	0.23573686458778295
subj03	session27	530	-0.07074327210593766
subj03	session27	531	0.13335611562010538
subj03	session27	532	0.11002990175138831
subj03	session27	533	-0.2305368076320661
subj03	session27	534	0.2622369357824292
subj03	session27	535	0.641090701979211
subj03	session27	536	0.5933447244767195
subj03	session27	537	0.5206122739569984
subj03	session27	538	0.7557582229816318
subj03	session27	539	0.5368389577103801
subj03	session27	540	1.1139897479709528
subj03	session27	541	0.5369728036451659
subj03	session27	542	0.1567933931368361
subj03	session27	543	-0.2090588067777303
subj03	session27	544	-0.361993450092553
subj03	session27	545	-0.7788850918410936
subj03	session27	546	-0.18102235511889503
subj03	session27	547	0.0036195358109070014
subj03	session27	548	0.3891186102805068
subj03	session27	549	0.3627708956286487
subj03	session27	550	0.6300897052541649
subj03	session27	551	0.3222113057098106
subj03	session27	552	-0.07522141534956571
subj03	session27	553	0.32492097394275954
subj03	session27	554	0.1596212444824149
subj03	session27	555	0.12818738430869994
subj03	session27	556	-0.19767763064217572
subj03	session27	557	0.035671365513313374
subj03	session27	558	0.2745635768190232
subj03	session27	559	0.5100484123593906
subj03	session27	560	0.2518225829417628
subj03	session27	561	0.24043001566282216
subj03	session27	562	0.35671080734728744
subj03	session27	563	0.44014666097109495
subj03	session27	564	0.5596725046276521
subj03	session27	565	0.7662366510038445
subj03	session27	566	0.4235483411647444
subj03	session27	567	0.466092837818596
subj03	session27	568	0.717679054535099
subj03	session27	569	0.7403018652997294
subj03	session27	570	0.30864160615121744
subj03	session27	571	0.3183112629930229
subj03	session27	572	0.2925444966538516
subj03	session27	573	-0.03831268688594619
subj03	session27	574	-0.03572547344439697
subj03	session27	575	-0.1507973800370212
subj03	session27	576	-0.28170724761497934
subj03	session27	577	-0.11913284920973942
subj03	session27	578	-0.30179695286914426
subj03	session27	579	-0.100999572832123
subj03	session27	580	0.17643030044140678
subj03	session27	581	0.36996440267691866
subj03	session27	582	0.9274127865584506
subj03	session27	583	0.5420489819165598
subj03	session27	584	1.0583525558877973
subj03	session27	585	-0.17330770326071482
subj03	session27	586	0.11720916987042576
subj03	session27	587	0.6518596041577674
subj03	session27	588	0.19891214580663538
subj03	session27	589	0.1623622383596753
subj03	session27	590	0.015084721628933515
subj03	session27	591	0.08268261426740711
subj03	session27	592	0.008546205325359523
subj03	session27	593	0.29575537519578526
subj03	session27	594	0.0816588352555888
subj03	session27	595	0.06786416061512174
subj03	session27	596	0.34201623237932516
subj03	session27	597	0.16735298305567423
subj03	session27	598	0.36141677345863593
subj03	session27	599	0.3429930229246761
subj03	session27	600	0.20794674640467037
subj03	session27	601	0.44270682044710236
subj03	session27	602	0.5675808059233945
subj03	session27	603	0.5095528976220989
subj03	session27	604	0.2840125302577246
subj03	session27	605	0.5592709668232949
subj03	session27	606	0.24185106080022786
subj03	session27	607	-0.13897479709525842
subj03	session27	608	-0.2674711661683041
subj03	session27	609	-0.29245336750676343
subj03	session27	610	-0.006561298590346006
subj03	session27	611	-0.02486828990459916
subj03	session27	612	0.2885248469315107
subj03	session27	613	0.6337021216004557
subj03	session27	614	-0.02222554463904313
subj03	session27	615	0.5119165598746974
subj03	session27	616	0.34432578670084013
subj03	session27	617	0.30388295600170867
subj03	session27	618	0.17755659974369925
subj03	session27	619	0.35380891356969957
subj03	session27	620	0.017173572547344435
subj03	session27	621	-0.15144525131710096
subj03	session27	622	0.20417200626512888
subj03	session27	623	0.34582941762779434
subj03	session27	624	0.061667378613128286
subj03	session27	625	-0.012157197778727043
subj03	session27	626	0.06804357112345151
subj03	session27	627	-0.005997436992738167
subj03	session27	628	0.3097778727039726
subj03	session27	629	0.5368346860316104
subj03	session27	630	0.6512729602733874
subj03	session27	631	0.3660999572832123
subj03	session27	632	0.46163747686174
subj03	session27	633	0.5707589349280934
subj03	session27	634	0.22869001851060797
subj03	session27	635	-0.0996098533390289
subj03	session27	636	0.4643827424177701
subj03	session27	637	0.3514424035312544
subj03	session27	638	0.17400683468603162
subj03	session27	639	-0.011374056670938321
subj03	session27	640	0.019639755090417235
subj03	session27	641	-0.051993450092553004
subj03	session27	642	0.06746547059661111
subj03	session27	643	0.28140253452940345
subj03	session27	644	0.5937519578527695
subj03	session27	645	0.70198775452086
subj03	session27	646	0.5489320803075609
subj03	session27	647	0.3068617399971522
subj03	session27	648	0.5894033888651574
subj03	session27	649	0.9855688452228393
subj03	session27	650	0.368175993165314
subj03	session27	651	-0.04817741705823724
subj03	session27	652	0.055635768190232124
subj03	session27	653	0.002330912715363834
subj03	session27	654	0.023035739712373642
subj03	session27	655	0.2901665954720205
subj03	session27	656	-0.08742560159476005
subj03	session27	657	0.1193549765057668
subj03	session27	658	0.1158023636622526
subj03	session27	659	-0.16298447956713652
subj03	session27	660	-0.5339612701124874
subj03	session27	661	-0.06203331909440408
subj03	session27	662	0.38896482984479575
subj03	session27	663	0.64696141250178
subj03	session27	664	-0.020998148939199737
subj03	session27	665	0.12385020646447385
subj03	session27	666	0.2512743841663107
subj03	session27	667	0.00016801936494373698
subj03	session27	668	0.3564573544069486
subj03	session27	669	0.309853339028905
subj03	session27	670	-0.10613697849921687
subj03	session27	671	0.023104086572689725
subj03	session27	672	-0.00012672647016943119
subj03	session27	673	0.2065855047700413
subj03	session27	674	-0.05573116901608995
subj03	session27	675	0.42118325501922255
subj03	session27	676	0.4273601025202905
subj03	session27	677	0.033014381318524834
subj03	session27	678	0.06887227680478432
subj03	session27	679	0.3485348141819735
subj03	session27	680	0.25944752954577815
subj03	session27	681	0.5925145949024634
subj03	session27	682	0.4171408230101096
subj03	session27	683	0.8601110636480137
subj03	session27	684	0.5821173287768759
subj03	session27	685	0.6526754948027909
subj03	session27	686	1.0544852627082444
subj03	session27	687	0.7964844083724905
subj03	session27	688	-0.04496511462338032
subj03	session27	689	0.14865014950875696
subj03	session27	690	0.10310408657268973
subj03	session27	691	0.022702548768332612
subj03	session27	692	0.12827424177701838
subj03	session27	693	0.024912430585219966
subj03	session27	694	-0.3441178983340453
subj03	session27	695	-0.22922967392852056
subj03	session27	696	-0.3045123166737861
subj03	session27	697	0.12745835113199488
subj03	session27	698	-0.08965541791257302
subj03	session27	699	0.30174569272390717
subj03	session27	700	0.56508756941478
subj03	session27	701	0.9280150932649865
subj03	session27	702	0.8952185675637193
subj03	session27	703	0.7430941193222269
subj03	session27	704	0.2943143955574541
subj03	session27	705	0.16668375338174568
subj03	session27	706	0.6105481987754521
subj03	session27	707	0.6680948312686887
subj03	session27	708	0.33946034458208746
subj03	session27	709	0.4295756799088709
subj03	session27	710	0.09623807489676776
subj03	session27	711	0.22510465612985905
subj03	session27	712	0.015731169016089983
subj03	session27	713	-0.042165741136266574
subj03	session27	714	0.08957567990887084
subj03	session27	715	0.626030186529973
subj03	session27	716	0.2301352698277089
subj03	session27	717	-0.32420048412359387
subj03	session27	718	0.06144952299587072
subj03	session27	719	-0.08783283497081021
subj03	session27	720	-0.5094731596183967
subj03	session27	721	-0.25948739854762926
subj03	session27	722	-0.2944283069913143
subj03	session27	723	-0.08055247045422187
subj03	session27	724	0.396566994162039
subj03	session27	725	0.3243813185248469
subj03	session27	726	-0.061497935355261296
subj03	session27	727	0.25380321799800654
subj03	session27	728	0.5292296739285206
subj03	session27	729	0.33443542645593055
subj03	session27	730	0.21925388010821587
subj03	session27	731	0.4315192937491101
subj03	session27	732	0.3945863591057952
subj03	session27	733	-0.013554036736437415
subj03	session27	734	0.06313256443115478
subj03	session27	735	0.41759362095970387
subj03	session27	736	0.3893635198633063
subj03	session27	737	0.3668190232094547
subj03	session27	738	0.30239356400398687
subj03	session27	739	0.27818026484408376
subj03	session27	740	0.5087156485832265
subj03	session27	741	-0.2781047985191513
subj03	session27	742	-0.07950590915563151
subj03	session27	743	0.5796568418054963
subj03	session27	744	0.40968674355688456
subj03	session27	745	0.4998447956713656
subj03	session27	746	0.539384878257155
subj03	session27	747	0.21515022070340312
subj03	session27	748	-0.17402819307988038
subj03	session27	749	-0.10588779723764773
subj03	session28	0	0.4918695714082301
subj03	session28	1	0.04057667663391713
subj03	session28	2	0.4740381603303432
subj03	session28	3	-0.3005439270966824
subj03	session28	4	0.03787412786558453
subj03	session28	5	-0.2620746119891784
subj03	session28	6	0.15878257155061937
subj03	session28	7	0.42416631069343586
subj03	session28	8	-0.17606008828136122
subj03	session28	9	-0.02730599458920691
subj03	session28	10	-0.3138430869998576
subj03	session28	11	-0.0832094546490104
subj03	session28	12	-0.052003417343015806
subj03	session28	13	0.27163178129004706
subj03	session28	14	0.5772305282642745
subj03	session28	15	0.03654990744696001
subj03	session28	16	0.33824149223978356
subj03	session28	17	0.3097764488110494
subj03	session28	18	0.16603303431581945
subj03	session28	19	-0.17833262138687173
subj03	session28	20	0.13773173857325927
subj03	session28	21	0.22064787128007976
subj03	session28	22	1.1439726612558736
subj03	session28	23	0.5329602733874413
subj03	session28	24	0.20331055104656126
subj03	session28	25	0.5731610422896198
subj03	session28	26	0.28507190659262427
subj03	session28	27	0.6226569841947885
subj03	session28	28	0.8274512316673786
subj03	session28	29	0.3523109782144383
subj03	session28	30	0.49220276235227123
subj03	session28	31	-0.28184109354976505
subj03	session28	32	0.29793393136836105
subj03	session28	33	0.20760785988893637
subj03	session28	34	0.5640894204755802
subj03	session28	35	0.34613982628506335
subj03	session28	36	0.3703929944468176
subj03	session28	37	0.42892068916417486
subj03	session28	38	0.22617969528691442
subj03	session28	39	0.12882244055247044
subj03	session28	40	-0.07822155773885801
subj03	session28	41	0.5134629075893494
subj03	session28	42	0.7135397978072049
subj03	session28	43	-0.37591057952441975
subj03	session28	44	-0.44922825003559735
subj03	session28	45	-0.40066353410223554
subj03	session28	46	-0.5631040865726896
subj03	session28	47	0.1309468887939627
subj03	session28	48	0.05336181119179836
subj03	session28	49	-0.16765057667663388
subj03	session28	50	-0.09677773031468033
subj03	session28	51	0.0302207034031041
subj03	session28	52	0.6945849352128721
subj03	session28	53	0.3728620247757369
subj03	session28	54	0.2078741278655845
subj03	session28	55	0.6150320375907732
subj03	session28	56	0.4348469315107504
subj03	session28	57	0.27408087711804074
subj03	session28	58	0.3712900469884665
subj03	session28	59	0.5406065783853055
subj03	session28	60	0.3194446817599316
subj03	session28	61	0.8902876263704972
subj03	session28	62	0.4819379182685462
subj03	session28	63	-0.15517869856186814
subj03	session28	64	-0.301970667805781
subj03	session28	65	0.5448640182258294
subj03	session28	66	0.7911277231952157
subj03	session28	67	0.4176662394987897
subj03	session28	68	0.8535013526982771
subj03	session28	69	0.7467036878826712
subj03	session28	70	0.8046974227538088
subj03	session28	71	0.475714082301011
subj03	session28	72	-0.2606136978499217
subj03	session28	73	-0.5038530542503203
subj03	session28	74	-0.24898049266695144
subj03	session28	75	0.19960130998148937
subj03	session28	76	0.6191898049266695
subj03	session28	77	0.14114765769614127
subj03	session28	78	-0.14026057240495513
subj03	session28	79	0.4577388580378755
subj03	session28	80	0.8640153780435711
subj03	session28	81	0.7065883525558877
subj03	session28	82	0.5497038302719635
subj03	session28	83	-0.11656699416203904
subj03	session28	84	-0.3048184536522853
subj03	session28	85	-0.2562266837533818
subj03	session28	86	-0.31667378613128294
subj03	session28	87	-0.20327210593763348
subj03	session28	88	-0.052463334757226254
subj03	session28	89	0.10102235511889507
subj03	session28	90	1.1524462480421473
subj03	session28	91	0.4110778869429019
subj03	session28	92	-0.08150932649864734
subj03	session28	93	0.032313826000284776
subj03	session28	94	0.8404129289477432
subj03	session28	95	0.21491670226398976
subj03	session28	96	0.07304285917698987
subj03	session28	97	-0.02501495087569415
subj03	session28	98	0.272913284920974
subj03	session28	99	0.04942617115192936
subj03	session28	100	0.2048056386159761
subj03	session28	101	0.4257824291613271
subj03	session28	102	0.07162466182543073
subj03	session28	103	-0.10384593478570413
subj03	session28	104	0.1218311262993023
subj03	session28	105	-0.018917841378328335
subj03	session28	106	-1.1179367791542076
subj03	session28	107	-0.39788551900897057
subj03	session28	108	-0.13362095970383026
subj03	session28	109	0.17092837818596043
subj03	session28	110	0.506070055531824
subj03	session28	111	0.8550832977360102
subj03	session28	112	0.7910451374056671
subj03	session28	113	0.8191570553894347
subj03	session28	114	0.32751530684892494
subj03	session28	115	0.7175053395984621
subj03	session28	116	0.24311405382315246
subj03	session28	117	0.7955588779723765
subj03	session28	118	0.47169300868574676
subj03	session28	119	0.37014666097109494
subj03	session28	120	-0.029070197921116342
subj03	session28	121	0.18158764060942617
subj03	session28	122	0.7357155061939342
subj03	session28	123	0.3612900469884664
subj03	session28	124	0.0538943471450947
subj03	session28	125	0.5902705396554179
subj03	session28	126	0.3876448811049409
subj03	session28	127	0.2888267122312402
subj03	session28	128	0.30395842232664105
subj03	session28	129	0.430022782286772
subj03	session28	130	0.6483511319948739
subj03	session28	131	0.31874127865584506
subj03	session28	132	0.611163320518297
subj03	session28	133	1.3731382600028477
subj03	session28	134	1.0727196354834116
subj03	session28	135	0.8505766766339171
subj03	session28	136	-0.6159134273102663
subj03	session28	137	-0.36893777587925397
subj03	session28	138	0.03158479282357968
subj03	session28	139	-0.12489107219137123
subj03	session28	140	0.18184536522853484
subj03	session28	141	-0.04383027196354836
subj03	session28	142	0.2547401395415064
subj03	session28	143	0.025299729460344592
subj03	session28	144	-0.2696155489107219
subj03	session28	145	-0.3966182543072761
subj03	session28	146	-0.341846789121458
subj03	session28	147	0.5470952584365656
subj03	session28	148	0.13032749537234803
subj03	session28	149	0.607063932792254
subj03	session28	150	0.8868503488537662
subj03	session28	151	0.8063890075466325
subj03	session28	152	0.387865584508045
subj03	session28	153	0.8931040865726899
subj03	session28	154	0.7605197209169869
subj03	session28	155	0.12256585504770041
subj03	session28	156	-0.6443386017371493
subj03	session28	157	-0.8143770468460771
subj03	session28	158	-0.2928207318809626
subj03	session28	159	0.061826854620532556
subj03	session28	160	0.5238459347857041
subj03	session28	161	0.6348725615833689
subj03	session28	162	0.5034842659831981
subj03	session28	163	-0.21530969671080738
subj03	session28	164	0.120316104228962
subj03	session28	165	-0.05334330058379612
subj03	session28	166	-0.02152783710664956
subj03	session28	167	0.0718339740851488
subj03	session28	168	0.24770468460771755
subj03	session28	169	0.25599743699273814
subj03	session28	170	0.20619820589491666
subj03	session28	171	0.34496084294461055
subj03	session28	172	0.07167165029189806
subj03	session28	173	0.33169870425743986
subj03	session28	174	0.17916844653282077
subj03	session28	175	0.6878456500071194
subj03	session28	176	0.8152897622098818
subj03	session28	177	0.06142246903032889
subj03	session28	178	-0.35963121173287765
subj03	session28	179	-0.21512743841663112
subj03	session28	180	0.38865869286629645
subj03	session28	181	0.7386245194361384
subj03	session28	182	0.5456215292609996
subj03	session28	183	0.09087711804072333
subj03	session28	184	0.4907347287483981
subj03	session28	185	1.4846660971094974
subj03	session28	186	1.0227424177701838
subj03	session28	187	-0.23757226256585504
subj03	session28	188	0.04620532535953297
subj03	session28	189	0.39821586216716504
subj03	session28	190	0.5770383027196355
subj03	session28	191	-0.22740993877260435
subj03	session28	192	0.2932963121173288
subj03	session28	193	1.1169699558593194
subj03	session28	194	0.8323551188950591
subj03	session28	195	0.6440908443685035
subj03	session28	196	0.02397835682756658
subj03	session28	197	0.03615406521429587
subj03	session28	198	0.38922255446390436
subj03	session28	199	0.4230328919265271
subj03	session28	200	0.4127210593763349
subj03	session28	201	-0.18770610850064073
subj03	session28	202	0.21970525416488676
subj03	session28	203	-0.49268830983910006
subj03	session28	204	0.020227822867720343
subj03	session28	205	-0.08731738573259287
subj03	session28	206	0.21350277659120034
subj03	session28	207	0.6865712658408087
subj03	session28	208	0.3219094404100811
subj03	session28	209	0.5778783995443544
subj03	session28	210	0.02113484265983198
subj03	session28	211	0.42282642745265564
subj03	session28	212	0.4730371636052969
subj03	session28	213	0.7313840239214011
subj03	session28	214	0.5862722483269259
subj03	session28	215	-0.03485547486828992
subj03	session28	216	-0.2073558308415207
subj03	session28	217	-0.028993307703260716
subj03	session28	218	-0.12481133418766908
subj03	session28	219	-0.014160615121742836
subj03	session28	220	0.3627652000569557
subj03	session28	221	0.03940338886515732
subj03	session28	222	0.16080307560871424
subj03	session28	223	0.052001993450092585
subj03	session28	224	-0.11223978356827566
subj03	session28	225	-0.1771393991171864
subj03	session28	226	0.3266396127011249
subj03	session28	227	0.2521828278513456
subj03	session28	228	0.14559589918838103
subj03	session28	229	0.5301680193649437
subj03	session28	230	0.0894318667236224
subj03	session28	231	0.4048469315107504
subj03	session28	232	0.009100099672504594
subj03	session28	233	-0.11447814324362808
subj03	session28	234	-0.15298590346005975
subj03	session28	235	-0.20950448526270823
subj03	session28	236	-0.3453552612843514
subj03	session28	237	1.1459476007404243
subj03	session28	238	0.535302577246191
subj03	session28	239	0.5215776733589634
subj03	session28	240	0.21396696568418058
subj03	session28	241	-0.2796013099814894
subj03	session28	242	0.09799231097821443
subj03	session28	243	0.44429588494945177
subj03	session28	244	0.2914096539940197
subj03	session28	245	0.1952926099957283
subj03	session28	246	0.6286416061512174
subj03	session28	247	0.4544439698134701
subj03	session28	248	0.3667748825288338
subj03	session28	249	-0.1167321657411363
subj03	session28	250	0.12140823010109641
subj03	session28	251	0.26584650434287344
subj03	session28	252	0.27438131852484693
subj03	session28	253	0.18552328064929519
subj03	session28	254	-0.02248896482984481
subj03	session28	255	0.09897622098818168
subj03	session28	256	0.1315007831411078
subj03	session28	257	0.2938160330343158
subj03	session28	258	0.4511305709810622
subj03	session28	259	-0.08241777018368217
subj03	session28	260	0.15675494802790832
subj03	session28	261	-0.058996155489107235
subj03	session28	262	-0.42504200484123594
subj03	session28	263	0.3045137405667094
subj03	session28	264	0.1320005695571693
subj03	session28	265	0.28863163890075466
subj03	session28	266	0.11007404243200912
subj03	session28	267	0.05531539228250036
subj03	session28	268	-0.015853623807489694
subj03	session28	269	0.43009682471878113
subj03	session28	270	0.5553025772461911
subj03	session28	271	0.46539228250035597
subj03	session28	272	0.4968261426740709
subj03	session28	273	0.32992453367506763
subj03	session28	274	0.07620105368076321
subj03	session28	275	0.5363249323650862
subj03	session28	276	0.3133532678342589
subj03	session28	277	0.24948597465470598
subj03	session28	278	0.3122056101381176
subj03	session28	279	-0.16722340879965822
subj03	session28	280	0.9311519293749111
subj03	session28	281	0.5386145521856756
subj03	session28	282	0.15453652285348143
subj03	session28	283	0.2738630215007831
subj03	session28	284	0.4742773743414495
subj03	session28	285	-0.3761312829275239
subj03	session28	286	0.3588865157340168
subj03	session28	287	0.17409796383311973
subj03	session28	288	-0.2738886515734017
subj03	session28	289	0.19180976790545354
subj03	session28	290	-0.0799743699273815
subj03	session28	291	0.021554891072191364
subj03	session28	292	0.18831553467179266
subj03	session28	293	0.01738003702121598
subj03	session28	294	0.10077174996440269
subj03	session28	295	-0.42200768902178554
subj03	session28	296	-0.14850491243058522
subj03	session28	297	0.05814609141392566
subj03	session28	298	0.02545635768190233
subj03	session28	299	-0.0638530542503204
subj03	session28	300	-0.17876263704969386
subj03	session28	301	-0.08768902178556175
subj03	session28	302	0.08737861312829273
subj03	session28	303	0.7107176420333191
subj03	session28	304	-0.061066495799515896
subj03	session28	305	-0.12997152214153493
subj03	session28	306	0.17620532535953295
subj03	session28	307	0.5850847216289335
subj03	session28	308	0.611479424747259
subj03	session28	309	0.9765313968389577
subj03	session28	310	0.8432265413640895
subj03	session28	311	0.1690431439555745
subj03	session28	312	0.2115833689306564
subj03	session28	313	0.34592481845365225
subj03	session28	314	0.060835825145949006
subj03	session28	315	0.6528449380606578
subj03	session28	316	0.9771265840808772
subj03	session28	317	0.5224946604015377
subj03	session28	318	0.1359518724191941
subj03	session28	319	0.03412786558450805
subj03	session28	320	-0.06816460202192798
subj03	session28	321	-0.32604584935212866
subj03	session28	322	-0.2940096824718781
subj03	session28	323	-0.26739712373629504
subj03	session28	324	0.3363106934358536
subj03	session28	325	0.5771735725473445
subj03	session28	326	0.6128449380606579
subj03	session28	327	0.1813356115620105
subj03	session28	328	0.061587640609426175
subj03	session28	329	0.03837533817456925
subj03	session28	330	0.5791997721771324
subj03	session28	331	0.6843685034885376
subj03	session28	332	-0.12718496369073046
subj03	session28	333	-0.22344154919550052
subj03	session28	334	-0.20405524704542216
subj03	session28	335	-0.05243200911291472
subj03	session28	336	0.5441919407660544
subj03	session28	337	0.2915349565712658
subj03	session28	338	0.09416346290758935
subj03	session28	339	0.25829702406379035
subj03	session28	340	0.43800085433575403
subj03	session28	341	-0.015053395984621985
subj03	session28	342	0.05325359532963122
subj03	session28	343	0.49207745977502493
subj03	session28	344	0.47957852769471726
subj03	session28	345	0.7191413925672788
subj03	session28	346	0.6241378328349708
subj03	session28	347	0.22521714367079596
subj03	session28	348	0.0214196212444824
subj03	session28	349	0.15518724191940764
subj03	session28	350	0.36898334045279796
subj03	session28	351	0.4012416346290759
subj03	session28	352	0.13609568560444252
subj03	session28	353	0.1329389149935925
subj03	session28	354	0.48012103089847646
subj03	session28	355	-0.3452641321372632
subj03	session28	356	-0.5045322511747116
subj03	session28	357	-0.026535668517727456
subj03	session28	358	0.9221159048839527
subj03	session28	359	0.12695002135839384
subj03	session28	360	0.3245578812473302
subj03	session28	361	0.18801936494375623
subj03	session28	362	-0.1514879681047985
subj03	session28	363	-0.04458066353410224
subj03	session28	364	0.020092553040011393
subj03	session28	365	-0.05557454079453224
subj03	session28	366	0.5691470881389719
subj03	session28	367	0.3697123736295031
subj03	session28	368	-0.1513754805638616
subj03	session28	369	0.031079310835825154
subj03	session28	370	0.5001680193649438
subj03	session28	371	0.690316104228962
subj03	session28	372	0.9069115762494661
subj03	session28	373	0.01760501210308985
subj03	session28	374	0.07461626085718352
subj03	session28	375	0.6438786843229389
subj03	session28	376	0.13045422184251743
subj03	session28	377	0.12669941620390146
subj03	session28	378	0.15963263562580093
subj03	session28	379	-0.05718638758365372
subj03	session28	380	-0.6814267407090988
subj03	session28	381	-0.635257012672647
subj03	session28	382	-0.4913441549195501
subj03	session28	383	0.3867563719208316
subj03	session28	384	0.7849736579809199
subj03	session28	385	0.45833119749394846
subj03	session28	386	-0.527464046703688
subj03	session28	387	-0.04754378470738997
subj03	session28	388	-0.08272390716218142
subj03	session28	389	0.19390431439555744
subj03	session28	390	-0.0045379467464046344
subj03	session28	391	0.06296454506621102
subj03	session28	392	0.10179695286914425
subj03	session28	393	-0.33385020646447383
subj03	session28	394	0.3184408372490389
subj03	session28	395	0.6092752385020647
subj03	session28	396	0.510401537804357
subj03	session28	397	0.27922255446390437
subj03	session28	398	0.5463462907589349
subj03	session28	399	1.00175565997437
subj03	session28	400	0.9951601879538658
subj03	session28	401	0.9286900185106078
subj03	session28	402	0.9230243485689877
subj03	session28	403	0.49153780435711236
subj03	session28	404	0.7533304855474867
subj03	session28	405	0.45180692011960694
subj03	session28	406	0.07382884807062506
subj03	session28	407	0.0365470596611135
subj03	session28	408	-0.3685689876121315
subj03	session28	409	-0.5461298590346007
subj03	session28	410	-0.1991841093549765
subj03	session28	411	0.11354691727182113
subj03	session28	412	-0.475415064787128
subj03	session28	413	-0.10805638615976078
subj03	session28	414	0.13489391997721772
subj03	session28	415	0.8435440694859746
subj03	session28	416	0.2006521429588495
subj03	session28	417	0.1268033603872989
subj03	session28	418	-0.03787270397266131
subj03	session28	419	0.45830271963548347
subj03	session28	420	0.49259290901324215
subj03	session28	421	0.10331055104656131
subj03	session28	422	0.24088281361241634
subj03	session28	423	0.29724191940766054
subj03	session28	424	0.5757852769471735
subj03	session28	425	0.32929374911006687
subj03	session28	426	0.0726555603018653
subj03	session28	427	-0.056776306421757045
subj03	session28	428	0.022510323223693562
subj03	session28	429	0.017061085006407507
subj03	session28	430	0.15764203331909443
subj03	session28	431	0.48743129716645317
subj03	session28	432	0.20530400113911434
subj03	session28	433	-0.26681902320945466
subj03	session28	434	-0.1424362807916845
subj03	session28	435	0.393941335611562
subj03	session28	436	0.35049978641606144
subj03	session28	437	0.6537391428164602
subj03	session28	438	-0.015718353979780702
subj03	session28	439	0.18836679481702975
subj03	session28	440	0.7851943613840239
subj03	session28	441	-0.3466609710949736
subj03	session28	442	-0.8513142531681618
subj03	session28	443	-0.5902691157624946
subj03	session28	444	0.11388010821586218
subj03	session28	445	-0.06797664815605868
subj03	session28	446	0.10642602876263699
subj03	session28	447	-0.5135782429161327
subj03	session28	448	0.18281930798803925
subj03	session28	449	0.7131695856471593
subj03	session28	450	0.6571863875836538
subj03	session28	451	0.05622098818168877
subj03	session28	452	-0.09300868574683183
subj03	session28	453	-0.05943613840239216
subj03	session28	454	0.5589520148084864
subj03	session28	455	0.5570682044710238
subj03	session28	456	0.6174113626655277
subj03	session28	457	0.5573116901608999
subj03	session28	458	0.21779011818311259
subj03	session28	459	0.12251744268830986
subj03	session28	460	0.7538131852484693
subj03	session28	461	0.7690673501352698
subj03	session28	462	-0.14575964687455503
subj03	session28	463	-0.1815392282500356
subj03	session28	464	-0.2148056386159761
subj03	session28	465	0.39238644453937066
subj03	session28	466	0.7819578527694717
subj03	session28	467	-0.0716132706820447
subj03	session28	468	0.24363092695429306
subj03	session28	469	0.570152356542788
subj03	session28	470	0.12945322511747115
subj03	session28	471	-0.005523280649295152
subj03	session28	472	0.12655702691157628
subj03	session28	473	0.08688594617684749
subj03	session28	474	0.36047985191513604
subj03	session28	475	0.10272533105510465
subj03	session28	476	1.0518909298020789
subj03	session28	477	0.539192652712516
subj03	session28	478	-0.04127153638046416
subj03	session28	479	-0.2240168019364944
subj03	session28	480	0.16021358393848786
subj03	session28	481	0.5667051117755945
subj03	session28	482	0.5094560729033177
subj03	session28	483	0.48406521429588495
subj03	session28	484	0.24141677345863594
subj03	session28	485	-0.2175295457781575
subj03	session28	486	-0.2378442261141962
subj03	session28	487	-0.34310123878684323
subj03	session28	488	0.17012530257724617
subj03	session28	489	-0.07962409226826142
subj03	session28	490	-0.15613697849921687
subj03	session28	491	-0.15158479282357967
subj03	session28	492	-0.09594048127580805
subj03	session28	493	0.07878257155061939
subj03	session28	494	-0.23663106934358533
subj03	session28	495	0.30210593763349
subj03	session28	496	0.3699672504627652
subj03	session28	497	0.5823821728606008
subj03	session28	498	0.27990317528121883
subj03	session28	499	0.5951402534529403
subj03	session28	500	0.6310679196924392
subj03	session28	501	0.39618111917983767
subj03	session28	502	0.4939057382884807
subj03	session28	503	0.1532179980065499
subj03	session28	504	-0.065590203616688
subj03	session28	505	-0.4500711946461626
subj03	session28	506	0.05433717784422613
subj03	session28	507	0.25934500925530407
subj03	session28	508	0.5053566851772746
subj03	session28	509	0.42236223835967535
subj03	session28	510	0.5253082728178841
subj03	session28	511	0.4572817884095116
subj03	session28	512	0.5091000996725046
subj03	session28	513	0.25725615833689314
subj03	session28	514	-0.07184251744268831
subj03	session28	515	0.20386159760785988
subj03	session28	516	0.17357681902320946
subj03	session28	517	-0.38806350562437714
subj03	session28	518	-0.11240922682614267
subj03	session28	519	0.5919450377331624
subj03	session28	520	0.36758080592339454
subj03	session28	521	0.037844226114196224
subj03	session28	522	-0.43010109639755084
subj03	session28	523	-0.14440979638331194
subj03	session28	524	0.49235227110921265
subj03	session28	525	0.4120333190944041
subj03	session28	526	0.7182685462053253
subj03	session28	527	0.8802007689021787
subj03	session28	528	0.7631781290046988
subj03	session28	529	0.3832493236508615
subj03	session28	530	0.2601253025772462
subj03	session28	531	-0.03409369215434998
subj03	session28	532	-0.2023579666809056
subj03	session28	533	-0.053665100384451075
subj03	session28	534	0.09247757368645876
subj03	session28	535	0.1488865157340168
subj03	session28	536	0.02678342588637336
subj03	session28	537	0.27157624946604014
subj03	session28	538	0.1187612131567706
subj03	session28	539	-0.18868432293891502
subj03	session28	540	0.14167734586359104
subj03	session28	541	-0.04480848640182261
subj03	session28	542	-0.17493806065783854
subj03	session28	543	0.14806350562437706
subj03	session28	544	0.3780008543357539
subj03	session28	545	0.831450946888794
subj03	session28	546	0.884788551900897
subj03	session28	547	0.6272262565855047
subj03	session28	548	0.4408600313256443
subj03	session28	549	0.37860743272105934
subj03	session28	550	0.20579524419763637
subj03	session28	551	0.3525615833689306
subj03	session28	552	0.05774882528833833
subj03	session28	553	0.043915705538943486
subj03	session28	554	-0.3116445963263562
subj03	session28	555	-0.3413142531681618
subj03	session28	556	0.5374469599886089
subj03	session28	557	0.5358507760216432
subj03	session28	558	0.17538516303573973
subj03	session28	559	0.49804641890929807
subj03	session28	560	-0.119841947885519
subj03	session28	561	-0.3455004983625232
subj03	session28	562	0.2143158194503773
subj03	session28	563	0.1646048697137975
subj03	session28	564	0.8409112914708814
subj03	session28	565	0.6150348853766197
subj03	session28	566	0.2520532535953296
subj03	session28	567	0.2563334757226256
subj03	session28	568	0.5234059518724192
subj03	session28	569	0.6549480279083013
subj03	session28	570	0.6910437135127439
subj03	session28	571	0.5569044567848497
subj03	session28	572	0.13123451516445964
subj03	session28	573	0.6370383027196355
subj03	session28	574	0.20993450092553043
subj03	session28	575	0.689253880108216
subj03	session28	576	0.5217357254734444
subj03	session28	577	0.23450519720916987
subj03	session28	578	0.1573259290901324
subj03	session28	579	-0.3252783710664958
subj03	session28	580	-0.5547501067919692
subj03	session28	581	-0.4378840951160473
subj03	session28	582	0.5553595329631211
subj03	session28	583	0.015289762209881824
subj03	session28	584	-0.12559732308130428
subj03	session28	585	-0.09363235084721626
subj03	session28	586	0.16582799373487114
subj03	session28	587	0.8035170155204329
subj03	session28	588	0.06638331197493945
subj03	session28	589	0.12947031183255014
subj03	session28	590	-0.08059376334899619
subj03	session28	591	0.03506763491385448
subj03	session28	592	-0.046031610422896205
subj03	session28	593	-0.013551188950590902
subj03	session28	594	0.14919265271251606
subj03	session28	595	0.09564858322654138
subj03	session28	596	0.170824434002563
subj03	session28	597	0.24897479709525844
subj03	session28	598	0.21216716502918984
subj03	session28	599	0.07686031610422894
subj03	session28	600	0.4670326071479424
subj03	session28	601	0.3044881104940908
subj03	session28	602	0.2235810907019792
subj03	session28	603	0.31612416346290756
subj03	session28	604	0.28219564288765486
subj03	session28	605	0.3321842517442688
subj03	session28	606	0.7590488395272675
subj03	session28	607	-0.06262993022924676
subj03	session28	608	-0.1299658265698419
subj03	session28	609	0.06786416061512177
subj03	session28	610	0.39598177417058233
subj03	session28	611	1.0373871564858324
subj03	session28	612	0.37162181403958416
subj03	session28	613	-0.1315862167165029
subj03	session28	614	-0.3466766339171294
subj03	session28	615	0.34315677061085015
subj03	session28	616	0.2036679481702976
subj03	session28	617	0.20593763348996155
subj03	session28	618	-0.009164174854050982
subj03	session28	619	0.3236878826712231
subj03	session28	620	-0.10310835825145949
subj03	session28	621	0.23852342303858753
subj03	session28	622	0.4625202904741563
subj03	session28	623	0.3843129716645309
subj03	session28	624	0.3356158336893066
subj03	session28	625	0.4735696995585931
subj03	session28	626	0.6853225117471166
subj03	session28	627	0.048652997294603484
subj03	session28	628	0.02785276947173572
subj03	session28	629	0.015934785704115054
subj03	session28	630	0.1863149651146234
subj03	session28	631	-0.029115762494660365
subj03	session28	632	-0.3062964545066211
subj03	session28	633	-0.29053395984621955
subj03	session28	634	0.04479282357966682
subj03	session28	635	-0.05450804499501637
subj03	session28	636	0.20507760216431725
subj03	session28	637	0.59169443257867
subj03	session28	638	0.3887711804072334
subj03	session28	639	0.4518097679054535
subj03	session28	640	0.2950662110209312
subj03	session28	641	0.24182827851345579
subj03	session28	642	0.26379894631923684
subj03	session28	643	0.665454933788979
subj03	session28	644	0.6312615691300014
subj03	session28	645	0.5331126299302292
subj03	session28	646	0.16402676918695716
subj03	session28	647	0.2562822155773886
subj03	session28	648	-0.24157055389434715
subj03	session28	649	0.491530684892496
subj03	session28	650	0.5063420190801652
subj03	session28	651	0.3870098248611704
subj03	session28	652	0.5918268546205324
subj03	session28	653	0.02416203901466611
subj03	session28	654	-0.2887782998718496
subj03	session28	655	-0.09471735725473444
subj03	session28	656	0.15560159476007407
subj03	session28	657	0.03523707817172152
subj03	session28	658	0.29117755944752954
subj03	session28	659	0.21945749679624094
subj03	session28	660	0.296736437419906
subj03	session28	661	0.6303801794105084
subj03	session28	662	0.6717812900469884
subj03	session28	663	0.4090502634201908
subj03	session28	664	0.33903175281218856
subj03	session28	665	0.3685889221130571
subj03	session28	666	-0.23917698989036024
subj03	session28	667	0.021304285917699003
subj03	session28	668	0.024594902463334765
subj03	session28	669	-0.1149309411932223
subj03	session28	670	0.11033603872988754
subj03	session28	671	0.06314680336038732
subj03	session28	672	0.14370496938630217
subj03	session28	673	0.23377901181831126
subj03	session28	674	0.5104228961982059
subj03	session28	675	0.38773031468033603
subj03	session28	676	-0.2249736579809198
subj03	session28	677	-0.4617998006549907
subj03	session28	678	0.2602748113341877
subj03	session28	679	0.7166125587355832
subj03	session28	680	0.7157909725188667
subj03	session28	681	0.1312914708813897
subj03	session28	682	0.5150548198775452
subj03	session28	683	0.685133133988324
subj03	session28	684	0.10959846219564286
subj03	session28	685	-0.038336893065641454
subj03	session28	686	-0.02189235369500211
subj03	session28	687	-0.030951160472732442
subj03	session28	688	0.4847130855759647
subj03	session28	689	1.0227082443400255
subj03	session28	690	0.532501779866154
subj03	session28	691	-0.23868289904599174
subj03	session28	692	-0.4061255873558308
subj03	session28	693	-0.39050690588067777
subj03	session28	694	0.05958707105225687
subj03	session28	695	0.6061327068204471
subj03	session28	696	0.3732834970810195
subj03	session28	697	0.3426527125160188
subj03	session28	698	0.39639470311832553
subj03	session28	699	0.22495087569414784
subj03	session28	700	-0.03243912857753098
subj03	session28	701	0.185883525558878
subj03	session28	702	0.20694859746547062
subj03	session28	703	-0.13303146803360388
subj03	session28	704	0.282298163178129
subj03	session28	705	0.1515093264986473
subj03	session28	706	-0.06268830983910009
subj03	session28	707	-0.13523138260002848
subj03	session28	708	0.4125103232236936
subj03	session28	709	0.1683383169585647
subj03	session28	710	-0.056136978499216846
subj03	session28	711	-0.17847358678627365
subj03	session28	712	-0.03897622098818168
subj03	session28	713	0.0058607432721059435
subj03	session28	714	0.3597308842375053
subj03	session28	715	0.14621529260999572
subj03	session28	716	-0.02786843229389151
subj03	session28	717	0.20232664103659406
subj03	session28	718	0.8229545778157483
subj03	session28	719	1.1966623949878972
subj03	session28	720	0.48208457923964115
subj03	session28	721	0.20842944610565284
subj03	session28	722	0.6978912145806635
subj03	session28	723	0.7103175281218853
subj03	session28	724	0.6026911576249466
subj03	session28	725	1.0032806492951731
subj03	session28	726	0.629169870425744
subj03	session28	727	0.1724903887227681
subj03	session28	728	0.01955574540794536
subj03	session28	729	-0.2681275808059234
subj03	session28	730	-0.04725473444396981
subj03	session28	731	-0.3168218709953012
subj03	session28	732	-0.270852911861028
subj03	session28	733	-0.38204471023779013
subj03	session28	734	-0.14932222696853198
subj03	session28	735	0.1586814751530685
subj03	session28	736	0.009860458493521278
subj03	session28	737	-0.3622383596753524
subj03	session28	738	-0.08066638188808203
subj03	session28	739	0.09582656984194791
subj03	session28	740	0.7821700128150363
subj03	session28	741	-0.34185248469315105
subj03	session28	742	-0.9814523707817172
subj03	session28	743	-0.6874896767763065
subj03	session28	744	0.5470041292894774
subj03	session28	745	0.5034828420902747
subj03	session28	746	0.8428306991314253
subj03	session28	747	0.6202733874412644
subj03	session28	748	0.7817884095116048
subj03	session28	749	0.6088865157340169
subj03	session29	0	0.21556030186529973
subj03	session29	1	0.291151929374911
subj03	session29	2	0.4374270254876833
subj03	session29	3	0.24696283639470307
subj03	session29	4	-0.19405239925957568
subj03	session29	5	0.20234515164459632
subj03	session29	6	0.04480136693720631
subj03	session29	7	-0.12284636195358108
subj03	session29	8	0.6013185248469315
subj03	session29	9	-0.2478271393991172
subj03	session29	10	-0.3914723052826427
subj03	session29	11	0.2293364658977645
subj03	session29	12	0.7450747543784708
subj03	session29	13	0.7339925957567991
subj03	session29	14	0.8476406094261711
subj03	session29	15	0.6899017513882957
subj03	session29	16	0.45957995158764053
subj03	session29	17	0.08582087427025491
subj03	session29	18	-0.08772319521571978
subj03	session29	19	-0.018957710380179408
subj03	session29	20	0.14508756941478004
subj03	session29	21	0.10770468460771748
subj03	session29	22	-0.16803360387298877
subj03	session29	23	-0.33267976648156056
subj03	session29	24	0.12752242631354122
subj03	session29	25	-0.11865442118752668
subj03	session29	26	0.18067777303146804
subj03	session29	27	-0.24976932934643317
subj03	session29	28	-0.18184963690730457
subj03	session29	29	-0.23909155631496512
subj03	session29	30	0.34087711804072335
subj03	session29	31	0.30164174854050974
subj03	session29	32	0.5123309127153639
subj03	session29	33	1.1068062081731453
subj03	session29	34	1.2808044995016377
subj03	session29	35	0.7010650719065925
subj03	session29	36	0.31975936209597033
subj03	session29	37	-0.11835255588779726
subj03	session29	38	-0.31505909155631506
subj03	session29	39	-0.3848440837249039
subj03	session29	40	0.12304570696283637
subj03	session29	41	0.24332336608287056
subj03	session29	42	0.8103744838388154
subj03	session29	43	0.17124733020076893
subj03	session29	44	0.6284223266410366
subj03	session29	45	0.35722340879965825
subj03	session29	46	0.10489107219137118
subj03	session29	47	0.1348996155489107
subj03	session29	48	0.04684038160330342
subj03	session29	49	0.10973373202335183
subj03	session29	50	0.38263420190801645
subj03	session29	51	-0.1018254307276093
subj03	session29	52	0.07536950021358393
subj03	session29	53	-0.07462338032179985
subj03	session29	54	-0.07690872846361954
subj03	session29	55	0.21192225544639043
subj03	session29	56	-0.13794959419051686
subj03	session29	57	-0.4854022497508188
subj03	session29	58	0.14011391143386015
subj03	session29	59	0.28353695002135837
subj03	session29	60	0.5466823294888224
subj03	session29	61	0.2954293037163605
subj03	session29	62	0.29641606151217426
subj03	session29	63	0.5451786985618682
subj03	session29	64	0.7733845934785704
subj03	session29	65	0.8753011533532679
subj03	session29	66	0.7073387441264417
subj03	session29	67	0.111631781290047
subj03	session29	68	-0.06798091983482842
subj03	session29	69	-0.24584223266410365
subj03	session29	70	0.19007119464616257
subj03	session29	71	0.25506621102093124
subj03	session29	72	0.488813897194931
subj03	session29	73	0.5587925388010822
subj03	session29	74	0.33313541221700127
subj03	session29	75	0.19319948739854764
subj03	session29	76	0.20729887512459066
subj03	session29	77	-0.26213299159903175
subj03	session29	78	-0.28567848497792964
subj03	session29	79	-0.1062608571835398
subj03	session29	80	0.15588494945180123
subj03	session29	81	0.16295742560159476
subj03	session29	82	0.28840381603303433
subj03	session29	83	0.4230969671080735
subj03	session29	84	0.32448241492239777
subj03	session29	85	0.10483554036736438
subj03	session29	86	-0.3104129289477431
subj03	session29	87	-0.3015491955004984
subj03	session29	88	0.08205325359532963
subj03	session29	89	0.061892353695002116
subj03	session29	90	0.1653153922825004
subj03	session29	91	0.11058949167022639
subj03	session29	92	0.1967948170297593
subj03	session29	93	0.5533689306564147
subj03	session29	94	0.30446959988608857
subj03	session29	95	0.3332592909013243
subj03	session29	96	-0.03589206891641746
subj03	session29	97	0.08175281218852344
subj03	session29	98	0.20400541079310838
subj03	session29	99	0.35484265983198066
subj03	session29	100	0.7816688025060516
subj03	session29	101	0.41280222127296023
subj03	session29	102	0.37201196070055526
subj03	session29	103	0.07714082301010963
subj03	session29	104	-0.3104983625231383
subj03	session29	105	-0.11414495229958704
subj03	session29	106	0.14153495657126586
subj03	session29	107	0.44653709241065076
subj03	session29	108	0.810552470454222
subj03	session29	109	0.7277844226114196
subj03	session29	110	0.16269685319663962
subj03	session29	111	-0.29558593193791827
subj03	session29	112	-0.1433675067634914
subj03	session29	113	-0.2199188381033746
subj03	session29	114	0.14881959276662393
subj03	session29	115	0.22666239498789692
subj03	session29	116	0.34517585077602164
subj03	session29	117	-0.09790260572404955
subj03	session29	118	0.1374697422753809
subj03	session29	119	-0.011792681190374472
subj03	session29	120	0.1882827851345579
subj03	session29	121	0.5705553182400683
subj03	session29	122	0.22183397408514877
subj03	session29	123	0.2821814039584223
subj03	session29	124	0.23066068631638903
subj03	session29	125	0.2588893635198633
subj03	session29	126	1.0861725758222982
subj03	session29	127	1.2413868717072478
subj03	session29	128	0.6151374056670939
subj03	session29	129	0.3227979495941905
subj03	session29	130	0.25711519293749113
subj03	session29	131	0.3012444824149224
subj03	session29	132	0.4946361953581091
subj03	session29	133	0.5586814751530685
subj03	session29	134	0.45541506478712795
subj03	session29	135	0.15088281361241637
subj03	session29	136	0.25006122739569986
subj03	session29	137	0.17587925388010822
subj03	session29	138	0.06357824291613269
subj03	session29	139	-0.2512601452370782
subj03	session29	140	0.08354122170012813
subj03	session29	141	0.2555987469742275
subj03	session29	142	0.3262622810764631
subj03	session29	143	0.22301722910437136
subj03	session29	144	0.4479823437277517
subj03	session29	145	0.3702520290474156
subj03	session29	146	-0.3577061085006408
subj03	session29	147	0.038840951160472724
subj03	session29	148	0.2074199060230671
subj03	session29	149	0.3485191513598178
subj03	session29	150	-0.17782001993450092
subj03	session29	151	0.31240780293321946
subj03	session29	152	0.5451188950590915
subj03	session29	153	0.07974369927381461
subj03	session29	154	-0.0402862024775737
subj03	session29	155	0.2559404812758081
subj03	session29	156	0.1465171579097252
subj03	session29	157	-0.05726754948027906
subj03	session29	158	0.06466040153780434
subj03	session29	159	0.0035839384878257247
subj03	session29	160	-0.3714224690303289
subj03	session29	161	-0.3413071337035455
subj03	session29	162	-0.32115904883952723
subj03	session29	163	-0.17472305282642744
subj03	session29	164	0.44906877402819306
subj03	session29	165	-0.0706008828136124
subj03	session29	166	0.162941762779439
subj03	session29	167	0.10446959988608857
subj03	session29	168	0.4468645877829987
subj03	session29	169	0.8410180834401253
subj03	session29	170	0.29331055104656134
subj03	session29	171	0.2225758222981632
subj03	session29	172	0.6254079453225118
subj03	session29	173	0.8730926954293038
subj03	session29	174	0.6914950875694148
subj03	session29	175	0.4893535526128436
subj03	session29	176	0.02941335611562008
subj03	session29	177	-0.3363163890075466
subj03	session29	178	-0.20741990602306706
subj03	session29	179	0.011916559874697424
subj03	session29	180	0.2795272675494803
subj03	session29	181	0.23916275096112768
subj03	session29	182	0.4648099102947458
subj03	session29	183	0.7559162750961127
subj03	session29	184	0.6355460629360672
subj03	session29	185	0.46239071621814043
subj03	session29	186	0.5460415776733589
subj03	session29	187	0.1732108785419336
subj03	session29	188	-0.043917129431866694
subj03	session29	189	0.5430542503203759
subj03	session29	190	0.7106136978499217
subj03	session29	191	0.41321230243485685
subj03	session29	192	0.48903317670511176
subj03	session29	193	0.48863021500783144
subj03	session29	194	0.3268133276377616
subj03	session29	195	0.11021358393848782
subj03	session29	196	0.12735725473444395
subj03	session29	197	0.4610850064075182
subj03	session29	198	0.14525274099387728
subj03	session29	199	-0.04228961982058948
subj03	session29	200	-0.021468033603872987
subj03	session29	201	-0.21365370924106505
subj03	session29	202	0.5334401253025773
subj03	session29	203	0.3395984621956429
subj03	session29	204	0.035017798661540686
subj03	session29	205	0.0895657126584081
subj03	session29	206	-0.04248754093692153
subj03	session29	207	0.05799515876406094
subj03	session29	208	-0.291309981489392
subj03	session29	209	-0.26403104086572693
subj03	session29	210	0.09079453225117472
subj03	session29	211	0.03388010821586217
subj03	session29	212	-0.09111063648013669
subj03	session29	213	0.10657553751957856
subj03	session29	214	0.07434287341591911
subj03	session29	215	0.05932365086145522
subj03	session29	216	0.19020504058094834
subj03	session29	217	0.30555887797237646
subj03	session29	218	0.2984280222127296
subj03	session29	219	0.22190232094546491
subj03	session29	220	0.6950619393421614
subj03	session29	221	0.6218325501922256
subj03	session29	222	0.8929830556742133
subj03	session29	223	0.5866125587355829
subj03	session29	224	0.2238573259290901
subj03	session29	225	0.298351131994874
subj03	session29	226	0.12368645877829983
subj03	session29	227	0.39229816317812904
subj03	session29	228	0.26364089420475584
subj03	session29	229	0.5051060800227823
subj03	session29	230	0.0032891926527125353
subj03	session29	231	0.20717072476149795
subj03	session29	232	0.04972946034458208
subj03	session29	233	0.06727039726612559
subj03	session29	234	0.21344012530257725
subj03	session29	235	0.0322056101381176
subj03	session29	236	-0.045285490531112034
subj03	session29	237	0.057683326213868694
subj03	session29	238	-0.08726754948027905
subj03	session29	239	0.08149366367649151
subj03	session29	240	0.31320518297024064
subj03	session29	241	0.14011675921970673
subj03	session29	242	0.20793535526128434
subj03	session29	243	0.1012587213441549
subj03	session29	244	0.35096539940196503
subj03	session29	245	-0.14826142674070908
subj03	session29	246	0.30548056386159766
subj03	session29	247	0.35993307703260713
subj03	session29	248	0.35529260999572826
subj03	session29	249	0.2959276662394988
subj03	session29	250	0.40116189662537377
subj03	session29	251	0.8038615976078599
subj03	session29	252	0.09765769614125018
subj03	session29	253	-0.2685134557881247
subj03	session29	254	-0.1163733447244767
subj03	session29	255	-0.004199060230670683
subj03	session29	256	0.11815178698561866
subj03	session29	257	-0.3440580948312687
subj03	session29	258	0.2912473302007689
subj03	session29	259	0.45817741705823717
subj03	session29	260	0.609270966823295
subj03	session29	261	0.46981062224120745
subj03	session29	262	0.5264189092980208
subj03	session29	263	0.43123593905738294
subj03	session29	264	0.6086060088281362
subj03	session29	265	0.36618254307276094
subj03	session29	266	-0.003487113769044553
subj03	session29	267	0.24880535383739144
subj03	session29	268	0.14826569841947887
subj03	session29	269	-0.043687882671223095
subj03	session29	270	-0.27441122027623516
subj03	session29	271	-0.3686387583653709
subj03	session29	272	0.17284209027481137
subj03	session29	273	0.394105083297736
subj03	session29	274	0.3837491100669229
subj03	session29	275	0.05065926242346575
subj03	session29	276	-0.10327352983055674
subj03	session29	277	0.1910992453367507
subj03	session29	278	0.2154421187526698
subj03	session29	279	0.24088281361241634
subj03	session29	280	0.09211163320518295
subj03	session29	281	0.33788267122312404
subj03	session29	282	0.06923679339313683
subj03	session29	283	-0.1748967677630642
subj03	session29	284	-0.0659589918838103
subj03	session29	285	0.21332194218994732
subj03	session29	286	0.2177431297166453
subj03	session29	287	0.0692823579666809
subj03	session29	288	0.0024576391855332586
subj03	session29	289	0.26516445963263563
subj03	session29	290	-0.13124021073615263
subj03	session29	291	0.9842261141962124
subj03	session29	292	0.8205652854905312
subj03	session29	293	0.39451516445963264
subj03	session29	294	0.25730599458920683
subj03	session29	295	0.23011248754093694
subj03	session29	296	0.108175993165314
subj03	session29	297	-0.2750519720916987
subj03	session29	298	0.11463619535810908
subj03	session29	299	0.022856329204043842
subj03	session29	300	0.32578954862594334
subj03	session29	301	0.39894204755802365
subj03	session29	302	0.39717642033319095
subj03	session29	303	-0.1137305994589207
subj03	session29	304	-0.026528549053111215
subj03	session29	305	0.19969813470027048
subj03	session29	306	0.17291328492097394
subj03	session29	307	0.10368645877829986
subj03	session29	308	0.15777730314680335
subj03	session29	309	0.11999288053538375
subj03	session29	310	0.24756941478000852
subj03	session29	311	0.11263420190801653
subj03	session29	312	0.0047244767193506815
subj03	session29	313	0.0729616972803645
subj03	session29	314	0.2964288765484836
subj03	session29	315	0.49114480991029486
subj03	session29	316	0.34072048981916564
subj03	session29	317	0.17455503346148368
subj03	session29	318	0.2585675637192083
subj03	session29	319	1.035996013099815
subj03	session29	320	0.8914580663534104
subj03	session29	321	0.5544026769186957
subj03	session29	322	0.14155061939342162
subj03	session29	323	-0.40749110066922967
subj03	session29	324	-0.36676064359960125
subj03	session29	325	0.44272817884095117
subj03	session29	326	0.29773031468033606
subj03	session29	327	0.47722198490673506
subj03	session29	328	0.20949024633347574
subj03	session29	329	0.4115548910721914
subj03	session29	330	0.20911006692296738
subj03	session29	331	0.61485547486829
subj03	session29	332	0.42331482272533105
subj03	session29	333	0.36130286202477574
subj03	session29	334	0.22604869713797526
subj03	session29	335	0.13699273814609148
subj03	session29	336	-0.1925245621529261
subj03	session29	337	-0.473771892353695
subj03	session29	338	-0.1557681902320946
subj03	session29	339	-0.5336380464189093
subj03	session29	340	-0.23315677061085005
subj03	session29	341	0.4134999288053539
subj03	session29	342	0.008694290189377748
subj03	session29	343	0.0905425032037591
subj03	session29	344	0.35958137548056385
subj03	session29	345	0.19037305994589204
subj03	session29	346	0.15315534671792685
subj03	session29	347	0.43462053253595334
subj03	session29	348	0.6267236223835968
subj03	session29	349	0.24920831553467182
subj03	session29	350	0.2821742844938061
subj03	session29	351	0.16818738430869995
subj03	session29	352	0.3791129147088139
subj03	session29	353	0.358571835397978
subj03	session29	354	0.62345009255304
subj03	session29	355	0.10443400256300726
subj03	session29	356	-0.18700128150363093
subj03	session29	357	0.16258863733447246
subj03	session29	358	0.5476705111775595
subj03	session29	359	0.262823579666809
subj03	session29	360	-0.05532820731880963
subj03	session29	361	0.19465043428734163
subj03	session29	362	0.6380734728748398
subj03	session29	363	0.37745407945322507
subj03	session29	364	0.6058294176277943
subj03	session29	365	0.007331624661825404
subj03	session29	366	-0.219339313683611
subj03	session29	367	0.056819023209454644
subj03	session29	368	0.20017941050832974
subj03	session29	369	0.008903602449095816
subj03	session29	370	0.4556784849779297
subj03	session29	371	0.4153139683895771
subj03	session29	372	0.3443784707390004
subj03	session29	373	0.398210166595472
subj03	session29	374	0.3382557311690161
subj03	session29	375	0.3132635625800939
subj03	session29	376	0.06294888224405525
subj03	session29	377	0.3816389007546633
subj03	session29	378	0.12144382742417771
subj03	session29	379	0.2736010252029047
subj03	session29	380	0.5016061512174285
subj03	session29	381	0.4350021358393849
subj03	session29	382	0.27791826854620527
subj03	session29	383	0.4252128719920262
subj03	session29	384	-0.006951445251317092
subj03	session29	385	-0.16729317955289763
subj03	session29	386	0.3577787270397266
subj03	session29	387	0.2845165883525559
subj03	session29	388	0.04930229246760641
subj03	session29	389	0.3091670226398975
subj03	session29	390	0.22429161327068206
subj03	session29	391	0.4403531254449665
subj03	session29	392	0.4458792538801082
subj03	session29	393	0.3318026484408373
subj03	session29	394	-0.009332194218994706
subj03	session29	395	-0.05184963690730459
subj03	session29	396	0.1559775024918126
subj03	session29	397	-0.1723380321799801
subj03	session29	398	0.04380037021216001
subj03	session29	399	-0.14163462907589353
subj03	session29	400	0.2477858465043429
subj03	session29	401	0.09177986615406522
subj03	session29	402	0.036589776448811034
subj03	session29	403	0.21750818738430872
subj03	session29	404	0.3494019649722341
subj03	session29	405	0.1804997864160615
subj03	session29	406	0.03726043001566285
subj03	session29	407	0.10725758222981631
subj03	session29	408	0.21344154919550054
subj03	session29	409	0.09408230101096396
subj03	session29	410	0.4202605724049551
subj03	session29	411	0.182140111063648
subj03	session29	412	0.6261227395699842
subj03	session29	413	0.3600654990744696
subj03	session29	414	0.02942189947315963
subj03	session29	415	-0.02973657980919836
subj03	session29	416	0.15473302007689022
subj03	session29	417	0.18769614125017803
subj03	session29	418	-0.08777160757511036
subj03	session29	419	0.5324875409369215
subj03	session29	420	0.4771792681190375
subj03	session29	421	0.18772889078741278
subj03	session29	422	0.6330969671080734
subj03	session29	423	0.4507019792111633
subj03	session29	424	0.07888936351986332
subj03	session29	425	0.14218282785134556
subj03	session29	426	0.07470027053965539
subj03	session29	427	0.19397266125587356
subj03	session29	428	-0.08336323508472161
subj03	session29	429	0.1861953581090702
subj03	session29	430	0.24373629503061373
subj03	session29	431	0.241157624946604
subj03	session29	432	-0.0806094261711519
subj03	session29	433	0.03138117613555462
subj03	session29	434	-0.1678684322938915
subj03	session29	435	-0.043650861455218556
subj03	session29	436	0.5008543357539513
subj03	session29	437	0.44711661683041437
subj03	session29	438	0.4627039726612559
subj03	session29	439	-0.27609141392567277
subj03	session29	440	0.12305709810622244
subj03	session29	441	0.07493948455076181
subj03	session29	442	0.21339313683610991
subj03	session29	443	0.43689733732023356
subj03	session29	444	0.28850348853766195
subj03	session29	445	0.5797451231667378
subj03	session29	446	0.2666396127011249
subj03	session29	447	0.36412928947743134
subj03	session29	448	-0.20166025914851204
subj03	session29	449	-0.0724946604015378
subj03	session29	450	-0.13749537234799947
subj03	session29	451	0.10346860316104226
subj03	session29	452	0.2963206606863164
subj03	session29	453	-0.25243770468460774
subj03	session29	454	0.29107646304997864
subj03	session29	455	0.2446333475722626
subj03	session29	456	0.12100526840381602
subj03	session29	457	0.06474725900612273
subj03	session29	458	0.02855902036166881
subj03	session29	459	0.03394418339740855
subj03	session29	460	0.16771038017941056
subj03	session29	461	0.5101737149366369
subj03	session29	462	0.48089420475580225
subj03	session29	463	0.1543585362380749
subj03	session29	464	0.01699700982486118
subj03	session29	465	-0.08092125872134415
subj03	session29	466	-0.057024063790402965
subj03	session29	467	0.502461910864303
subj03	session29	468	0.5959618396696568
subj03	session29	469	0.40812188523423043
subj03	session29	470	0.4389391997721771
subj03	session29	471	0.6110536807632065
subj03	session29	472	0.4052698277089563
subj03	session29	473	0.3847785846504343
subj03	session29	474	0.07870710522568702
subj03	session29	475	0.07091698704257439
subj03	session29	476	0.13572262565855045
subj03	session29	477	0.4074156343442973
subj03	session29	478	0.5462466182543073
subj03	session29	479	0.23921970667805786
subj03	session29	480	0.15930229246760647
subj03	session29	481	0.2833660828705681
subj03	session29	482	-0.3133361811191799
subj03	session29	483	-0.09593478570411504
subj03	session29	484	0.08420190801651717
subj03	session29	485	-0.13474013954150652
subj03	session29	486	0.08216146945749678
subj03	session29	487	0.044906735013527016
subj03	session29	488	-0.2714936636764915
subj03	session29	489	0.14116332051829703
subj03	session29	490	0.9020874270254877
subj03	session29	491	0.7867976648156059
subj03	session29	492	0.3054278798234373
subj03	session29	493	-0.08302577246191085
subj03	session29	494	-0.08446817599316526
subj03	session29	495	-0.09504770041292895
subj03	session29	496	-0.2630471308557597
subj03	session29	497	0.21587355830841518
subj03	session29	498	0.03628363947031181
subj03	session29	499	-0.007518154634771463
subj03	session29	500	0.2882528833831696
subj03	session29	501	0.40925103232236937
subj03	session29	502	0.11829560017086718
subj03	session29	503	0.10856044425459202
subj03	session29	504	0.282637049693863
subj03	session29	505	0.16844368503488538
subj03	session29	506	0.3285860743272106
subj03	session29	507	0.2845806635341022
subj03	session29	508	0.5695229958707105
subj03	session29	509	0.04877118040723337
subj03	session29	510	0.04225117471166169
subj03	session29	511	0.34233945607290334
subj03	session29	512	0.024825573116901624
subj03	session29	513	0.3792140111063648
subj03	session29	514	0.1877345863591058
subj03	session29	515	-0.04305709810622241
subj03	session29	516	-0.3804613413071337
subj03	session29	517	-0.5385333902890502
subj03	session29	518	0.3892481845365228
subj03	session29	519	0.8324576391855333
subj03	session29	520	0.2502335184394133
subj03	session29	521	0.059433290616545634
subj03	session29	522	0.34097821443827425
subj03	session29	523	0.35562864872561584
subj03	session29	524	0.14889078741278655
subj03	session29	525	0.3226769186957141
subj03	session29	526	0.31873700697707535
subj03	session29	527	0.3854634771465186
subj03	session29	528	0.37960130998148933
subj03	session29	529	0.6154293037163605
subj03	session29	530	0.0028335469172718303
subj03	session29	531	0.3713014381318525
subj03	session29	532	0.12239925957567989
subj03	session29	533	0.07666666666666663
subj03	session29	534	0.11916132706820447
subj03	session29	535	0.14456784849779294
subj03	session29	536	0.2809981489391997
subj03	session29	537	-0.07578954862594331
subj03	session29	538	-0.18653566851772746
subj03	session29	539	0.2652114480991029
subj03	session29	540	0.4446604015378044
subj03	session29	541	0.36693435853623807
subj03	session29	542	0.34013242204186245
subj03	session29	543	0.07952584365655703
subj03	session29	544	-0.1666752100242062
subj03	session29	545	0.13285063363235083
subj03	session29	546	0.26717072476149795
subj03	session29	547	0.37480136693720634
subj03	session29	548	0.5149167022639898
subj03	session29	549	0.1519920261996298
subj03	session29	550	0.05840808771180408
subj03	session29	551	0.2713470027053966
subj03	session29	552	0.05552185675637192
subj03	session29	553	-0.13244767193507045
subj03	session29	554	0.06820731880962551
subj03	session29	555	0.085584508044995
subj03	session29	556	0.30795386586928664
subj03	session29	557	0.7242901893777589
subj03	session29	558	-0.03743699273814611
subj03	session29	559	-0.018623095543215142
subj03	session29	560	0.13688452228392423
subj03	session29	561	0.0407204898191656
subj03	session29	562	-0.2612544496653852
subj03	session29	563	0.17436138402392143
subj03	session29	564	0.24766908728463619
subj03	session29	565	0.40789833404527986
subj03	session29	566	0.4141962124448242
subj03	session29	567	0.24714509468887938
subj03	session29	568	0.32370781717214864
subj03	session29	569	0.7173287768759791
subj03	session29	570	0.33989747970952583
subj03	session29	571	-0.18734871137690443
subj03	session29	572	-0.36124305852199917
subj03	session29	573	0.6770667805781005
subj03	session29	574	0.5286942901893777
subj03	session29	575	-0.11248896482984481
subj03	session29	576	-0.47367649152783714
subj03	session29	577	-0.3364801366937207
subj03	session29	578	-0.14590915563149653
subj03	session29	579	0.29427310266267975
subj03	session29	580	0.539864730172291
subj03	session29	581	0.8266809055958991
subj03	session29	582	0.5600128150363094
subj03	session29	583	0.09070909867577957
subj03	session29	584	0.04798091983482842
subj03	session29	585	0.32975224263135416
subj03	session29	586	0.5517556599743699
subj03	session29	587	0.9102591485120318
subj03	session29	588	0.6608714224690304
subj03	session29	589	0.0638971949309412
subj03	session29	590	-0.38355688452228387
subj03	session29	591	-0.2783554036736437
subj03	session29	592	0.25030613697849924
subj03	session29	593	0.2722782286772035
subj03	session29	594	0.08193791826854621
subj03	session29	595	0.25222269685319665
subj03	session29	596	0.2708714224690303
subj03	session29	597	-0.1877901181831126
subj03	session29	598	-0.2523323366082871
subj03	session29	599	-0.34999715221415356
subj03	session29	600	-0.3319891784137833
subj03	session29	601	-0.14634913854478143
subj03	session29	602	-0.0018297024063790273
subj03	session29	603	0.2388053538373914
subj03	session29	604	0.3351943613840239
subj03	session29	605	-0.027983767620674928
subj03	session29	606	-0.19819592766623947
subj03	session29	607	0.240660686316389
subj03	session29	608	0.40228677203474306
subj03	session29	609	0.25770753239356403
subj03	session29	610	0.4362138687170725
subj03	session29	611	0.6549323650861455
subj03	session29	612	0.6899145664246048
subj03	session29	613	0.2669471735725473
subj03	session29	614	0.2782870568133276
subj03	session29	615	0.5722825003559733
subj03	session29	616	-0.14273387441264415
subj03	session29	617	-0.3169685319663961
subj03	session29	618	-0.12670938345436422
subj03	session29	619	0.47740424320091124
subj03	session29	620	0.8177943898618824
subj03	session29	621	0.42622525986045856
subj03	session29	622	0.3523807489676776
subj03	session29	623	0.3755916275096113
subj03	session29	624	-0.06635341022355118
subj03	session29	625	0.6815349565712658
subj03	session29	626	0.7510323223693579
subj03	session29	627	0.17748967677630642
subj03	session29	628	0.13758365370924108
subj03	session29	629	0.4313811761355546
subj03	session29	630	0.024157767335896356
subj03	session29	631	0.12199629787839955
subj03	session29	632	0.07989320803075607
subj03	session29	633	0.7122340879965827
subj03	session29	634	0.3198746974227538
subj03	session29	635	0.32205040580948313
subj03	session29	636	-0.019443257867008457
subj03	session29	637	0.056330627936779135
subj03	session29	638	0.33993592481845364
subj03	session29	639	0.7522155773885805
subj03	session29	640	0.6583041435284066
subj03	session29	641	0.767216289335042
subj03	session29	642	-0.021562010536807636
subj03	session29	643	-0.4003830271963548
subj03	session29	644	-0.003804641890929814
subj03	session29	645	-0.031667378613128315
subj03	session29	646	-0.0045336750676349
subj03	session29	647	-0.46026626797664816
subj03	session29	648	0.2850391570553894
subj03	session29	649	0.9405296881674499
subj03	session29	650	0.7247970952584366
subj03	session29	651	0.1305966111348426
subj03	session29	652	-0.09396269400541082
subj03	session29	653	-0.17768759789263852
subj03	session29	654	0.24636764915278372
subj03	session29	655	-0.04988039299444682
subj03	session29	656	0.4448825288338317
subj03	session29	657	0.720140965399402
subj03	session29	658	0.10835113199487398
subj03	session29	659	-0.37005126014523704
subj03	session29	660	-0.4236451658835256
subj03	session29	661	-0.4400028477858466
subj03	session29	662	0.2784080877118041
subj03	session29	663	0.2709853339028905
subj03	session29	664	-0.013259290901324204
subj03	session29	665	-0.08888793962694007
subj03	session29	666	0.10290616545635767
subj03	session29	667	-0.1714765769614125
subj03	session29	668	0.16037021216004552
subj03	session29	669	0.15717357254734446
subj03	session29	670	-0.16651146233803218
subj03	session29	671	0.1478442261141962
subj03	session29	672	0.32825573116901613
subj03	session29	673	0.3146361953581091
subj03	session29	674	0.435449238217286
subj03	session29	675	0.13898191655987474
subj03	session29	676	-0.02599174142104511
subj03	session29	677	0.3007034031040866
subj03	session29	678	0.3987982343727752
subj03	session29	679	0.2245151644596326
subj03	session29	680	0.15869001851060802
subj03	session29	681	0.4706094261711519
subj03	session29	682	0.7743357539513028
subj03	session29	683	0.9559903175281219
subj03	session29	684	0.38205752527409936
subj03	session29	685	0.3004755802363662
subj03	session29	686	0.20484835540367366
subj03	session29	687	0.16196924391285777
subj03	session29	688	0.056078598889363535
subj03	session29	689	0.04464189092980208
subj03	session29	690	0.7312530257724619
subj03	session29	691	0.37860173714936635
subj03	session29	692	0.45984479567136544
subj03	session29	693	0.7452983055674214
subj03	session29	694	0.5470084009682472
subj03	session29	695	0.3131624661825431
subj03	session29	696	0.12437562295315395
subj03	session29	697	0.4759091556314965
subj03	session29	698	0.13011106364801367
subj03	session29	699	0.0003702121600455314
subj03	session29	700	0.25412074611989177
subj03	session29	701	0.3219777872703973
subj03	session29	702	0.5259276662394988
subj03	session29	703	0.09059518724191938
subj03	session29	704	-0.1365057667663392
subj03	session29	705	0.03757938203047134
subj03	session29	706	0.23944183397408514
subj03	session29	707	0.4497024063790402
subj03	session29	708	0.11912715363804642
subj03	session29	709	0.41646732165741135
subj03	session29	710	0.5024975081873844
subj03	session29	711	0.44222269685319665
subj03	session29	712	0.17073045706962836
subj03	session29	713	0.44084009682471875
subj03	session29	714	0.034238929232521705
subj03	session29	715	-0.29861028050690586
subj03	session29	716	-0.46887512459063074
subj03	session29	717	-0.29784280222127296
subj03	session29	718	-0.24548056386159764
subj03	session29	719	-0.19767193507048267
subj03	session29	720	0.10850491243058522
subj03	session29	721	0.34333618111917985
subj03	session29	722	-0.07872703972661259
subj03	session29	723	0.03926811903744838
subj03	session29	724	-0.06518581802648442
subj03	session29	725	0.24442973088423753
subj03	session29	726	0.5518823864445392
subj03	session29	727	-0.03319521571977785
subj03	session29	728	0.07830699131425319
subj03	session29	729	0.07192795101808344
subj03	session29	730	0.10272390716218141
subj03	session29	731	0.361332763776164
subj03	session29	732	0.6763605296881675
subj03	session29	733	0.41070482699700983
subj03	session29	734	0.3964160615121743
subj03	session29	735	0.412292467606436
subj03	session29	736	0.28164459632635624
subj03	session29	737	0.18582372205610137
subj03	session29	738	-0.0014324362807916807
subj03	session29	739	0.17425743984052403
subj03	session29	740	0.6905766766339171
subj03	session29	741	0.5916289335042005
subj03	session29	742	0.34961697280364507
subj03	session29	743	-0.0026512886230955113
subj03	session29	744	-0.01633632350847216
subj03	session29	745	-0.027750249181261583
subj03	session29	746	-0.03120603730599458
subj03	session29	747	0.3988053538373914
subj03	session29	748	0.6819151359817741
subj03	session29	749	0.5804414068062081
subj03	session30	0	0.5498746974227539
subj03	session30	1	0.20524989320803075
subj03	session30	2	0.02624234657553752
subj03	session30	3	0.2583226541364089
subj03	session30	4	0.7024462480421472
subj03	session30	5	0.37512743841663104
subj03	session30	6	0.3298732735298306
subj03	session30	7	-0.09912857753096967
subj03	session30	8	-0.0732550192225545
subj03	session30	9	0.2231453794674641
subj03	session30	10	0.350479851915136
subj03	session30	11	0.3630912715363805
subj03	session30	12	0.3793151075039157
subj03	session30	13	0.07115904883952724
subj03	session30	14	-0.06662964545066212
subj03	session30	15	0.21826854620532538
subj03	session30	16	0.2554948027908301
subj03	session30	17	0.13141677345863592
subj03	session30	18	-0.11396269400541076
subj03	session30	19	-0.07543357539513026
subj03	session30	20	0.23024348568987613
subj03	session30	21	-0.15002420617969525
subj03	session30	22	0.2315477716075751
subj03	session30	23	0.4963391712943186
subj03	session30	24	0.3220632208457924
subj03	session30	25	0.24256158336893066
subj03	session30	26	0.1720874270254877
subj03	session30	27	-0.06308557596468743
subj03	session30	28	0.09002705396554182
subj03	session30	29	0.11396981347002708
subj03	session30	30	0.3959632635625801
subj03	session30	31	0.6097565143101239
subj03	session30	32	0.023813185248469336
subj03	session30	33	-0.01148084864018227
subj03	session30	34	-0.13823294888224405
subj03	session30	35	0.3714011106364802
subj03	session30	36	0.29692866296454506
subj03	session30	37	0.6610280506905881
subj03	session30	38	-0.18198490673501352
subj03	session30	39	0.2729887512459063
subj03	session30	40	0.4921415349565713
subj03	session30	41	0.07912145806635341
subj03	session30	42	-0.06448241492239783
subj03	session30	43	-0.12690588067777306
subj03	session30	44	0.37132849209739427
subj03	session30	45	0.17749964402676918
subj03	session30	46	0.0545820874270255
subj03	session30	47	0.28182400683468606
subj03	session30	48	0.5313284920973942
subj03	session30	49	0.3175978926384736
subj03	session30	50	0.3369884664673217
subj03	session30	51	-0.005476292182827872
subj03	session30	52	0.09528833831695856
subj03	session30	53	-0.056757795813754806
subj03	session30	54	0.29188523423038587
subj03	session30	55	0.28590773173857326
subj03	session30	56	0.36256870283354686
subj03	session30	57	0.31150505481987756
subj03	session30	58	0.054063790402961706
subj03	session30	59	-0.0481218852342304
subj03	session30	60	0.1349964402676919
subj03	session30	61	-0.004815605866438822
subj03	session30	62	0.4144055247045423
subj03	session30	63	0.22514167734586363
subj03	session30	64	0.02290758934928094
subj03	session30	65	0.0430129574256016
subj03	session30	66	0.2614352840666382
subj03	session30	67	0.1295272675494803
subj03	session30	68	-0.16001993450092553
subj03	session30	69	0.09628506336323507
subj03	session30	70	0.6414609141392567
subj03	session30	71	0.49297166453082725
subj03	session30	72	0.06255446390431439
subj03	session30	73	0.17579951587640613
subj03	session30	74	-0.01337462622810766
subj03	session30	75	-0.10172718211590492
subj03	session30	76	0.3832521714367079
subj03	session30	77	0.4203602449095828
subj03	session30	78	0.4174113626655276
subj03	session30	79	0.3763220845792397
subj03	session30	80	0.07225117471166166
subj03	session30	81	0.11334045279794956
subj03	session30	82	0.38289050263420193
subj03	session30	83	0.667848497792966
subj03	session30	84	0.32793962694005413
subj03	session30	85	0.05316673786131283
subj03	session30	86	-0.28973942759504484
subj03	session30	87	0.02662252598604586
subj03	session30	88	0.44086430300441404
subj03	session30	89	0.08853623807489676
subj03	session30	90	0.29388437989463195
subj03	session30	91	0.1613583938487826
subj03	session30	92	0.02864160615121742
subj03	session30	93	-0.16580805923394562
subj03	session30	94	0.09572974512316676
subj03	session30	95	-0.0649480279083013
subj03	session30	96	-0.10785988893635197
subj03	session30	97	0.018187384308699976
subj03	session30	98	-0.08531966396127012
subj03	session30	99	-0.21935212871992027
subj03	session30	100	-0.11548483554036733
subj03	session30	101	0.08060800227822867
subj03	session30	102	0.00279083012957426
subj03	session30	103	0.07717357254734443
subj03	session30	104	0.33528833831695853
subj03	session30	105	0.24739142816460202
subj03	session30	106	0.16746262281076463
subj03	session30	107	0.08622525986045851
subj03	session30	108	-0.169977217713228
subj03	session30	109	0.2839997152214153
subj03	session30	110	0.6493208030756087
subj03	session30	111	0.5982372205610138
subj03	session30	112	0.6515790972518867
subj03	session30	113	0.999316531396839
subj03	session30	114	0.2757454079453225
subj03	session30	115	0.1978356827566567
subj03	session30	116	-0.04602876263704969
subj03	session30	117	0.114082301010964
subj03	session30	118	-0.05888224405524702
subj03	session30	119	-0.25774455360956855
subj03	session30	120	-0.044087996582656976
subj03	session30	121	0.0008044995016374858
subj03	session30	122	0.30872419194076606
subj03	session30	123	0.3806222412074612
subj03	session30	124	0.05306848924960842
subj03	session30	125	0.13938203047130854
subj03	session30	126	0.4800626512886232
subj03	session30	127	0.29156058664388435
subj03	session30	128	0.012635625800939753
subj03	session30	129	-0.021812615691300014
subj03	session30	130	-0.06672077459775025
subj03	session30	131	0.5229830556742133
subj03	session30	132	0.6174042432009113
subj03	session30	133	0.37856471593336183
subj03	session30	134	-0.14872846361953582
subj03	session30	135	0.07055958991883811
subj03	session30	136	0.17359248184536522
subj03	session30	137	0.4726754948027908
subj03	session30	138	0.12575395130286204
subj03	session30	139	0.49024918126156913
subj03	session30	140	0.14586359105795246
subj03	session30	141	-0.20114765769614124
subj03	session30	142	-0.5840239214011106
subj03	session30	143	-0.2060017086715079
subj03	session30	144	-0.0012273956998433602
subj03	session30	145	0.44699558593193806
subj03	session30	146	0.9673757653424464
subj03	session30	147	0.21019792111633206
subj03	session30	148	-0.0989078741278656
subj03	session30	149	-0.07953011533532676
subj03	session30	150	0.270192225544639
subj03	session30	151	0.2729716645308273
subj03	session30	152	0.9469642602876264
subj03	session30	153	0.6110294745835113
subj03	session30	154	0.4579182685462053
subj03	session30	155	0.1288452228392425
subj03	session30	156	-0.08278655845080449
subj03	session30	157	-0.3763363235084722
subj03	session30	158	-0.40508756941478
subj03	session30	159	-0.10520148084864019
subj03	session30	160	0.3086629645450662
subj03	session30	161	0.6065968959134272
subj03	session30	162	0.16601452370781716
subj03	session30	163	0.4527509611277231
subj03	session30	164	0.35637049693863027
subj03	session30	165	0.24058664388437992
subj03	session30	166	-0.15258009397693292
subj03	session30	167	-0.4103588210166595
subj03	session30	168	0.04269115762494659
subj03	session30	169	0.27829275238502066
subj03	session30	170	-0.06964260287626371
subj03	session30	171	0.07990175138829561
subj03	session30	172	0.14699416203901472
subj03	session30	173	0.22252740993877262
subj03	session30	174	0.05350847216289336
subj03	session30	175	0.6806136978499217
subj03	session30	176	0.2642731026626797
subj03	session30	177	0.34419478855190094
subj03	session30	178	0.083444396981347
subj03	session30	179	0.31845650007119464
subj03	session30	180	0.4201865299729461
subj03	session30	181	0.13906592624234657
subj03	session30	182	0.7694717357254736
subj03	session30	183	0.5741292894774312
subj03	session30	184	0.48310693435853624
subj03	session30	185	0.0639270966823295
subj03	session30	186	-0.22965114623380323
subj03	session30	187	-0.07500355973230814
subj03	session30	188	-0.19045849352128721
subj03	session30	189	0.2748127580805923
subj03	session30	190	0.4951231667378613
subj03	session30	191	0.3321600455645735
subj03	session30	192	0.5319635483411648
subj03	session30	193	0.5784337177844225
subj03	session30	194	0.6875523280649295
subj03	session30	195	0.5961284351416775
subj03	session30	196	0.8064445393706393
subj03	session30	197	0.9842873415919123
subj03	session30	198	0.59766196782002
subj03	session30	199	0.0886003132564431
subj03	session30	200	0.5152641321372632
subj03	session30	201	0.4611604727324505
subj03	session30	202	0.4633475722625659
subj03	session30	203	-0.09888509184109355
subj03	session30	204	-0.3671678769756514
subj03	session30	205	-0.24526555603018652
subj03	session30	206	-0.08523707817172149
subj03	session30	207	-0.09066780578100526
subj03	session30	208	-0.3212330912715364
subj03	session30	209	-0.1100840096824719
subj03	session30	210	-0.21144809910294748
subj03	session30	211	-0.03865869286629646
subj03	session30	212	-0.12242631354122166
subj03	session30	213	0.3697607859888936
subj03	session30	214	0.5275395130286202
subj03	session30	215	-0.03270539655417911
subj03	session30	216	0.013202335184394145
subj03	session30	217	-0.2717143670795957
subj03	session30	218	-0.33592624234657553
subj03	session30	219	0.1709226826142674
subj03	session30	220	0.9588480706250888
subj03	session30	221	0.8860230670653568
subj03	session30	222	-0.05223408799658265
subj03	session30	223	0.10663106934358535
subj03	session30	224	0.35301865299729457
subj03	session30	225	0.4218083440125303
subj03	session30	226	0.3946575537519578
subj03	session30	227	0.2186715079026057
subj03	session30	228	0.10333048554748687
subj03	session30	229	0.19833262138687172
subj03	session30	230	0.03540794532251176
subj03	session30	231	0.04540082585789548
subj03	session30	232	-0.11026626797664815
subj03	session30	233	0.10390146660971096
subj03	session30	234	0.2740310408657269
subj03	session30	235	0.33323223693578247
subj03	session30	236	0.2653581090701979
subj03	session30	237	0.338848070625089
subj03	session30	238	0.50736864587783
subj03	session30	239	0.32486259433290615
subj03	session30	240	0.3908158906450235
subj03	session30	241	0.0027025487683326205
subj03	session30	242	-0.053689306564146375
subj03	session30	243	0.17934358536238076
subj03	session30	244	0.43891356969955847
subj03	session30	245	0.2985946176847501
subj03	session30	246	0.5439911718638758
subj03	session30	247	0.4397550904172006
subj03	session30	248	0.3520290474156344
subj03	session30	249	0.7638316958564716
subj03	session30	250	0.7093948455076178
subj03	session30	251	0.5032934643314823
subj03	session30	252	0.2485376619678201
subj03	session30	253	0.3039740851487968
subj03	session30	254	0.19795244197636336
subj03	session30	255	0.49074469599886084
subj03	session30	256	0.3143499928805354
subj03	session30	257	0.1741705823722056
subj03	session30	258	0.18027196354834116
subj03	session30	259	-0.005191513598177424
subj03	session30	260	0.03744695998860886
subj03	session30	261	0.15630642175708387
subj03	session30	262	-0.14593193791826856
subj03	session30	263	0.019782144382742402
subj03	session30	264	0.25637334472447676
subj03	session30	265	-0.02088281361241634
subj03	session30	266	0.2282685462053254
subj03	session30	267	0.5568631638900755
subj03	session30	268	0.6330086857468319
subj03	session30	269	0.2274939484550762
subj03	session30	270	0.27717072476149796
subj03	session30	271	0.08643172433433008
subj03	session30	272	0.28860885661398256
subj03	session30	273	-0.09412359390573828
subj03	session30	274	-0.09903460059803501
subj03	session30	275	-0.061137690445678496
subj03	session30	276	0.1644425459205468
subj03	session30	277	-0.2059248184536523
subj03	session30	278	-0.332117328776876
subj03	session30	279	-0.6350448526270824
subj03	session30	280	-0.23894916702263994
subj03	session30	281	-0.08695571693008683
subj03	session30	282	-0.40075039157055387
subj03	session30	283	0.7377004129289476
subj03	session30	284	0.8128591769898904
subj03	session30	285	0.9558792538801081
subj03	session30	286	0.9650249181261568
subj03	session30	287	1.2054592054677489
subj03	session30	288	0.7485219991456642
subj03	session30	289	0.5554805638615976
subj03	session30	290	0.5325715506193934
subj03	session30	291	0.3259789263847359
subj03	session30	292	0.39339740851487964
subj03	session30	293	0.32147942474725905
subj03	session30	294	0.14260572404955146
subj03	session30	295	0.06447244767193505
subj03	session30	296	-0.14523423038587496
subj03	session30	297	-0.19745835113199484
subj03	session30	298	-0.1985177274668945
subj03	session30	299	-0.35519863306279365
subj03	session30	300	-0.35603161042289627
subj03	session30	301	-0.3600882813612416
subj03	session30	302	-0.4176035882101666
subj03	session30	303	-0.4626911576249466
subj03	session30	304	0.3680962551616119
subj03	session30	305	0.7204713085575963
subj03	session30	306	0.8643314822725331
subj03	session30	307	0.6293022924676065
subj03	session30	308	0.6955346717926812
subj03	session30	309	0.21951872419194077
subj03	session30	310	0.4511020931225972
subj03	session30	311	0.5712131567706109
subj03	session30	312	0.7214609141392567
subj03	session30	313	0.22245763918553324
subj03	session30	314	0.5696070055531823
subj03	session30	315	0.7501552043286346
subj03	session30	316	0.012974512316673787
subj03	session30	317	-0.006762067492524567
subj03	session30	318	0.22129289477431296
subj03	session30	319	0.21256300726185395
subj03	session30	320	0.3723138260002848
subj03	session30	321	0.1971792681190375
subj03	session30	322	-0.0229018937775879
subj03	session30	323	0.011808344012530251
subj03	session30	324	-0.11065356685177273
subj03	session30	325	-0.23739285205752528
subj03	session30	326	0.4195443542645593
subj03	session30	327	0.5384152071764203
subj03	session30	328	0.5193037163605297
subj03	session30	329	0.31358393848782573
subj03	session30	330	0.36233091271536383
subj03	session30	331	0.31813612416346293
subj03	session30	332	0.17921116332051829
subj03	session30	333	0.23636480136693722
subj03	session30	334	0.13109924533675066
subj03	session30	335	0.02745835113199485
subj03	session30	336	-0.13319094404100812
subj03	session30	337	-0.24120746119891787
subj03	session30	338	0.06719208315534672
subj03	session30	339	-0.1952954577815748
subj03	session30	340	0.3582571550619394
subj03	session30	341	0.1363591057952442
subj03	session30	342	-0.00878969101523566
subj03	session30	343	0.31314965114623383
subj03	session30	344	0.18509753666524278
subj03	session30	345	0.35263847358678624
subj03	session30	346	0.21188665812330912
subj03	session30	347	-0.057955289762209865
subj03	session30	348	0.2856144097963833
subj03	session30	349	0.5490744695998863
subj03	session30	350	0.38567278940623667
subj03	session30	351	0.44590630784565005
subj03	session30	352	0.5002150078314112
subj03	session30	353	0.5338188808201624
subj03	session30	354	-0.10249608429446105
subj03	session30	355	0.03294318667236224
subj03	session30	356	0.20671507902605724
subj03	session30	357	0.0383838815321088
subj03	session30	358	-0.17521999145664244
subj03	session30	359	-0.3523864445393707
subj03	session30	360	-0.025177274668944913
subj03	session30	361	0.055607290331767034
subj03	session30	362	0.4162807916844653
subj03	session30	363	-0.06421614694574969
subj03	session30	364	0.06201196070055531
subj03	session30	365	0.06680905595899188
subj03	session30	366	0.3951060800227823
subj03	session30	367	0.07459205467748825
subj03	session30	368	0.32064502349423324
subj03	session30	369	0.3257980919834828
subj03	session30	370	0.24113199487398548
subj03	session30	371	0.5535725473444396
subj03	session30	372	0.526618254307276
subj03	session30	373	0.10303573971237363
subj03	session30	374	-0.02700270539655418
subj03	session30	375	0.20151359817741707
subj03	session30	376	-0.17767335896340597
subj03	session30	377	0.026736437419906084
subj03	session30	378	0.25445678484977935
subj03	session30	379	0.06915135981774173
subj03	session30	380	-0.1269642602876264
subj03	session30	381	0.0907660543927097
subj03	session30	382	0.11379182685462055
subj03	session30	383	0.5081517869856187
subj03	session30	384	0.3743955574540795
subj03	session30	385	0.25401253025772463
subj03	session30	386	0.3846347714651858
subj03	session30	387	0.3880891356969956
subj03	session30	388	0.16541648868005127
subj03	session30	389	0.21041292894774316
subj03	session30	390	0.2605866438843799
subj03	session30	391	0.0717471166168304
subj03	session30	392	0.22185533247899758
subj03	session30	393	-0.21822440552470454
subj03	session30	394	0.34231952157197776
subj03	session30	395	0.1572903317670511
subj03	session30	396	0.5201025202904741
subj03	session30	397	0.5740666381888081
subj03	session30	398	0.14338316958564717
subj03	session30	399	0.6869101523565427
subj03	session30	400	0.8863391712943187
subj03	session30	401	0.4445934785704115
subj03	session30	402	-0.1942303858749822
subj03	session30	403	-0.24173999715221414
subj03	session30	404	-0.10097536665242772
subj03	session30	405	-0.12773031468033602
subj03	session30	406	-0.21230385874982202
subj03	session30	407	-0.2985590203616688
subj03	session30	408	-0.08701124875409366
subj03	session30	409	0.20666951445251314
subj03	session30	410	-0.3873316246618254
subj03	session30	411	0.19088708529118611
subj03	session30	412	0.42596468745550337
subj03	session30	413	0.8416232379325075
subj03	session30	414	0.49435996013099814
subj03	session30	415	0.08673786131282926
subj03	session30	416	-0.19399117186387582
subj03	session30	417	-0.04871564858322656
subj03	session30	418	-0.09791969243912861
subj03	session30	419	0.16203331909440408
subj03	session30	420	0.40982486117044004
subj03	session30	421	0.3368531966396128
subj03	session30	422	0.5640609426171153
subj03	session30	423	0.38151075039157056
subj03	session30	424	-0.09977217713227968
subj03	session30	425	0.23239498789691013
subj03	session30	426	-0.137374341449523
subj03	session30	427	0.2323992595756799
subj03	session30	428	0.366052968816745
subj03	session30	429	0.26470596611134845
subj03	session30	430	0.5069656841805495
subj03	session30	431	-0.08823722056101381
subj03	session30	432	-0.08986330627936778
subj03	session30	433	0.15002847785846507
subj03	session30	434	0.3882884807062509
subj03	session30	435	0.4018325501922255
subj03	session30	436	0.5043542645593051
subj03	session30	437	0.16226968531966393
subj03	session30	438	0.5450747543784707
subj03	session30	439	0.20377474013954147
subj03	session30	440	0.4167179268119037
subj03	session30	441	0.6368645877829987
subj03	session30	442	-0.20755375195785278
subj03	session30	443	-0.0044881104940907995
subj03	session30	444	0.6721899473159619
subj03	session30	445	0.4675694147800085
subj03	session30	446	0.14126441691584793
subj03	session30	447	0.0297081019507333
subj03	session30	448	0.1726285063363235
subj03	session30	449	0.23048127580805922
subj03	session30	450	0.3601608999003275
subj03	session30	451	0.06170155204328634
subj03	session30	452	-0.004402676918695722
subj03	session30	453	0.6343727751673074
subj03	session30	454	0.4352299587071053
subj03	session30	455	0.11236651003844508
subj03	session30	456	-0.09417485405097537
subj03	session30	457	0.43934358536238083
subj03	session30	458	0.7578969101523565
subj03	session30	459	0.31477858465043435
subj03	session30	460	0.06759219706678056
subj03	session30	461	-0.2013028620247757
subj03	session30	462	-0.21047985191513596
subj03	session30	463	-0.2918724191940766
subj03	session30	464	-0.18408942047558022
subj03	session30	465	0.08731880962551614
subj03	session30	466	0.2829730884237506
subj03	session30	467	0.1122839242488965
subj03	session30	468	0.09553894347145095
subj03	session30	469	0.11378613128292753
subj03	session30	470	0.15466752100242065
subj03	session30	471	0.0506578385305425
subj03	session30	472	0.011113484265983197
subj03	session30	473	0.2801153353267834
subj03	session30	474	0.13382030471308556
subj03	session30	475	-0.0447216289335042
subj03	session30	476	0.5985291186102806
subj03	session30	477	0.5586316389007546
subj03	session30	478	0.08562580093976932
subj03	session30	479	0.26588352555887795
subj03	session30	480	1.031852484693151
subj03	session30	481	0.4663833119749395
subj03	session30	482	0.07557454079453224
subj03	session30	483	0.08583226541364089
subj03	session30	484	0.11128435141677348
subj03	session30	485	0.12289762209881816
subj03	session30	486	-0.273444396981347
subj03	session30	487	0.09281788409511608
subj03	session30	488	0.3971109212587213
subj03	session30	489	0.22830556742132993
subj03	session30	490	0.11630072618539083
subj03	session30	491	-0.03584365655702692
subj03	session30	492	0.13553609568560443
subj03	session30	493	0.524546490103944
subj03	session30	494	0.36546632493236514
subj03	session30	495	0.44156201053680766
subj03	session30	496	-0.045900612273957
subj03	session30	497	0.20875124590630784
subj03	session30	498	0.35253168161754234
subj03	session30	499	0.28130570981062225
subj03	session30	500	0.27042289619820586
subj03	session30	501	0.2514523707817172
subj03	session30	502	0.019382030471308553
subj03	session30	503	0.013180976790545359
subj03	session30	504	0.25343300583796097
subj03	session30	505	0.6107888366794818
subj03	session30	506	0.7257753096967108
subj03	session30	507	0.5438146091413926
subj03	session30	508	0.2754136408942048
subj03	session30	509	-0.05570269115762496
subj03	session30	510	0.20439555745407947
subj03	session30	511	0.5200270539655417
subj03	session30	512	0.5026925815178699
subj03	session30	513	0.3669599886088566
subj03	session30	514	0.15668375338174567
subj03	session30	515	-0.09575822298163178
subj03	session30	516	-0.25015235654278806
subj03	session30	517	-0.05829702406379043
subj03	session30	518	0.16436565570269115
subj03	session30	519	0.07182543072760926
subj03	session30	520	0.2034116474441122
subj03	session30	521	0.3527452655560302
subj03	session30	522	-0.07551188950590917
subj03	session30	523	0.22190516873131141
subj03	session30	524	0.470022782286772
subj03	session30	525	0.4137348711376905
subj03	session30	526	-0.029532963121173282
subj03	session30	527	0.03144240353125446
subj03	session30	528	0.06573544069485973
subj03	session30	529	0.2783297736010252
subj03	session30	530	0.030808771180407247
subj03	session30	531	0.15746262281076462
subj03	session30	532	0.23480279083012962
subj03	session30	533	0.3750163747686174
subj03	session30	534	0.11209597038302718
subj03	session30	535	-0.20181688737006978
subj03	session30	536	-0.02914281646020218
subj03	session30	537	0.1823722056101381
subj03	session30	538	0.40136693720632216
subj03	session30	539	-0.019438986188238618
subj03	session30	540	0.0619350704826997
subj03	session30	541	0.18814324362807916
subj03	session30	542	0.23061227395699843
subj03	session30	543	0.20427595044852628
subj03	session30	544	0.20957283212302436
subj03	session30	545	0.2708799658265698
subj03	session30	546	0.19001566282215576
subj03	session30	547	-9.112914708812894e-05
subj03	session30	548	0.30597465470596613
subj03	session30	549	0.37886800512601454
subj03	session30	550	0.10569414780008543
subj03	session30	551	-0.08978214438274243
subj03	session30	552	0.03832834970810196
subj03	session30	553	-0.10062936067207746
subj03	session30	554	0.4064132137263278
subj03	session30	555	0.13008258578954862
subj03	session30	556	-0.06439840523992593
subj03	session30	557	0.43335326783425887
subj03	session30	558	0.6806535668517727
subj03	session30	559	0.3276591200341735
subj03	session30	560	0.2442531681617542
subj03	session30	561	0.26898761213156774
subj03	session30	562	-0.054122170012815045
subj03	session30	563	0.6014139256727894
subj03	session30	564	0.3549651146233803
subj03	session30	565	0.2443770468460772
subj03	session30	566	0.21726043001566284
subj03	session30	567	-0.18395984621956432
subj03	session30	568	-0.22755232806492953
subj03	session30	569	-0.1302349423323366
subj03	session30	570	-0.025755375195785284
subj03	session30	571	0.49576391855332486
subj03	session30	572	0.6551516445963264
subj03	session30	573	0.5363932792254021
subj03	session30	574	0.5817001281503631
subj03	session30	575	0.41970667805781003
subj03	session30	576	0.16480279083012955
subj03	session30	577	0.35572689733732027
subj03	session30	578	0.1887498220133846
subj03	session30	579	-0.06782001993450094
subj03	session30	580	0.219497365798092
subj03	session30	581	0.5598049266695144
subj03	session30	582	0.3859632635625801
subj03	session30	583	0.2839456072903318
subj03	session30	584	0.06551473729175568
subj03	session30	585	-0.013830271963548328
subj03	session30	586	0.022853481418197315
subj03	session30	587	-0.24501922255446387
subj03	session30	588	-0.1882728178840951
subj03	session30	589	0.3301039441833974
subj03	session30	590	0.3028378185960416
subj03	session30	591	0.03531396838957711
subj03	session30	592	0.08585789548625941
subj03	session30	593	0.20141677345863593
subj03	session30	594	0.17222696853196642
subj03	session30	595	0.10920689164174853
subj03	session30	596	-0.16577673358963407
subj03	session30	597	0.022789406236651013
subj03	session30	598	0.012725331055104656
subj03	session30	599	0.17138971949309412
subj03	session30	600	0.613947031183255
subj03	session30	601	0.32155773885803784
subj03	session30	602	-0.00770610850064076
subj03	session30	603	-0.23144667521002418
subj03	session30	604	-0.013770468460771743
subj03	session30	605	-0.12353979780720492
subj03	session30	606	0.05106934358536239
subj03	session30	607	0.2809169870425744
subj03	session30	608	0.028903602449095803
subj03	session30	609	0.014377046846077182
subj03	session30	610	0.052296739285205764
subj03	session30	611	0.17618111917983764
subj03	session30	612	0.1977659120034174
subj03	session30	613	0.577696141250178
subj03	session30	614	0.7469614125017798
subj03	session30	615	0.22388295600170868
subj03	session30	616	0.06021643172433433
subj03	session30	617	-0.028759789263847365
subj03	session30	618	0.48200911291470877
subj03	session30	619	0.6768232948882243
subj03	session30	620	0.5031254449665384
subj03	session30	621	0.3530186529972946
subj03	session30	622	0.5328719920261996
subj03	session30	623	0.5236736437419907
subj03	session30	624	0.29104656129859036
subj03	session30	625	0.15657838530542503
subj03	session30	626	0.2835583084152071
subj03	session30	627	0.555161611846789
subj03	session30	628	0.48801366937206325
subj03	session30	629	0.6859917414210451
subj03	session30	630	0.39544069485974653
subj03	session30	631	0.30013242204186247
subj03	session30	632	-0.006426028762637045
subj03	session30	633	-0.054065214295884935
subj03	session30	634	-0.056465897764488085
subj03	session30	635	0.14463049978641607
subj03	session30	636	0.25063648013669365
subj03	session30	637	0.33156913000142385
subj03	session30	638	-0.02086572689733733
subj03	session30	639	0.42262281076463054
subj03	session30	640	0.22140965399401968
subj03	session30	641	-0.11196639612701123
subj03	session30	642	0.023465755375195785
subj03	session30	643	0.013986900185106083
subj03	session30	644	0.3152926099957283
subj03	session30	645	0.3861440979638331
subj03	session30	646	0.5001623237932508
subj03	session30	647	0.21949878969101524
subj03	session30	648	0.10230243485689877
subj03	session30	649	0.37686173999715217
subj03	session30	650	0.19176420333190947
subj03	session30	651	0.2828634486686601
subj03	session30	652	-0.0302434856898761
subj03	session30	653	-0.052301010963975485
subj03	session30	654	-0.04413783283497082
subj03	session30	655	-0.2642061796952869
subj03	session30	656	0.1954307276092838
subj03	session30	657	0.4166866011675922
subj03	session30	658	0.2830115335326783
subj03	session30	659	0.15065926242346575
subj03	session30	660	0.14624092268261427
subj03	session30	661	0.04174426883098388
subj03	session30	662	0.15410365940481274
subj03	session30	663	0.06801224547914
subj03	session30	664	0.2623935640039869
subj03	session30	665	-0.11373344724476724
subj03	session30	666	-0.06933219421899471
subj03	session30	667	0.0653196639612701
subj03	session30	668	0.4378356827566567
subj03	session30	669	-0.028788267122312396
subj03	session30	670	-0.1024832692581518
subj03	session30	671	-0.06259006122739569
subj03	session30	672	-0.22845507617827138
subj03	session30	673	0.3886715079026057
subj03	session30	674	0.29245906307845654
subj03	session30	675	0.6288808201623238
subj03	session30	676	0.7009853339028905
subj03	session30	677	0.11183397408514882
subj03	session30	678	0.2269770753239356
subj03	session30	679	0.16327637761640323
subj03	session30	680	0.3068759789263848
subj03	session30	681	0.23762209881816887
subj03	session30	682	0.1869585647159334
subj03	session30	683	0.12367221984906734
subj03	session30	684	0.20104940908443683
subj03	session30	685	0.10640751815463476
subj03	session30	686	0.1905182970240638
subj03	session30	687	0.0797323081304286
subj03	session30	688	0.2736451658835255
subj03	session30	689	0.5873885803787555
subj03	session30	690	0.11383027196354835
subj03	session30	691	0.0709525843656557
subj03	session30	692	-0.05571408230101097
subj03	session30	693	0.02755944752954582
subj03	session30	694	0.1535981774170582
subj03	session30	695	0.38114480991029476
subj03	session30	696	0.02265698419478854
subj03	session30	697	0.16455360956856047
subj03	session30	698	0.32457639185533244
subj03	session30	699	-0.04461768475010681
subj03	session30	700	0.07707390004271679
subj03	session30	701	0.1424234657553752
subj03	session30	702	0.042564431154777156
subj03	session30	703	0.014664673216574116
subj03	session30	704	0.25036309269542933
subj03	session30	705	0.3887811476576961
subj03	session30	706	0.8609426171151929
subj03	session30	707	0.622473302007689
subj03	session30	708	0.7498191655987471
subj03	session30	709	0.6875067634913855
subj03	session30	710	0.13880677773031466
subj03	session30	711	-0.15970952584365655
subj03	session30	712	-0.5212359390573829
subj03	session30	713	-0.2667008400968247
subj03	session30	714	-0.07068489249608428
subj03	session30	715	-0.5832051829702406
subj03	session30	716	0.1689434714509469
subj03	session30	717	0.16084152071764207
subj03	session30	718	0.3860956856044425
subj03	session30	719	-0.03601309981489391
subj03	session30	720	0.2986601167592197
subj03	session30	721	0.04634059518724193
subj03	session30	722	0.09694574967962412
subj03	session30	723	0.24011960700555318
subj03	session30	724	0.6330314680336039
subj03	session30	725	0.46573259290901325
subj03	session30	726	0.3487028335469173
subj03	session30	727	0.5682699700982485
subj03	session30	728	0.6554492382172861
subj03	session30	729	0.3580763206606863
subj03	session30	730	-0.028489249608429426
subj03	session30	731	-0.1303958422326641
subj03	session30	732	0.6591186102805068
subj03	session30	733	0.3925145949024634
subj03	session30	734	0.2980777445536095
subj03	session30	735	-0.03324362807916845
subj03	session30	736	-0.09525986045849352
subj03	session30	737	-0.05023351843941336
subj03	session30	738	-0.008020788836679475
subj03	session30	739	0.17836679481702977
subj03	session30	740	0.09741421045137404
subj03	session30	741	0.1759518724191941
subj03	session30	742	-0.011144809910294748
subj03	session30	743	0.20290616545635773
subj03	session30	744	-0.20204471023779014
subj03	session30	745	0.07069343585362382
subj03	session30	746	0.20244197636337746
subj03	session30	747	0.3137334472447671
subj03	session30	748	0.29168161754236077
subj03	session30	749	0.1535454933788979
subj03	session31	0	0.6545877829987184
subj03	session31	1	0.1689847643457212
subj03	session31	2	-0.4164587782998718
subj03	session31	3	0.1630143813185248
subj03	session31	4	0.31187099530115336
subj03	session31	5	0.25356969955859326
subj03	session31	6	-0.15362380748967677
subj03	session31	7	-0.12484835540367359
subj03	session31	8	0.0425416488680051
subj03	session31	9	0.0823067065356685
subj03	session31	10	0.3575081873843087
subj03	session31	11	0.696098533390289
subj03	session31	12	0.19160472732450518
subj03	session31	13	0.11153922825003558
subj03	session31	14	0.4993193791826855
subj03	session31	15	0.9243855902036167
subj03	session31	16	0.19020646447387154
subj03	session31	17	-0.12664388437989466
subj03	session31	18	-0.32272533105510465
subj03	session31	19	0.23566282215577386
subj03	session31	20	0.6081147657696141
subj03	session31	21	0.40514594902463336
subj03	session31	22	0.27377901181831127
subj03	session31	23	0.12075608714224692
subj03	session31	24	0.05672931795528979
subj03	session31	25	-0.15865869286629644
subj03	session31	26	0.24916702263989746
subj03	session31	27	0.23745835113199487
subj03	session31	28	0.05006977075323938
subj03	session31	29	0.1044026769186957
subj03	session31	30	-0.3690046988466467
subj03	session31	31	-0.22465328207318808
subj03	session31	32	0.23132849209739426
subj03	session31	33	0.47006977075323936
subj03	session31	34	0.6910494090844368
subj03	session31	35	0.47847073900042714
subj03	session31	36	0.5260401537804358
subj03	session31	37	0.34227680478428024
subj03	session31	38	0.31751815463477145
subj03	session31	39	0.026898761213156774
subj03	session31	40	-0.042224120746119906
subj03	session31	41	-0.10575964687455502
subj03	session31	42	-0.021623237932507477
subj03	session31	43	0.41102662679766483
subj03	session31	44	-0.011094973657980917
subj03	session31	45	-0.1620390146660971
subj03	session31	46	-0.07431439555745406
subj03	session31	47	0.37226114196212445
subj03	session31	48	0.3080905595899188
subj03	session31	49	0.49435426455930515
subj03	session31	50	0.25176705111775594
subj03	session31	51	-0.11086715079026056
subj03	session31	52	0.016903032891926524
subj03	session31	53	0.2279937348711377
subj03	session31	54	0.459198348284209
subj03	session31	55	0.7049252456215293
subj03	session31	56	0.777006977075324
subj03	session31	57	0.6049010394418339
subj03	session31	58	0.39181261569130005
subj03	session31	59	0.39046134130713367
subj03	session31	60	-0.02704115050548197
subj03	session31	61	-0.24241634629075895
subj03	session31	62	-0.15192937491100672
subj03	session31	63	-0.13463477146518585
subj03	session31	64	0.0034387014096539685
subj03	session31	65	0.22673501352698275
subj03	session31	66	0.18196070055531824
subj03	session31	67	-0.22008258578954865
subj03	session31	68	-0.10008970525416491
subj03	session31	69	0.2025217143670796
subj03	session31	70	0.36788551900897054
subj03	session31	71	0.400999572832123
subj03	session31	72	0.24395984621956424
subj03	session31	73	0.26169728036451656
subj03	session31	74	-0.08880820162323792
subj03	session31	75	0.10710237790118182
subj03	session31	76	-0.019404812758080585
subj03	session31	77	0.07149366367649153
subj03	session31	78	0.15893208030756084
subj03	session31	79	0.11050548198775452
subj03	session31	80	0.2696098533390289
subj03	session31	81	0.17434144952299588
subj03	session31	82	0.009307988039299447
subj03	session31	83	-0.016846077174996466
subj03	session31	84	0.03585789548625944
subj03	session31	85	0.05737576534244622
subj03	session31	86	0.7476477288907875
subj03	session31	87	0.7227936779154207
subj03	session31	88	0.5533105510465612
subj03	session31	89	0.6896696568418055
subj03	session31	90	0.24988893635198633
subj03	session31	91	0.1633190944041008
subj03	session31	92	0.3101566282215577
subj03	session31	93	0.2788224405524704
subj03	session31	94	0.33831695856471594
subj03	session31	95	0.5848070625088994
subj03	session31	96	-0.14260430015662823
subj03	session31	97	-0.14632350847216294
subj03	session31	98	0.13551188950590914
subj03	session31	99	0.4543713512743842
subj03	session31	100	0.5788580378755517
subj03	session31	101	0.7592068916417485
subj03	session31	102	0.37065926242346575
subj03	session31	103	-0.1962936067207746
subj03	session31	104	-0.4015719777872704
subj03	session31	105	-0.07641036594048126
subj03	session31	106	0.04591200341734302
subj03	session31	107	0.3112288195927666
subj03	session31	108	0.6278356827566567
subj03	session31	109	0.5925373771892353
subj03	session31	110	-0.0667492524562153
subj03	session31	111	-0.12692154349992882
subj03	session31	112	-0.30226968531966397
subj03	session31	113	0.22084579239641178
subj03	session31	114	0.13886942901893778
subj03	session31	115	0.27194930941193224
subj03	session31	116	0.007439840523992592
subj03	session31	117	-0.28347999430442833
subj03	session31	118	-0.036777730314680276
subj03	session31	119	0.22562580093976936
subj03	session31	120	0.5843371778442261
subj03	session31	121	0.5764303004414068
subj03	session31	122	0.5556969955859319
subj03	session31	123	1.081039441833974
subj03	session31	124	0.973613840239214
subj03	session31	125	0.45487683326213874
subj03	session31	126	0.43571693008685747
subj03	session31	127	0.4421728606008828
subj03	session31	128	0.5249038872276806
subj03	session31	129	0.7620005695571693
subj03	session31	130	0.5072362238359676
subj03	session31	131	0.15134557881247332
subj03	session31	132	0.37706820447102374
subj03	session31	133	0.24008400968247187
subj03	session31	134	0.2779780720489819
subj03	session31	135	0.022132991599031735
subj03	session31	136	-0.11366794817029759
subj03	session31	137	0.53245621529261
subj03	session31	138	0.3751772746689449
subj03	session31	139	-0.028756941478000835
subj03	session31	140	0.4445037733162466
subj03	session31	141	0.42565000711946466
subj03	session31	142	0.3113526982770896
subj03	session31	143	0.3452271109212587
subj03	session31	144	-0.02216004556457353
subj03	session31	145	0.207538089135697
subj03	session31	146	-0.23562864872561584
subj03	session31	147	-0.017922540224975074
subj03	session31	148	-0.0743969813470027
subj03	session31	149	0.00511889505909155
subj03	session31	150	-0.08388580378755517
subj03	session31	151	0.08856186814751532
subj03	session31	152	0.412286772034743
subj03	session31	153	0.3246689448953439
subj03	session31	154	-0.03631069343585362
subj03	session31	155	0.03272105937633492
subj03	session31	156	0.12991029474583513
subj03	session31	157	0.4082329488822441
subj03	session31	158	0.1080677773031468
subj03	session31	159	0.563116901608999
subj03	session31	160	0.4824320091129147
subj03	session31	161	0.542817884095116
subj03	session31	162	0.2004940908443685
subj03	session31	163	-0.05057810052684037
subj03	session31	164	0.09277374341449524
subj03	session31	165	0.44845507617827135
subj03	session31	166	0.781292894774313
subj03	session31	167	0.3427908301295743
subj03	session31	168	0.24046988466467323
subj03	session31	169	0.18332194218994732
subj03	session31	170	0.2948497792965969
subj03	session31	171	0.3804499501637476
subj03	session31	172	0.3440353125444967
subj03	session31	173	0.1390730457069628
subj03	session31	174	-0.06995728321230242
subj03	session31	175	-0.03219706678057808
subj03	session31	176	0.11694147800085433
subj03	session31	177	0.20870995301153356
subj03	session31	178	0.22685034885376618
subj03	session31	179	0.027505339598462204
subj03	session31	180	0.0683753381745693
subj03	session31	181	-0.07217998006549908
subj03	session31	182	0.14818026484408375
subj03	session31	183	0.34080734728748396
subj03	session31	184	0.16458351131994872
subj03	session31	185	0.3171892353695002
subj03	session31	186	0.4472490388722768
subj03	session31	187	0.4657468318382457
subj03	session31	188	0.24828563292040445
subj03	session31	189	0.11445108927808627
subj03	session31	190	0.06334614836964263
subj03	session31	191	0.06436707959561443
subj03	session31	192	0.2703830271963549
subj03	session31	193	0.06952441976363377
subj03	session31	194	0.29783710664957996
subj03	session31	195	0.5396169728036452
subj03	session31	196	0.7566581233091271
subj03	session31	197	0.36910294745835115
subj03	session31	198	0.12438986188238645
subj03	session31	199	0.1478057810052684
subj03	session31	200	0.1810451374056671
subj03	session31	201	0.18726470169443257
subj03	session31	202	-0.07155631496511464
subj03	session31	203	-0.11267549480279085
subj03	session31	204	0.07379752242631353
subj03	session31	205	0.23271109212587213
subj03	session31	206	0.17235511889505908
subj03	session31	207	0.07336465897764488
subj03	session31	208	0.3288893635198633
subj03	session31	209	0.18270112487540938
subj03	session31	210	0.627983767620675
subj03	session31	211	0.8615449238217286
subj03	session31	212	0.5613769044567849
subj03	session31	213	0.19266267976648155
subj03	session31	214	0.40663676491527834
subj03	session31	215	0.2676861739997152
subj03	session31	216	0.22600028477858464
subj03	session31	217	-0.06644738715648585
subj03	session31	218	0.05209027481133418
subj03	session31	219	0.339339313683611
subj03	session31	220	0.47380464189092986
subj03	session31	221	0.11484123593905737
subj03	session31	222	0.19399259575679909
subj03	session31	223	0.05796810479851917
subj03	session31	224	0.009239641178983345
subj03	session31	225	-0.029659689591342714
subj03	session31	226	0.14309554321515022
subj03	session31	227	0.09651858180264843
subj03	session31	228	-0.1800484123593906
subj03	session31	229	-0.05138544781432437
subj03	session31	230	0.07222696853196639
subj03	session31	231	-0.15149651146233806
subj03	session31	232	-0.07555745407945322
subj03	session31	233	0.049159903175281225
subj03	session31	234	0.2643172433433006
subj03	session31	235	0.5533888651573403
subj03	session31	236	0.7885974654705966
subj03	session31	237	0.3017613555460629
subj03	session31	238	0.03978926384735869
subj03	session31	239	0.015732592909013257
subj03	session31	240	0.5869300868574683
subj03	session31	241	0.6566552755232806
subj03	session31	242	0.33793677915420756
subj03	session31	243	0.3380464189092981
subj03	session31	244	0.42723764772889083
subj03	session31	245	0.10722625658550479
subj03	session31	246	0.3861654563576819
subj03	session31	247	0.3937818596041578
subj03	session31	248	0.20209169870425742
subj03	session31	249	0.09650434287341593
subj03	session31	250	-0.1235070482699701
subj03	session31	251	-0.014676064359960151
subj03	session31	252	0.33839812046134127
subj03	session31	253	0.10030898476434572
subj03	session31	254	0.028960558166025895
subj03	session31	255	0.44232948882244055
subj03	session31	256	0.3514181973515592
subj03	session31	257	0.16185675637192087
subj03	session31	258	-0.06564288765484837
subj03	session31	259	0.018069201196070066
subj03	session31	260	0.160982486117044
subj03	session31	261	0.11470739000427167
subj03	session31	262	-0.16326356258009397
subj03	session31	263	0.25047130855759653
subj03	session31	264	0.12015805211448098
subj03	session31	265	-0.04751530684892492
subj03	session31	266	0.30441833974085153
subj03	session31	267	0.5135853623807489
subj03	session31	268	0.1305923394560729
subj03	session31	269	-0.11686031610422898
subj03	session31	270	-0.06309696710807348
subj03	session31	271	0.6372590061227396
subj03	session31	272	0.5504100811618966
subj03	session31	273	0.519503061369785
subj03	session31	274	0.5661554891072191
subj03	session31	275	0.33792254022497503
subj03	session31	276	0.3504485262708244
subj03	session31	277	0.6015833689306564
subj03	session31	278	0.476437419906023
subj03	session31	279	0.10901751388295604
subj03	session31	280	-0.10139399117186383
subj03	session31	281	-0.035835113199487394
subj03	session31	282	-0.13446105652854903
subj03	session31	283	0.14305709810622239
subj03	session31	284	0.10649010394418341
subj03	session31	285	0.13755232806492954
subj03	session31	286	0.20976363377474017
subj03	session31	287	-0.01709668232948885
subj03	session31	288	-0.09886942901893779
subj03	session31	289	0.14801509326498646
subj03	session31	290	0.1805795244197636
subj03	session31	291	0.020156628221557744
subj03	session31	292	-0.18140680620817312
subj03	session31	293	0.38796383311974936
subj03	session31	294	0.6150121030898477
subj03	session31	295	0.36639897479709527
subj03	session31	296	0.07351559162750962
subj03	session31	297	0.6682457639185533
subj03	session31	298	0.548876548483554
subj03	session31	299	0.10764345721201767
subj03	session31	300	0.4611277231952157
subj03	session31	301	0.42131710095400826
subj03	session31	302	0.3431482272533105
subj03	session31	303	0.3625729745123167
subj03	session31	304	0.20011391143386015
subj03	session31	305	0.27236935782429156
subj03	session31	306	-0.3169841947885519
subj03	session31	307	-0.09910721913712087
subj03	session31	308	-0.48360529688167453
subj03	session31	309	0.10696141250177987
subj03	session31	310	0.011055104656129869
subj03	session31	311	0.43030044140680623
subj03	session31	312	0.7761213156770611
subj03	session31	313	0.3955147372917556
subj03	session31	314	0.7337120888509183
subj03	session31	315	0.3456371920831554
subj03	session31	316	-0.14104228961982057
subj03	session31	317	0.1940580948312687
subj03	session31	318	0.21900897052541646
subj03	session31	319	0.38910864303004417
subj03	session31	320	0.08608856613982627
subj03	session31	321	0.0940609426171152
subj03	session31	322	0.399226826142674
subj03	session31	323	0.14099814893919976
subj03	session31	324	0.16809767905453513
subj03	session31	325	-0.08460059803502772
subj03	session31	326	-0.006947173572547327
subj03	session31	327	0.5332578670084009
subj03	session31	328	0.33606578385305425
subj03	session31	329	-0.17109070197921114
subj03	session31	330	-0.10304713085575963
subj03	session31	331	0.12219849067350137
subj03	session31	332	0.10457639185533246
subj03	session31	333	0.17330627936779155
subj03	session31	334	0.11762921828278514
subj03	session31	335	-0.26982486117043997
subj03	session31	336	-0.12354549337889786
subj03	session31	337	0.15423465755375196
subj03	session31	338	0.2923921401110636
subj03	session31	339	0.32178129004698847
subj03	session31	340	0.6166695144525132
subj03	session31	341	0.5616275096112773
subj03	session31	342	0.28656699416203896
subj03	session31	343	0.29500925530400113
subj03	session31	344	-0.02466324932365088
subj03	session31	345	0.4340054107931084
subj03	session31	346	0.033168161754236064
subj03	session31	347	0.23198917841378325
subj03	session31	348	0.30026342019080166
subj03	session31	349	0.10730884237505339
subj03	session31	350	0.42330912715363805
subj03	session31	351	0.323591057952442
subj03	session31	352	0.5705353837391429
subj03	session31	353	0.8308429446105653
subj03	session31	354	0.07551046561298594
subj03	session31	355	0.3088409511604727
subj03	session31	356	0.29833974085148796
subj03	session31	357	0.05982058949167021
subj03	session31	358	0.07468033603872988
subj03	session31	359	-0.35158764060942616
subj03	session31	360	-0.11573544069485972
subj03	session31	361	0.2864886800512601
subj03	session31	362	0.6216445963263563
subj03	session31	363	0.271479424747259
subj03	session31	364	-0.07498077744553612
subj03	session31	365	-0.3313954150647871
subj03	session31	366	-0.0904584935212872
subj03	session31	367	0.2002263989747971
subj03	session31	368	0.22576819023209457
subj03	session31	369	0.4474341449522996
subj03	session31	370	0.24548056386159764
subj03	session31	371	-0.019504485262708232
subj03	session31	372	0.14549195500498363
subj03	session31	373	0.5338316958564715
subj03	session31	374	0.11463192367933928
subj03	session31	375	0.567713227965257
subj03	session31	376	0.34424035312544504
subj03	session31	377	0.34253737718923544
subj03	session31	378	-0.0011775594475295296
subj03	session31	379	0.43809767905453506
subj03	session31	380	0.4557980919834828
subj03	session31	381	0.7986957140823011
subj03	session31	382	0.2935753951302862
subj03	session31	383	0.30641463761925103
subj03	session31	384	0.5489178413783284
subj03	session31	385	0.34325217143670794
subj03	session31	386	0.29211448099102943
subj03	session31	387	0.30755090417200626
subj03	session31	388	-0.031130570981062256
subj03	session31	389	0.1348725615833689
subj03	session31	390	0.27363235084721627
subj03	session31	391	0.8329588494945179
subj03	session31	392	0.7535939057382885
subj03	session31	393	0.06684607717499645
subj03	session31	394	-0.012312402107361523
subj03	session31	395	-0.29836394703118324
subj03	session31	396	0.1506322084579239
subj03	session31	397	0.007848497792965982
subj03	session31	398	0.03217855617257582
subj03	session31	399	-0.31180122454791404
subj03	session31	400	-0.05676776306421759
subj03	session31	401	0.324799943044283
subj03	session31	402	0.5298205894916702
subj03	session31	403	0.4780692011960701
subj03	session31	404	0.19743414495229955
subj03	session31	405	0.3333917129431867
subj03	session31	406	0.01840239214011107
subj03	session31	407	0.06028905026342017
subj03	session31	408	0.27769614125017794
subj03	session31	409	-0.06914139256727893
subj03	session31	410	-0.1335469172718212
subj03	session31	411	0.16725331055104656
subj03	session31	412	0.12286629645450661
subj03	session31	413	0.4112117328776876
subj03	session31	414	0.1587583653709241
subj03	session31	415	0.13277659120034174
subj03	session31	416	-0.07833689306564146
subj03	session31	417	-0.10947458351131993
subj03	session31	418	0.2882913284920974
subj03	session31	419	0.5942375053395984
subj03	session31	420	0.6360486971379752
subj03	session31	421	0.26059518724191943
subj03	session31	422	0.3008756941478001
subj03	session31	423	0.3715036309269543
subj03	session31	424	0.473608144667521
subj03	session31	425	0.2200327495372348
subj03	session31	426	0.1564630499786416
subj03	session31	427	0.15760501210308986
subj03	session31	428	0.3021828278513456
subj03	session31	429	0.6323878684322939
subj03	session31	430	0.6604243200911292
subj03	session31	431	0.8030200768902178
subj03	session31	432	0.278175993165314
subj03	session31	433	0.23144952299587068
subj03	session31	434	0.1610394418339741
subj03	session31	435	0.20873843086999858
subj03	session31	436	0.42472020504058094
subj03	session31	437	0.15108215862167163
subj03	session31	438	0.06513598177417057
subj03	session31	439	0.22931510750391568
subj03	session31	440	0.37738715648583226
subj03	session31	441	0.3043129716645308
subj03	session31	442	0.14938345436423184
subj03	session31	443	0.49986615406521434
subj03	session31	444	0.7296838957710381
subj03	session31	445	0.6038359675352413
subj03	session31	446	0.573823152498932
subj03	session31	447	0.3973558308415207
subj03	session31	448	-0.0629802078883668
subj03	session31	449	-0.21873700697707535
subj03	session31	450	-0.1594518012245479
subj03	session31	451	0.05247187811476579
subj03	session31	452	0.44656984194788557
subj03	session31	453	0.4937448383881532
subj03	session31	454	0.4089135696995586
subj03	session31	455	0.2604698846646732
subj03	session31	456	0.13493521287199203
subj03	session31	457	-0.0345550334614837
subj03	session31	458	-0.32164459632635617
subj03	session31	459	-0.4163804641890929
subj03	session31	460	0.009732308130428585
subj03	session31	461	0.05759931653139684
subj03	session31	462	-0.025654278798234374
subj03	session31	463	0.014523707817172136
subj03	session31	464	-0.058855190089705266
subj03	session31	465	0.06228961982058951
subj03	session31	466	0.17045564573544067
subj03	session31	467	0.1921586216716503
subj03	session31	468	0.544725900612274
subj03	session31	469	0.5263391712943187
subj03	session31	470	0.3725302577246191
subj03	session31	471	0.12659974369927385
subj03	session31	472	0.29323223693578243
subj03	session31	473	0.5681745692723907
subj03	session31	474	0.3391029474583511
subj03	session31	475	0.4854862594332907
subj03	session31	476	0.16611562010536807
subj03	session31	477	0.035016374768617395
subj03	session31	478	-0.03774312971664531
subj03	session31	479	0.20664388437989464
subj03	session31	480	0.3135725473444397
subj03	session31	481	0.150672077459775
subj03	session31	482	0.15207461198917843
subj03	session31	483	0.2330015662822156
subj03	session31	484	0.6064844083724904
subj03	session31	485	0.5193037163605296
subj03	session31	486	0.4822483269258152
subj03	session31	487	0.13707959561440977
subj03	session31	488	0.06885803787555177
subj03	session31	489	0.2063890075466325
subj03	session31	490	0.18484977929659688
subj03	session31	491	0.25024206179695285
subj03	session31	492	-0.08951872419194076
subj03	session31	493	-0.16961270112487542
subj03	session31	494	0.08412786558450805
subj03	session31	495	0.12919692439128577
subj03	session31	496	0.29328349708101953
subj03	session31	497	0.5661170439982914
subj03	session31	498	0.5094090844368503
subj03	session31	499	0.24682756656699417
subj03	session31	500	0.26539228250035596
subj03	session31	501	0.6224576391855332
subj03	session31	502	0.5497052541648868
subj03	session31	503	0.24256015947600743
subj03	session31	504	0.20946461626085713
subj03	session31	505	-0.03512886230955432
subj03	session31	506	0.12406236651003845
subj03	session31	507	0.19776733589634057
subj03	session31	508	0.1885974654705966
subj03	session31	509	0.07430300441406806
subj03	session31	510	0.5088295600170868
subj03	session31	511	0.38168019364943756
subj03	session31	512	0.29345578812473305
subj03	session31	513	0.43262138687170726
subj03	session31	514	-0.15022782286772032
subj03	session31	515	-0.043253595329631196
subj03	session31	516	0.4813484265983198
subj03	session31	517	0.40262423465755376
subj03	session31	518	0.32612273956998433
subj03	session31	519	0.5187640609426172
subj03	session31	520	0.3890830129574256
subj03	session31	521	0.12434429730884239
subj03	session31	522	0.3008984764345722
subj03	session31	523	0.17061369784992167
subj03	session31	524	0.21326783425886373
subj03	session31	525	0.11888082016232378
subj03	session31	526	0.25081873843086994
subj03	session31	527	-0.006450234942332359
subj03	session31	528	-0.023092695429303728
subj03	session31	529	0.08051402534529402
subj03	session31	530	-0.13258009397693293
subj03	session31	531	0.30204043855902035
subj03	session31	532	0.1274184821301438
subj03	session31	533	-0.12393421614694572
subj03	session31	534	0.037758792538801066
subj03	session31	535	0.1684280222127296
subj03	session31	536	0.41003844510892784
subj03	session31	537	0.2836950021358394
subj03	session31	538	0.25798946319236793
subj03	session31	539	0.5115434999288053
subj03	session31	540	0.01818880820162325
subj03	session31	541	-0.016225259860458512
subj03	session31	542	0.0344510892780863
subj03	session31	543	0.06290046988466468
subj03	session31	544	-0.06379609853339027
subj03	session31	545	0.22533532678342588
subj03	session31	546	0.32783141107788694
subj03	session31	547	0.16487113769044567
subj03	session31	548	-0.059718069201196065
subj03	session31	549	0.1389790687740282
subj03	session31	550	0.3119436138402392
subj03	session31	551	0.5011946461626086
subj03	session31	552	0.4956428876548483
subj03	session31	553	0.4297422753808913
subj03	session31	554	0.30375053395984625
subj03	session31	555	0.2562380748967677
subj03	session31	556	0.29172860600882816
subj03	session31	557	0.3518168873700698
subj03	session31	558	0.4484023921401111
subj03	session31	559	0.27780862879111484
subj03	session31	560	0.14673786131282926
subj03	session31	561	-0.07317243343300583
subj03	session31	562	0.15180407233376056
subj03	session31	563	0.4426669514452513
subj03	session31	564	0.28003702121600454
subj03	session31	565	0.25122597180692013
subj03	session31	566	0.6752726754948027
subj03	session31	567	0.6086259433290617
subj03	session31	568	-0.06990032749537234
subj03	session31	569	0.12894204755802363
subj03	session31	570	0.012245479139968695
subj03	session31	571	0.004653282073188077
subj03	session31	572	-0.07874982201338458
subj03	session31	573	0.2882172860600883
subj03	session31	574	0.28876406094261714
subj03	session31	575	0.6226797664815608
subj03	session31	576	0.25295457781574826
subj03	session31	577	0.27101096397550906
subj03	session31	578	-0.04739142816460205
subj03	session31	579	0.12026057240495514
subj03	session31	580	-0.03892211305709811
subj03	session31	581	0.22870995301153352
subj03	session31	582	-0.05450377331624663
subj03	session31	583	-0.038633062793677925
subj03	session31	584	0.17203189520148082
subj03	session31	585	-0.14839527267549477
subj03	session31	586	0.2699060230670653
subj03	session31	587	0.3694133561156201
subj03	session31	588	0.26784280222127294
subj03	session31	589	0.310338886515734
subj03	session31	590	-0.045850776021643176
subj03	session31	591	0.10996013099814894
subj03	session31	592	-0.1068503488537662
subj03	session31	593	0.22540082585789548
subj03	session31	594	0.17593763348996155
subj03	session31	595	0.060603730599458894
subj03	session31	596	0.5257767335896341
subj03	session31	597	0.9228506336323509
subj03	session31	598	0.48236508614552187
subj03	session31	599	0.24885946176847498
subj03	session31	600	0.48053538373914273
subj03	session31	601	0.5813854478143243
subj03	session31	602	0.3072675494802791
subj03	session31	603	0.12114765769614126
subj03	session31	604	0.18031895201480852
subj03	session31	605	0.5529859034600598
subj03	session31	606	0.35296312117328776
subj03	session31	607	0.3591043713512743
subj03	session31	608	0.31017229104371347
subj03	session31	609	0.17742417770183677
subj03	session31	610	0.24236935782429161
subj03	session31	611	-0.4989762209881817
subj03	session31	612	-0.4926057240495515
subj03	session31	613	-0.33259575679908865
subj03	session31	614	-0.22488680051260146
subj03	session31	615	0.2695884949451801
subj03	session31	616	0.05931653139683896
subj03	session31	617	-0.004177701836821885
subj03	session31	618	0.294274526555603
subj03	session31	619	0.29155631496511464
subj03	session31	620	0.37164744411220274
subj03	session31	621	0.596673786131283
subj03	session31	622	0.5583667948170297
subj03	session31	623	0.2674597750249182
subj03	session31	624	0.3351359817741706
subj03	session31	625	0.6101438131852485
subj03	session31	626	0.41161327068204473
subj03	session31	627	0.6730912715363804
subj03	session31	628	0.1897821443827424
subj03	session31	629	0.057828563292040426
subj03	session31	630	0.29600740424320093
subj03	session31	631	0.6670739000427167
subj03	session31	632	0.47941050832977355
subj03	session31	633	0.21257867008400969
subj03	session31	634	-0.4257397123736295
subj03	session31	635	-0.3312886230955432
subj03	session31	636	0.08713655133133988
subj03	session31	637	0.3341278655845081
subj03	session31	638	0.4838502064644738
subj03	session31	639	0.8709198348284208
subj03	session31	640	0.3098106222412075
subj03	session31	641	0.2909169870425744
subj03	session31	642	-0.10898903602449098
subj03	session31	643	0.1434828420902748
subj03	session31	644	0.4625615833689306
subj03	session31	645	0.33769044567848494
subj03	session31	646	-0.014710237790118196
subj03	session31	647	-0.07861739997152213
subj03	session31	648	0.3692068916417485
subj03	session31	649	0.5675323935640041
subj03	session31	650	0.4979695286914423
subj03	session31	651	0.07345863591057956
subj03	session31	652	-0.10163605296881675
subj03	session31	653	-0.0070482699700982485
subj03	session31	654	0.47650007119464616
subj03	session31	655	0.2903844510892781
subj03	session31	656	0.20444254592054678
subj03	session31	657	0.31611989178413785
subj03	session31	658	0.27844368503488537
subj03	session31	659	0.18147800085433577
subj03	session31	660	0.02206322084579241
subj03	session31	661	0.25804784280222126
subj03	session31	662	0.8936081446675209
subj03	session31	663	0.41578100526840384
subj03	session31	664	0.2767478285632921
subj03	session31	665	0.30164602021927955
subj03	session31	666	0.25803075608714227
subj03	session31	667	-0.27977502491812617
subj03	session31	668	0.016586928662964552
subj03	session31	669	-0.06512174284493803
subj03	session31	670	-0.07696995585931939
subj03	session31	671	0.15362380748967677
subj03	session31	672	0.09963405951872421
subj03	session31	673	0.4097565143101238
subj03	session31	674	0.3404072333760501
subj03	session31	675	0.17474156343442976
subj03	session31	676	0.004143528406663814
subj03	session31	677	0.39880108215862164
subj03	session31	678	0.388164602021928
subj03	session31	679	0.14701979211163319
subj03	session31	680	-0.05947743129716648
subj03	session31	681	-0.030263420190801655
subj03	session31	682	0.08729887512459064
subj03	session31	683	0.31675494802790827
subj03	session31	684	0.43194076605439274
subj03	session31	685	0.24883383169585646
subj03	session31	686	0.23421045137405666
subj03	session31	687	0.31470596611134843
subj03	session31	688	0.17839812046134132
subj03	session31	689	0.09554748682899045
subj03	session31	690	0.20507760216431725
subj03	session31	691	0.37243628079168445
subj03	session31	692	0.717747401395415
subj03	session31	693	0.23967108073472876
subj03	session31	694	0.030138117613555445
subj03	session31	695	0.2623665100384451
subj03	session31	696	0.2042617115192938
subj03	session31	697	0.20041577673358965
subj03	session31	698	0.2265598746974228
subj03	session31	699	0.1508813897194931
subj03	session31	700	0.6911960700555317
subj03	session31	701	0.4507988039299444
subj03	session31	702	0.17722340879965826
subj03	session31	703	-0.01553324789975792
subj03	session31	704	-0.034714509468887954
subj03	session31	705	-0.303924248896483
subj03	session31	706	-0.165573116901609
subj03	session31	707	0.34313398832407804
subj03	session31	708	0.4071920831553467
subj03	session31	709	0.227199202619963
subj03	session31	710	0.3351260145237078
subj03	session31	711	0.12599458920689163
subj03	session31	712	0.07604442545920546
subj03	session31	713	-0.18872561583368933
subj03	session31	714	-0.321140538231525
subj03	session31	715	-0.0848640182258294
subj03	session31	716	-0.021364089420475598
subj03	session31	717	0.6407802933219422
subj03	session31	718	0.5650889933077033
subj03	session31	719	-0.011691584792823569
subj03	session31	720	-0.06847785846504345
subj03	session31	721	0.4829289477431297
subj03	session31	722	0.2862822155773886
subj03	session31	723	0.010354549337889795
subj03	session31	724	0.28107646304997863
subj03	session31	725	-0.2984963690730457
subj03	session31	726	-0.0827324505197209
subj03	session31	727	0.26497650576676635
subj03	session31	728	0.1698148939199772
subj03	session31	729	0.4951431012387869
subj03	session31	730	0.961292894774313
subj03	session31	731	0.7401110636480137
subj03	session31	732	-0.21398120461341308
subj03	session31	733	0.041223124021073615
subj03	session31	734	-0.02418909298020789
subj03	session31	735	-0.23808913569699555
subj03	session31	736	-0.2505610138117613
subj03	session31	737	0.2943841663106934
subj03	session31	738	0.602263989747971
subj03	session31	739	0.34074754378470734
subj03	session31	740	0.47935640039868993
subj03	session31	741	0.37319948739854764
subj03	session31	742	0.27476149793535526
subj03	session31	743	0.32737291755659975
subj03	session31	744	0.19696426028762637
subj03	session31	745	0.05133133988324078
subj03	session31	746	0.1349537234799943
subj03	session31	747	0.013380321799800664
subj03	session31	748	0.2651260145237079
subj03	session31	749	0.27801366937206323
subj03	session32	0	0.6616445963263562
subj03	session32	1	0.7561412501779866
subj03	session32	2	0.0988865157340168
subj03	session32	3	0.046260857183539804
subj03	session32	4	0.19703403104086575
subj03	session32	5	-0.3924476719350705
subj03	session32	6	-0.33094973657980925
subj03	session32	7	-0.0865413640894205
subj03	session32	8	-0.11796098533390291
subj03	session32	9	0.17216574113626654
subj03	session32	10	0.2932080307560871
subj03	session32	11	0.26948170297593615
subj03	session32	12	0.261795528976221
subj03	session32	13	0.6947956713655133
subj03	session32	14	0.33563149651146235
subj03	session32	15	0.3330101096397551
subj03	session32	16	0.46556457354406955
subj03	session32	17	0.757995158764061
subj03	session32	18	0.5544396981347003
subj03	session32	19	0.5909682471878114
subj03	session32	20	0.6060486971379753
subj03	session32	21	0.6530528264274527
subj03	session32	22	0.24369642602876265
subj03	session32	23	-0.45184821301438133
subj03	session32	24	-0.050677773031468025
subj03	session32	25	0.1560729033176705
subj03	session32	26	0.35113341876690873
subj03	session32	27	-0.07121885234230385
subj03	session32	28	0.23314822725331052
subj03	session32	29	0.14471735725473447
subj03	session32	30	0.32423180976790544
subj03	session32	31	0.7171806920119608
subj03	session32	32	0.46226541364089424
subj03	session32	33	0.6811846789121457
subj03	session32	34	0.2578897906877403
subj03	session32	35	0.5901480848640183
subj03	session32	36	0.6673885803787555
subj03	session32	37	0.4131240210736153
subj03	session32	38	0.3158550477004129
subj03	session32	39	-0.042563007261853913
subj03	session32	40	0.2925886373344725
subj03	session32	41	-0.08715790972518868
subj03	session32	42	-0.1128549053111206
subj03	session32	43	0.06415776733589637
subj03	session32	44	0.3770226398974797
subj03	session32	45	0.15984764345721203
subj03	session32	46	-0.2166453082728179
subj03	session32	47	0.028829560017086718
subj03	session32	48	0.5261583368930657
subj03	session32	49	0.3838957710380179
subj03	session32	50	0.03541364089420475
subj03	session32	51	0.41952584365655704
subj03	session32	52	0.8498618823864446
subj03	session32	53	0.4171465185818027
subj03	session32	54	0.5645835113199488
subj03	session32	55	0.3385433575395131
subj03	session32	56	0.23432009112914706
subj03	session32	57	0.6051858180264844
subj03	session32	58	0.1794461056528549
subj03	session32	59	-0.07119179837676207
subj03	session32	60	0.29292467606435996
subj03	session32	61	0.6165299729460344
subj03	session32	62	0.47259006122739566
subj03	session32	63	0.6384821301438132
subj03	session32	64	0.8805439270966824
subj03	session32	65	0.5974412644169158
subj03	session32	66	0.7557667663391713
subj03	session32	67	1.1058436565570269
subj03	session32	68	0.6940823010109639
subj03	session32	69	0.24130143813185254
subj03	session32	70	0.3478684322938915
subj03	session32	71	0.27431439555745407
subj03	session32	72	0.12791399686743557
subj03	session32	73	0.2827025487683326
subj03	session32	74	0.09314537946746405
subj03	session32	75	0.090988181688737
subj03	session32	76	0.2908415207176421
subj03	session32	77	-0.012803645165883505
subj03	session32	78	-0.5651089278086289
subj03	session32	79	-0.4169300868574683
subj03	session32	80	-0.12928520575252736
subj03	session32	81	0.10665242773743415
subj03	session32	82	0.2216289335042005
subj03	session32	83	0.03178271393991174
subj03	session32	84	0.32152071764203327
subj03	session32	85	0.20514310123878682
subj03	session32	86	0.287397123736295
subj03	session32	87	0.8617243343300584
subj03	session32	88	0.8383554036736437
subj03	session32	89	0.5964744411220276
subj03	session32	90	0.49549195500498366
subj03	session32	91	0.6979809198348285
subj03	session32	92	0.580123878684323
subj03	session32	93	0.334952299587071
subj03	session32	94	0.2795457781574826
subj03	session32	95	0.08773316246618255
subj03	session32	96	0.12185248469315105
subj03	session32	97	0.5287341591912288
subj03	session32	98	0.24148654421187524
subj03	session32	99	0.18543927096682333
subj03	session32	100	0.01258721344154919
subj03	session32	101	0.09781574825573118
subj03	session32	102	0.3912501779866153
subj03	session32	103	0.2476420333190944
subj03	session32	104	0.23253737718923537
subj03	session32	105	0.23454791399686742
subj03	session32	106	0.328391000996725
subj03	session32	107	0.49486544211875266
subj03	session32	108	0.5950192225544639
subj03	session32	109	0.4116161184678912
subj03	session32	110	0.2679424747259006
subj03	session32	111	0.35003274953723484
subj03	session32	112	0.2791456642460487
subj03	session32	113	0.02800654990744696
subj03	session32	114	-0.03697707532393563
subj03	session32	115	0.24841235939057382
subj03	session32	116	0.5371963548341164
subj03	session32	117	0.29278086287911154
subj03	session32	118	0.32761355546062937
subj03	session32	119	0.3851929374911006
subj03	session32	120	0.25829560017086717
subj03	session32	121	0.014456784849779311
subj03	session32	122	0.29114623380321797
subj03	session32	123	0.1700313256443115
subj03	session32	124	0.2740523992595757
subj03	session32	125	0.7340794532251175
subj03	session32	126	0.7277659120034172
subj03	session32	127	0.25384878257155064
subj03	session32	128	0.095257012672647
subj03	session32	129	0.31647016944325784
subj03	session32	130	0.33512031895201483
subj03	session32	131	0.6966809055958991
subj03	session32	132	0.4424861170439984
subj03	session32	133	0.015237078171721494
subj03	session32	134	0.15314822725331054
subj03	session32	135	0.45723052826427457
subj03	session32	136	0.3645322511747116
subj03	session32	137	0.416612558735583
subj03	session32	138	-0.1328591769898904
subj03	session32	139	0.04363804641890929
subj03	session32	140	0.2073900042716788
subj03	session32	141	0.5608842375053396
subj03	session32	142	0.5767179268119038
subj03	session32	143	0.576030186529973
subj03	session32	144	0.5305709810622241
subj03	session32	145	0.11190801651715791
subj03	session32	146	-0.3707589349280934
subj03	session32	147	-0.3443514167734586
subj03	session32	148	0.4479524419763634
subj03	session32	149	0.5899202619962978
subj03	session32	150	0.7133504200484124
subj03	session32	151	0.5628563292040439
subj03	session32	152	0.23780578100526842
subj03	session32	153	0.30275950448526273
subj03	session32	154	0.07022639897479711
subj03	session32	155	0.22010252029047414
subj03	session32	156	0.4044624804214723
subj03	session32	157	0.4387854193364659
subj03	session32	158	0.44920546774882536
subj03	session32	159	0.4034116474441122
subj03	session32	160	0.36553324789975794
subj03	session32	161	0.580266267976648
subj03	session32	162	0.6684878257155061
subj03	session32	163	0.5576092837818597
subj03	session32	164	0.43355403673643744
subj03	session32	165	-0.07627082443400258
subj03	session32	166	-0.0010693435853623672
subj03	session32	167	-0.0958080592339456
subj03	session32	168	0.24885661398262854
subj03	session32	169	0.16301438131852486
subj03	session32	170	0.3311305709810622
subj03	session32	171	0.503754805638616
subj03	session32	172	0.24964972234087998
subj03	session32	173	-0.03538943471450948
subj03	session32	174	0.266075751103517
subj03	session32	175	0.2336152641321372
subj03	session32	176	0.07601737149366371
subj03	session32	177	-0.27500498362523135
subj03	session32	178	-0.36736864587782997
subj03	session32	179	0.4655218567563719
subj03	session32	180	1.099068774028193
subj03	session32	181	0.7533418766908728
subj03	session32	182	0.6705296881674498
subj03	session32	183	0.7127495372348
subj03	session32	184	0.33686031610422895
subj03	session32	185	-0.09538231524989321
subj03	session32	186	0.07577673358963408
subj03	session32	187	0.2581831126299302
subj03	session32	188	0.5448939199772176
subj03	session32	189	0.5785205752527409
subj03	session32	190	-0.10297736010252032
subj03	session32	191	-0.19939769329346427
subj03	session32	192	0.24201765627224836
subj03	session32	193	0.25503346148369643
subj03	session32	194	0.006979923109782134
subj03	session32	195	0.025788124733020074
subj03	session32	196	-0.14443685034885376
subj03	session32	197	-0.13201338459347858
subj03	session32	198	0.04436707959561443
subj03	session32	199	0.25683753381745694
subj03	session32	200	-0.42126868859461764
subj03	session32	201	-0.5368517727466895
subj03	session32	202	-0.03315249893208029
subj03	session32	203	0.4991385447814323
subj03	session32	204	0.7640296169728035
subj03	session32	205	0.6267022639897479
subj03	session32	206	0.6110180834401253
subj03	session32	207	0.7560842944610565
subj03	session32	208	0.7682827851345578
subj03	session32	209	0.9515164459632636
subj03	session32	210	0.572077459775025
subj03	session32	211	0.23674782856329205
subj03	session32	212	0.8254819877545209
subj03	session32	213	0.3513626655275523
subj03	session32	214	0.10122312402107363
subj03	session32	215	0.31811191798376753
subj03	session32	216	0.022268261426740727
subj03	session32	217	0.10947458351131996
subj03	session32	218	0.16404955147372918
subj03	session32	219	0.6959333618111917
subj03	session32	220	0.8920561013811761
subj03	session32	221	0.2619863306279368
subj03	session32	222	0.4751502207034032
subj03	session32	223	0.2840367364374199
subj03	session32	224	0.23671507902605718
subj03	session32	225	0.4866737861312829
subj03	session32	226	0.4178798234372775
subj03	session32	227	-0.04863306279367794
subj03	session32	228	-0.19994162039014662
subj03	session32	229	-0.1345521856756372
subj03	session32	230	0.23214438274241778
subj03	session32	231	-0.25791969243912855
subj03	session32	232	-0.1900384451089278
subj03	session32	233	0.06647301722910438
subj03	session32	234	0.009527267549480292
subj03	session32	235	0.10395984621956428
subj03	session32	236	0.1601594760074042
subj03	session32	237	-0.01849494518012251
subj03	session32	238	0.11698277089562865
subj03	session32	239	0.7448640182258295
subj03	session32	240	0.5962822155773885
subj03	session32	241	0.16697280364516584
subj03	session32	242	0.7705581660259149
subj03	session32	243	0.6311946461626086
subj03	session32	244	0.34628221557738864
subj03	session32	245	0.0955104656129859
subj03	session32	246	-0.20224690303289192
subj03	session32	247	-0.04172291043713513
subj03	session32	248	0.2880150932649865
subj03	session32	249	0.5211775594475296
subj03	session32	250	-0.18973942759504484
subj03	session32	251	0.0360373059945892
subj03	session32	252	0.36614979353552607
subj03	session32	253	0.38699700982486107
subj03	session32	254	0.29602733874412646
subj03	session32	255	0.19685462053253597
subj03	session32	256	0.024045279794959438
subj03	session32	257	-0.23593193791826858
subj03	session32	258	0.22373059945892063
subj03	session32	259	0.8601708671507902
subj03	session32	260	0.7978727039726612
subj03	session32	261	0.4386302150078315
subj03	session32	262	0.23858749822013384
subj03	session32	263	0.2208571835397978
subj03	session32	264	0.1333190944041008
subj03	session32	265	0.3032550192225545
subj03	session32	266	0.22357824291613274
subj03	session32	267	-0.15157340168019362
subj03	session32	268	0.0067820019934501105
subj03	session32	269	0.7835440694859747
subj03	session32	270	0.7384038160330343
subj03	session32	271	0.5404015378043571
subj03	session32	272	0.11280506905880677
subj03	session32	273	0.15387726043001565
subj03	session32	274	0.27732165741136267
subj03	session32	275	0.15527979495941904
subj03	session32	276	0.2702107361526413
subj03	session32	277	0.2738188808201623
subj03	session32	278	-0.01872703972661255
subj03	session32	279	0.1271579097251887
subj03	session32	280	0.1303004414068062
subj03	session32	281	0.04427595044852627
subj03	session32	282	0.3961896625373772
subj03	session32	283	-0.042864872561583375
subj03	session32	284	-0.011835397978072065
subj03	session32	285	-0.11019934500925534
subj03	session32	286	-0.059477431297166455
subj03	session32	287	0.12489961554891074
subj03	session32	288	0.26034885376619676
subj03	session32	289	0.07627794389861882
subj03	session32	290	0.38271393991171865
subj03	session32	291	0.5377502491812616
subj03	session32	292	0.3560145237078172
subj03	session32	293	0.46091556314965104
subj03	session32	294	0.5666011675921971
subj03	session32	295	0.370637904029617
subj03	session32	296	0.28756087142246906
subj03	session32	297	0.5971550619393422
subj03	session32	298	0.48334187669087286
subj03	session32	299	0.18772746689448952
subj03	session32	300	-0.06433717784422613
subj03	session32	301	0.29888224405524705
subj03	session32	302	0.7601338459347856
subj03	session32	303	0.6202007689021785
subj03	session32	304	0.29910579524419767
subj03	session32	305	0.15973088423750534
subj03	session32	306	0.1202819307988039
subj03	session32	307	0.13759646874555034
subj03	session32	308	0.23126726470169442
subj03	session32	309	0.33460344582087426
subj03	session32	310	0.5368475010679197
subj03	session32	311	0.5985205752527409
subj03	session32	312	0.344866866011676
subj03	session32	313	0.39211875266979923
subj03	session32	314	0.7557781574825574
subj03	session32	315	0.5915449238217286
subj03	session32	316	0.4183696426028763
subj03	session32	317	0.0729232521714367
subj03	session32	318	0.08029759362095971
subj03	session32	319	0.2709696710807347
subj03	session32	320	0.30385732592909015
subj03	session32	321	0.14133276377616405
subj03	session32	322	0.6783027196354835
subj03	session32	323	0.9729218282785135
subj03	session32	324	0.8423679339313683
subj03	session32	325	0.6824547913996867
subj03	session32	326	0.21085860743272106
subj03	session32	327	0.020908443685034896
subj03	session32	328	0.011314253168161759
subj03	session32	329	0.006051544923821737
subj03	session32	330	0.07946746404670371
subj03	session32	331	0.4666040153780435
subj03	session32	332	0.7939911718638759
subj03	session32	333	0.6229018937775879
subj03	session32	334	0.39163890075466323
subj03	session32	335	0.2741862451943614
subj03	session32	336	-0.0077986615406521465
subj03	session32	337	-0.21493094119322226
subj03	session32	338	-0.5733831695856472
subj03	session32	339	-0.3489918838103374
subj03	session32	340	-0.369333618111918
subj03	session32	341	-0.3811206037305995
subj03	session32	342	-0.021886658123309134
subj03	session32	343	0.1701665954720205
subj03	session32	344	0.12260430015662821
subj03	session32	345	0.1984536522853481
subj03	session32	346	0.26582087427025486
subj03	session32	347	0.4022739569984337
subj03	session32	348	0.49359248184536525
subj03	session32	349	0.32291043713512746
subj03	session32	350	1.0880378755517583
subj03	session32	351	0.9255360956856046
subj03	session32	352	0.55122597180692
subj03	session32	353	0.9291741421045138
subj03	session32	354	0.7232336608287058
subj03	session32	355	0.5941933646589777
subj03	session32	356	0.727764488110494
subj03	session32	357	-0.18081873843087
subj03	session32	358	-0.2656201053680763
subj03	session32	359	0.15594048127580806
subj03	session32	360	-0.11550477004129289
subj03	session32	361	0.20727751673074185
subj03	session32	362	-0.04846077174996438
subj03	session32	363	0.20501637476861742
subj03	session32	364	0.20685034885376619
subj03	session32	365	0.5933262138687171
subj03	session32	366	0.432970240637904
subj03	session32	367	0.05101808344012528
subj03	session32	368	0.3139712373629503
subj03	session32	369	0.4473501352698277
subj03	session32	370	0.3978513455788125
subj03	session32	371	0.30660828705681326
subj03	session32	372	0.6109055958991884
subj03	session32	373	0.4538758365370924
subj03	session32	374	0.8040666381888083
subj03	session32	375	0.6395771038017941
subj03	session32	376	0.18768617399971524
subj03	session32	377	0.4346831838245764
subj03	session32	378	0.7550391570553894
subj03	session32	379	0.7286800512601452
subj03	session32	380	0.41420475580236366
subj03	session32	381	0.17873131140538234
subj03	session32	382	0.4548825288338316
subj03	session32	383	0.4106151217428449
subj03	session32	384	0.47450519720916984
subj03	session32	385	0.3496739285205753
subj03	session32	386	0.29869001851060795
subj03	session32	387	0.5333404527979496
subj03	session32	388	0.6933746262281076
subj03	session32	389	0.4388124733020078
subj03	session32	390	0.35730172291043716
subj03	session32	391	0.37733732023351846
subj03	session32	392	0.1095059091556315
subj03	session32	393	-0.05066068631638899
subj03	session32	394	-0.16029901751388295
subj03	session32	395	0.014730172291043708
subj03	session32	396	-0.24629075893492808
subj03	session32	397	-0.2734700270539655
subj03	session32	398	-0.3137804357112345
subj03	session32	399	-0.30898191655987467
subj03	session32	400	-0.09818453652285349
subj03	session32	401	0.2899686743556884
subj03	session32	402	0.33486259433290616
subj03	session32	403	0.10155489107219136
subj03	session32	404	-0.03539797807204902
subj03	session32	405	0.14874982201338457
subj03	session32	406	0.18577103801794106
subj03	session32	407	0.5132464758650149
subj03	session32	408	0.9461768475010679
subj03	session32	409	0.5264886800512601
subj03	session32	410	0.8946390431439557
subj03	session32	411	0.9915947600740426
subj03	session32	412	0.6928905026342019
subj03	session32	413	0.42195215719777873
subj03	session32	414	0.49288338316958563
subj03	session32	415	0.1398633062793678
subj03	session32	416	-0.017999430442830745
subj03	session32	417	-0.18937491100669226
subj03	session32	418	0.3533874412644169
subj03	session32	419	1.0074070909867578
subj03	session32	420	0.6017698989036024
subj03	session32	421	0.4559091556314966
subj03	session32	422	-0.20166737861312828
subj03	session32	423	-0.23366082870568133
subj03	session32	424	-0.18115762494660398
subj03	session32	425	-0.5376861739997152
subj03	session32	426	-0.5899558593193791
subj03	session32	427	0.22181688737006977
subj03	session32	428	0.28421187526697994
subj03	session32	429	-0.05423892923252177
subj03	session32	430	0.36115335326783427
subj03	session32	431	0.7632550192225545
subj03	session32	432	0.5508500640751816
subj03	session32	433	1.106211020931226
subj03	session32	434	1.1005966111348429
subj03	session32	435	0.8026384735867862
subj03	session32	436	0.422602876263705
subj03	session32	437	0.22698561868147515
subj03	session32	438	0.11718781147657693
subj03	session32	439	0.48504485262708247
subj03	session32	440	0.6816844653282073
subj03	session32	441	0.47489961554891064
subj03	session32	442	0.44990744695998863
subj03	session32	443	0.1756357681902321
subj03	session32	444	0.31756941478000855
subj03	session32	445	0.2525857895486259
subj03	session32	446	0.3285077602164317
subj03	session32	447	0.1722739569984337
subj03	session32	448	0.2586359105795244
subj03	session32	449	0.6535412217001282
subj03	session32	450	0.24830129574256016
subj03	session32	451	0.6022540224975081
subj03	session32	452	0.31722198490673503
subj03	session32	453	0.28218709953011534
subj03	session32	454	0.14613697849921684
subj03	session32	455	0.05863306279367795
subj03	session32	456	0.002869144240353078
subj03	session32	457	0.19696995585931942
subj03	session32	458	0.13890360244909583
subj03	session32	459	0.12344297308842374
subj03	session32	460	0.15914993592481844
subj03	session32	461	0.3383539797807205
subj03	session32	462	0.2894532251174712
subj03	session32	463	0.34799943044283066
subj03	session32	464	0.2433703545493379
subj03	session32	465	0.32520290474156344
subj03	session32	466	0.2793976932934643
subj03	session32	467	0.4988124733020077
subj03	session32	468	0.1494375622953154
subj03	session32	469	0.02186387583653709
subj03	session32	470	0.11854335753951302
subj03	session32	471	0.5772120176562723
subj03	session32	472	0.6543101238786844
subj03	session32	473	0.7156514310123879
subj03	session32	474	0.7051231667378612
subj03	session32	475	0.4035198633062794
subj03	session32	476	0.12204043855902039
subj03	session32	477	0.23045137405667093
subj03	session32	478	0.4552983055674214
subj03	session32	479	0.145228534814182
subj03	session32	480	0.40151644596326347
subj03	session32	481	0.15815463477146516
subj03	session32	482	-0.12809625516161185
subj03	session32	483	0.2298875124590631
subj03	session32	484	0.039450377331624646
subj03	session32	485	-0.10237220561013811
subj03	session32	486	0.06258721344154919
subj03	session32	487	0.14236081446675208
subj03	session32	488	0.11619678200199347
subj03	session32	489	0.21988181688737007
subj03	session32	490	0.4107731738573259
subj03	session32	491	0.8164772889078742
subj03	session32	492	0.21543357539513028
subj03	session32	493	0.12466609710949737
subj03	session32	494	-0.025820874270254875
subj03	session32	495	0.6473814609141393
subj03	session32	496	0.5589861882386444
subj03	session32	497	0.7691015235654279
subj03	session32	498	0.5366168304143528
subj03	session32	499	0.25443969813470024
subj03	session32	500	0.044552185675637186
subj03	session32	501	0.1782699700982486
subj03	session32	502	-0.256685177274669
subj03	session32	503	0.2740082585789549
subj03	session32	504	0.17761925103232237
subj03	session32	505	0.4087911149081589
subj03	session32	506	0.6166182543072762
subj03	session32	507	0.8486373344724476
subj03	session32	508	0.6892097394275951
subj03	session32	509	0.3543343300583796
subj03	session32	510	0.04766481560586644
subj03	session32	511	-0.20909582799373488
subj03	session32	512	0.2295870710522569
subj03	session32	513	0.309859034600598
subj03	session32	514	0.5134871137690445
subj03	session32	515	0.39206037305994584
subj03	session32	516	-0.03336465897764486
subj03	session32	517	-0.035059091556314946
subj03	session32	518	0.05388295600170869
subj03	session32	519	-0.14542930371636054
subj03	session32	520	-0.06232806492951731
subj03	session32	521	-0.15190089705254167
subj03	session32	522	0.2876277943898619
subj03	session32	523	0.9357212017656273
subj03	session32	524	0.7139769329346434
subj03	session32	525	0.638170297593621
subj03	session32	526	0.6426911576249466
subj03	session32	527	0.544613413071337
subj03	session32	528	0.43934643314822724
subj03	session32	529	0.07762637049693863
subj03	session32	530	0.463252171436708
subj03	session32	531	0.6522839242488964
subj03	session32	532	-0.0013042859176989987
subj03	session32	533	-0.03128719920261997
subj03	session32	534	-0.17848070625088994
subj03	session32	535	-0.15310978214438276
subj03	session32	536	0.06252598604584937
subj03	session32	537	-0.23482130143813182
subj03	session32	538	0.3057382884807063
subj03	session32	539	0.609773601025203
subj03	session32	540	0.8452299587071053
subj03	session32	541	0.33389007546632493
subj03	session32	542	0.522585789548626
subj03	session32	543	0.26367364374199054
subj03	session32	544	0.1184550761782714
subj03	session32	545	0.39902178556172574
subj03	session32	546	0.3481731453794674
subj03	session32	547	0.48231382600028483
subj03	session32	548	0.45633347572262567
subj03	session32	549	0.3184109354976506
subj03	session32	550	0.3926171151929375
subj03	session32	551	0.32749822013384594
subj03	session32	552	0.1634173430158052
subj03	session32	553	0.09710522568702833
subj03	session32	554	0.1840965399401965
subj03	session32	555	0.16939342161469456
subj03	session32	556	-0.051737149366367675
subj03	session32	557	0.24625658550477006
subj03	session32	558	0.06109782144382745
subj03	session32	559	0.12848924960842942
subj03	session32	560	0.3147572262565855
subj03	session32	561	0.20751957852769473
subj03	session32	562	0.47615406521429593
subj03	session32	563	0.1549537234799943
subj03	session32	564	0.01638900754663248
subj03	session32	565	0.24740281930798808
subj03	session32	566	0.35824718781147663
subj03	session32	567	0.3111747116616831
subj03	session32	568	-0.11744980777445538
subj03	session32	569	0.07092125872134415
subj03	session32	570	-0.08114338601737148
subj03	session32	571	0.16428591769898904
subj03	session32	572	-0.04261711519293748
subj03	session32	573	0.15217143670795952
subj03	session32	574	0.4952783710664958
subj03	session32	575	0.25099102947458346
subj03	session32	576	0.12404812758080594
subj03	session32	577	0.23444539370639325
subj03	session32	578	0.37504627652000566
subj03	session32	579	0.33593478570411506
subj03	session32	580	0.4343528406663819
subj03	session32	581	0.13130713370354546
subj03	session32	582	0.6431140538231526
subj03	session32	583	0.47957140823010114
subj03	session32	584	0.31048127580805923
subj03	session32	585	-0.026675210024206197
subj03	session32	586	-0.10230528264274527
subj03	session32	587	0.12628221557738858
subj03	session32	588	0.5002221272960273
subj03	session32	589	0.7971977787270397
subj03	session32	590	0.8526683753381745
subj03	session32	591	0.17382742417770183
subj03	session32	592	-0.32815321087854193
subj03	session32	593	0.10105368076320663
subj03	session32	594	0.135894916702264
subj03	session32	595	0.3391784137832835
subj03	session32	596	0.46891214580663537
subj03	session32	597	0.45419336465897775
subj03	session32	598	0.3922511747116617
subj03	session32	599	0.3380777445536096
subj03	session32	600	0.3046504342873416
subj03	session32	601	0.631022355118895
subj03	session32	602	0.6972661255873559
subj03	session32	603	0.3790431439555745
subj03	session32	604	0.3793264986473017
subj03	session32	605	0.38321515022070335
subj03	session32	606	-0.11757511035170155
subj03	session32	607	0.22001281503630926
subj03	session32	608	0.12014238929232522
subj03	session32	609	0.0933048554748683
subj03	session32	610	0.14725331055104654
subj03	session32	611	0.29547059661113484
subj03	session32	612	0.4673615264132137
subj03	session32	613	0.38620105368076324
subj03	session32	614	0.31294603445820873
subj03	session32	615	0.4818083440125302
subj03	session32	616	0.5310123878684323
subj03	session32	617	0.18920404385590206
subj03	session32	618	-0.2255232806492952
subj03	session32	619	-0.47413640894204756
subj03	session32	620	-0.45180976790545346
subj03	session32	621	0.07375765342446246
subj03	session32	622	0.5868531966396127
subj03	session32	623	0.5281759931653139
subj03	session32	624	0.0016118467891214612
subj03	session32	625	0.25997579382030467
subj03	session32	626	0.060858607432721055
subj03	session32	627	0.09172575822298164
subj03	session32	628	0.024234657553751954
subj03	session32	629	0.18603588210166594
subj03	session32	630	-0.1878912145806635
subj03	session32	631	-0.10059803502776592
subj03	session32	632	0.0180948312686886
subj03	session32	633	0.0670881389719493
subj03	session32	634	0.27669799231097825
subj03	session32	635	0.1159404812758081
subj03	session32	636	0.5432407802933219
subj03	session32	637	0.7877488252883382
subj03	session32	638	1.169000427167877
subj03	session32	639	0.6292339456072904
subj03	session32	640	0.6141050832977359
subj03	session32	641	0.6412188523423038
subj03	session32	642	0.5473615264132137
subj03	session32	643	0.5086117043998292
subj03	session32	644	-0.057586501495087546
subj03	session32	645	-0.482094546490104
subj03	session32	646	-0.38113626655275523
subj03	session32	647	0.3843656557026912
subj03	session32	648	0.08066211020931226
subj03	session32	649	0.5080449950163748
subj03	session32	650	0.5393976932934643
subj03	session32	651	0.1377901181831126
subj03	session32	652	0.041240210736152645
subj03	session32	653	0.22725473444396985
subj03	session32	654	0.5633860173714937
subj03	session32	655	0.9188964829844795
subj03	session32	656	0.40023494233233664
subj03	session32	657	-0.36786700840096825
subj03	session32	658	0.36045564573544064
subj03	session32	659	0.7489221130570981
subj03	session32	660	0.7466695144525132
subj03	session32	661	0.24430015662822155
subj03	session32	662	0.3512843514167735
subj03	session32	663	0.42181403958422325
subj03	session32	664	0.43009397693293466
subj03	session32	665	-0.13892923252171438
subj03	session32	666	-0.2671109212587213
subj03	session32	667	-0.31307845650007116
subj03	session32	668	-0.4714139256727894
subj03	session32	669	-0.1510565285490531
subj03	session32	670	0.15979211163320514
subj03	session32	671	0.5909853339028905
subj03	session32	672	0.4459917414210451
subj03	session32	673	0.2676078598889363
subj03	session32	674	0.5981176135554607
subj03	session32	675	0.9628520575252741
subj03	session32	676	0.7559988608856615
subj03	session32	677	0.17835540367364372
subj03	session32	678	0.8086173999715222
subj03	session32	679	0.7311818311262993
subj03	session32	680	0.8232706820447102
subj03	session32	681	0.3750847216289335
subj03	session32	682	0.10752812188523422
subj03	session32	683	0.09237647728890787
subj03	session32	684	-0.0631254449665385
subj03	session32	685	0.10169016089990031
subj03	session32	686	0.133777587925388
subj03	session32	687	-0.5871693008685746
subj03	session32	688	0.20793108358251455
subj03	session32	689	0.12985761070767482
subj03	session32	690	-0.10338316958564715
subj03	session32	691	0.24953723479994303
subj03	session32	692	-0.3358109070197921
subj03	session32	693	-0.07986473017229105
subj03	session32	694	0.7129659689591343
subj03	session32	695	0.6151487968104797
subj03	session32	696	0.472145806635341
subj03	session32	697	-0.08805069058806782
subj03	session32	698	0.5322355118895059
subj03	session32	699	0.5549864730172291
subj03	session32	700	-0.20924676064359962
subj03	session32	701	-0.2086686601167592
subj03	session32	702	0.07068916417485406
subj03	session32	703	0.06542503203759076
subj03	session32	704	0.008519151359817751
subj03	session32	705	0.23016374768617398
subj03	session32	706	0.17976648156058667
subj03	session32	707	0.27884095116047275
subj03	session32	708	0.21992880535383735
subj03	session32	709	0.11841093549765054
subj03	session32	710	0.4960088281361242
subj03	session32	711	0.565222839242489
subj03	session32	712	0.5979453225117471
subj03	session32	713	0.19473017229104372
subj03	session32	714	0.3710365940481276
subj03	session32	715	0.6393606720774597
subj03	session32	716	0.7787441264416916
subj03	session32	717	0.259367791542076
subj03	session32	718	-0.1374070909867578
subj03	session32	719	0.2783881532108785
subj03	session32	720	0.3275964687455504
subj03	session32	721	0.306216716502919
subj03	session32	722	0.5237163605296882
subj03	session32	723	0.6791613270682044
subj03	session32	724	0.6521201765627226
subj03	session32	725	0.5347842802221272
subj03	session32	726	0.40292894774312965
subj03	session32	727	0.2869030328919266
subj03	session32	728	0.1533433005837961
subj03	session32	729	0.29701409653994015
subj03	session32	730	0.3693307703260714
subj03	session32	731	-0.10281503630926954
subj03	session32	732	-0.26359532963121174
subj03	session32	733	-0.19263135412217
subj03	session32	734	0.49136408942047555
subj03	session32	735	0.7841036594048127
subj03	session32	736	-0.07537804357112345
subj03	session32	737	0.09607859888936353
subj03	session32	738	-0.26286487256158336
subj03	session32	739	-0.22193222269685317
subj03	session32	740	0.3330257724619109
subj03	session32	741	0.20830983910009968
subj03	session32	742	0.08434002563007259
subj03	session32	743	0.1666695144525132
subj03	session32	744	0.6015634344297309
subj03	session32	745	0.6366025914851203
subj03	session32	746	0.3264231809767905
subj03	session32	747	0.331157624946604
subj03	session32	748	0.2381845365228534
subj03	session32	749	0.004727324505197208
